cod_ine,nombre,score_asequibilidad,asequibilidad_disponible,score_turismo,turismo_disponible,score_especulacion,especulacion_disponible,score_gentrificacion,gentrificacion_disponible,anio_base,horizonte_climatico,escenario_climatico,tipo_valor_climatico,score_riesgo_futuro,riesgo_futuro_elegible_origen,version_riesgo_futuro,riesgo_futuro_disponible,capas_actuales_disponibles,capas_ipr5_disponibles,elegible_ipr4_observado,elegible_ipr5_prospectivo,motivo_no_elegible_ipr5,anio_corte,fecha_turismo,tipo_producto
01059,Vitoria,20.983606557377048,True,29.18032786885246,True,33.224043715846996,True,38.142076502732245,True,2023,2041-2060,SSP2-4.5,ANOMALY,22.049413443929836,True,2.0,True,4,5,True,True,,2023,2023-08-01,corte_ipr5_prospectivo
02003,Albacete,57.704918032786885,True,29.83606557377049,True,79.01639344262294,True,60.54644808743169,True,2023,2041-2060,SSP2-4.5,ANOMALY,66.57902679223477,True,2.0,True,4,5,True,True,,2023,2023-08-01,corte_ipr5_prospectivo
02009,Almansa,95.7377049180328,True,15.57377049180328,True,12.677595628415302,True,31.475409836065577,True,2023,2041-2060,SSP2-4.5,ANOMALY,63.97296927842331,True,2.0,True,4,5,True,True,,2023,2023-08-01,corte_ipr5_prospectivo
02037,Hellín,94.75409836065572,True,10.81967213114754,True,26.99453551912568,True,34.42622950819672,True,2023,2041-2060,SSP2-4.5,ANOMALY,65.77013579937646,True,2.0,True,4,5,True,True,,2023,2023-08-01,corte_ipr5_prospectivo
02081,Villarrobledo,99.67213114754098,True,23.442622950819672,True,19.234972677595625,True,22.240437158469945,True,2023,2041-2060,SSP2-4.5,ANOMALY,64.92305520400596,True,2.0,True,4,5,True,True,,2023,2023-08-01,corte_ipr5_prospectivo
03009,Alcoy/Alcoi,94.42622950819673,True,39.50819672131148,True,74.86338797814209,True,42.95081967213115,True,2023,2041-2060,SSP2-4.5,ANOMALY,55.56110012878288,True,2.0,True,4,5,True,True,,2023,2023-08-01,corte_ipr5_prospectivo
03014,Alicante/Alacant,40.98360655737705,True,83.60655737704917,True,83.82513661202186,True,50.76502732240437,True,2023,2041-2060,SSP2-4.5,ANOMALY,65.12345496672117,True,2.0,True,4,5,True,True,,2023,2023-08-01,corte_ipr5_prospectivo
03031,Benidorm,2.295081967213114,True,96.0655737704918,True,56.83060109289617,True,47.81420765027323,True,2023,2041-2060,SSP2-4.5,ANOMALY,55.86400241734833,True,2.0,True,4,5,True,True,,2023,2023-08-01,corte_ipr5_prospectivo
03047,Calpe/Calp,5.573770491803279,True,99.50819672131146,True,72.45901639344261,True,53.00546448087432,True,2023,2041-2060,SSP2-4.5,ANOMALY,56.0781753367811,True,2.0,True,4,5,True,True,,2023,2023-08-01,corte_ipr5_prospectivo
03050,"Campello, el",12.459016393442624,True,92.78688524590164,True,74.86338797814209,True,56.83060109289618,True,2023,2041-2060,SSP2-4.5,ANOMALY,73.53164694387146,True,2.0,True,4,5,True,True,,2023,2023-08-01,corte_ipr5_prospectivo
03059,Crevillent,87.8688524590164,True,25.901639344262293,True,75.95628415300547,True,54.64480874316939,True,2023,2041-2060,SSP2-4.5,ANOMALY,63.000957655612,True,2.0,True,4,5,True,True,,2023,2023-08-01,corte_ipr5_prospectivo
03063,Dénia,14.098360655737704,True,97.54098360655738,True,83.93442622950819,True,54.42622950819672,True,2023,2041-2060,SSP2-4.5,ANOMALY,53.97915791522375,True,2.0,True,4,5,True,True,,2023,2023-08-01,corte_ipr5_prospectivo
03065,Elche/Elx,64.59016393442623,True,58.36065573770492,True,88.74316939890711,True,62.841530054644814,True,2023,2041-2060,SSP2-4.5,ANOMALY,65.08358815616961,True,2.0,True,4,5,True,True,,2023,2023-08-01,corte_ipr5_prospectivo
03066,Elda,92.1311475409836,True,24.59016393442623,True,86.33879781420767,True,45.35519125683061,True,2023,2041-2060,SSP2-4.5,ANOMALY,62.61803684052164,True,2.0,True,4,5,True,True,,2023,2023-08-01,corte_ipr5_prospectivo
03082,Jávea/Xábia,4.262295081967213,True,97.04918032786884,True,42.404371584699454,True,58.251366120218584,True,2023,2041-2060,SSP2-4.5,ANOMALY,64.11639077003619,True,2.0,True,4,5,True,True,,2023,2023-08-01,corte_ipr5_prospectivo
03093,Novelda,96.0655737704918,True,22.295081967213115,True,79.78142076502732,True,30.382513661202186,True,2023,2041-2060,SSP2-4.5,ANOMALY,61.295894356865006,True,2.0,True,4,5,True,True,,2023,2023-08-01,corte_ipr5_prospectivo
03099,Orihuela,34.75409836065574,True,84.91803278688525,True,50.16393442622951,True,56.39344262295083,True,2023,2041-2060,SSP2-4.5,ANOMALY,64.77907464304663,True,2.0,True,4,5,True,True,,2023,2023-08-01,corte_ipr5_prospectivo
03104,Petrer,93.77049180327867,True,21.9672131147541,True,10.601092896174864,True,56.229508196721305,True,2023,2041-2060,SSP2-4.5,ANOMALY,53.30819234798767,True,2.0,True,4,5,True,True,,2023,2023-08-01,corte_ipr5_prospectivo
03121,Santa Pola,19.34426229508197,True,94.09836065573772,True,52.34972677595628,True,51.256830601092894,True,2023,2041-2060,SSP2-4.5,ANOMALY,62.792501002859424,True,2.0,True,4,5,True,True,,2023,2023-08-01,corte_ipr5_prospectivo
03122,San Vicente del Raspeig,59.67213114754098,True,56.721311475409834,True,67.10382513661203,True,59.34426229508196,True,2023,2041-2060,SSP2-4.5,ANOMALY,70.41163564995455,True,2.0,True,4,5,True,True,,2023,2023-08-01,corte_ipr5_prospectivo
03133,Torrevieja,9.18032786885246,True,97.37704918032787,True,75.08196721311475,True,46.88524590163934,True,2023,2041-2060,SSP2-4.5,ANOMALY,53.140604789761404,True,2.0,True,4,5,True,True,,2023,2023-08-01,corte_ipr5_prospectivo
03139,Villajoyosa/Vila Joiosa (La),31.80327868852459,True,86.88524590163934,True,78.5792349726776,True,53.989071038251375,True,2023,2041-2060,SSP2-4.5,ANOMALY,54.63765286013459,True,2.0,True,4,5,True,True,,2023,2023-08-01,corte_ipr5_prospectivo
03140,Villena,98.0327868852459,True,29.34426229508197,True,75.95628415300547,True,41.857923497267755,True,2023,2041-2060,SSP2-4.5,ANOMALY,65.67316386575737,True,2.0,True,4,5,True,True,,2023,2023-08-01,corte_ipr5_prospectivo
04013,Almería,52.78688524590164,True,66.88524590163934,True,65.02732240437159,True,50.81967213114754,True,2023,2041-2060,SSP2-4.5,ANOMALY,65.62351922389104,True,2.0,True,4,5,True,True,,2023,2023-08-01,corte_ipr5_prospectivo
04066,Nijar,54.09836065573771,True,70.49180327868854,True,73.44262295081967,True,21.74863387978142,True,2023,2041-2060,SSP2-4.5,ANOMALY,63.186407556182814,True,2.0,True,4,5,True,True,,2023,2023-08-01,corte_ipr5_prospectivo
04079,Roquetas de Mar,53.77049180327869,True,83.11475409836066,True,45.35519125683061,True,46.33879781420765,True,2023,2041-2060,SSP2-4.5,ANOMALY,52.65255771029134,True,2.0,True,4,5,True,True,,2023,2023-08-01,corte_ipr5_prospectivo
04902,Ejido (El),67.21311475409836,True,42.62295081967213,True,62.40437158469945,True,40.65573770491803,True,2023,2041-2060,SSP2-4.5,ANOMALY,48.51662534387177,True,2.0,True,4,5,True,True,,2023,2023-08-01,corte_ipr5_prospectivo
05019,Ávila,75.40983606557377,True,47.37704918032787,True,49.61748633879781,True,47.21311475409836,True,2023,2041-2060,SSP2-4.5,ANOMALY,47.84229538630964,True,2.0,True,4,5,True,True,,2023,2023-08-01,corte_ipr5_prospectivo
06011,Almendralejo,85.24590163934427,True,0.1639344262295081,True,35.30054644808743,True,45.68306010928961,True,2023,2041-2060,SSP2-4.5,ANOMALY,54.80475168024507,True,2.0,True,4,5,True,True,,2023,2023-08-01,corte_ipr5_prospectivo
06015,Badajoz,54.75409836065574,True,4.918032786885246,True,67.43169398907104,True,63.82513661202186,True,2023,2041-2060,SSP2-4.5,ANOMALY,58.30780271296968,True,2.0,True,4,5,True,True,,2023,2023-08-01,corte_ipr5_prospectivo
06044,Don Benito,84.91803278688525,True,2.459016393442623,True,62.185792349726775,True,61.4207650273224,True,2023,2041-2060,SSP2-4.5,ANOMALY,62.95641241159524,True,2.0,True,4,5,True,True,,2023,2023-08-01,corte_ipr5_prospectivo
06083,Mérida,86.55737704918033,True,40.1639344262295,True,56.17486338797814,True,41.256830601092894,True,2023,2041-2060,SSP2-4.5,ANOMALY,60.285598248317584,True,2.0,True,4,5,True,True,,2023,2023-08-01,corte_ipr5_prospectivo
06153,Villanueva de la Serena,90.81967213114754,True,19.50819672131148,True,35.95628415300546,True,54.97267759562842,True,2023,2041-2060,SSP2-4.5,ANOMALY,69.57811312561068,True,2.0,True,4,5,True,True,,2023,2023-08-01,corte_ipr5_prospectivo
07011,Calvià,0.3278688524590163,True,74.26229508196721,True,82.40437158469945,True,59.071038251366126,True,2023,2041-2060,SSP2-4.5,ANOMALY,53.12380278662566,True,2.0,True,4,5,True,True,,2023,2023-08-01,corte_ipr5_prospectivo
07015,Ciutadella de Menorca,7.213114754098361,True,86.88524590163934,True,52.459016393442624,True,86.99453551912568,True,2023,2041-2060,SSP2-4.5,ANOMALY,77.44207718046955,True,2.0,True,4,5,True,True,,2023,2023-08-01,corte_ipr5_prospectivo
07026,Eivissa,0.6557377049180327,True,89.34426229508196,True,41.63934426229508,True,41.31147540983607,True,2023,2041-2060,SSP2-4.5,ANOMALY,60.072814434628334,True,2.0,True,4,5,True,True,,2023,2023-08-01,corte_ipr5_prospectivo
07027,Inca,38.68852459016394,True,74.26229508196721,True,76.72131147540983,True,57.4863387978142,True,2023,2041-2060,SSP2-4.5,ANOMALY,62.41708516945798,True,2.0,True,4,5,True,True,,2023,2023-08-01,corte_ipr5_prospectivo
07031,Llucmajor,11.80327868852459,True,70.98360655737704,True,55.51912568306011,True,62.40437158469945,True,2023,2041-2060,SSP2-4.5,ANOMALY,61.913057555626565,True,2.0,True,4,5,True,True,,2023,2023-08-01,corte_ipr5_prospectivo
07032,Mahón,32.78688524590164,True,61.803278688524586,True,65.02732240437159,True,75.51912568306011,True,2023,2041-2060,SSP2-4.5,ANOMALY,70.11547569678748,True,2.0,True,4,5,True,True,,2023,2023-08-01,corte_ipr5_prospectivo
07033,Manacor,35.08196721311475,True,78.19672131147541,True,70.1639344262295,True,67.21311475409837,True,2023,2041-2060,SSP2-4.5,ANOMALY,56.320915779118494,True,2.0,True,4,5,True,True,,2023,2023-08-01,corte_ipr5_prospectivo
07036,Marratxí,27.868852459016395,True,60.65573770491803,True,36.28415300546448,True,59.78142076502732,True,2023,2041-2060,SSP2-4.5,ANOMALY,58.80944545870605,True,2.0,True,4,5,True,True,,2023,2023-08-01,corte_ipr5_prospectivo
07040,Palma de Mallorca,15.081967213114757,True,64.59016393442623,True,76.6120218579235,True,55.73770491803278,True,2023,2041-2060,SSP2-4.5,ANOMALY,56.58711040813981,True,2.0,True,4,5,True,True,,2023,2023-08-01,corte_ipr5_prospectivo
07054,Santa Eulalia del Río,0.0,True,83.60655737704917,True,29.398907103825135,True,49.89071038251367,True,2023,2041-2060,SSP2-4.5,ANOMALY,63.07705285033936,True,2.0,True,4,5,True,True,,2023,2023-08-01,corte_ipr5_prospectivo
08015,Badalona,15.40983606557377,True,57.70491803278688,True,53.333333333333336,True,44.8087431693989,True,2023,2041-2060,SSP2-4.5,ANOMALY,41.80669346158682,True,2.0,True,4,5,True,True,,2023,2023-08-01,corte_ipr5_prospectivo
08019,Barcelona,2.622950819672131,True,83.77049180327869,True,17.81420765027322,True,30.163934426229513,True,2023,2041-2060,SSP2-4.5,ANOMALY,27.173080171592854,True,2.0,True,4,5,True,True,,2023,2023-08-01,corte_ipr5_prospectivo
08056,Castelldefels,6.229508196721311,True,77.21311475409836,True,39.34426229508197,True,42.185792349726775,True,2023,2041-2060,SSP2-4.5,ANOMALY,47.03742069034835,True,2.0,True,4,5,True,True,,2023,2023-08-01,corte_ipr5_prospectivo
08073,Cornellà de Llobregat,8.852459016393443,True,59.18032786885246,True,39.34426229508196,True,47.540983606557376,True,2023,2041-2060,SSP2-4.5,ANOMALY,44.05124819392597,True,2.0,True,4,5,True,True,,2023,2023-08-01,corte_ipr5_prospectivo
08077,Esplugues de Llobregat,10.81967213114754,True,63.114754098360656,True,36.17486338797814,True,33.551912568306015,True,2023,2041-2060,SSP2-4.5,ANOMALY,39.67750803406435,True,2.0,True,4,5,True,True,,2023,2023-08-01,corte_ipr5_prospectivo
08089,Gavà,12.78688524590164,True,54.75409836065573,True,32.34972677595629,True,31.80327868852459,True,2023,2041-2060,SSP2-4.5,ANOMALY,40.18028426348943,True,2.0,True,4,5,True,True,,2023,2023-08-01,corte_ipr5_prospectivo
08096,Granollers,35.73770491803279,True,24.59016393442623,True,51.91256830601093,True,45.9016393442623,True,2023,2041-2060,SSP2-4.5,ANOMALY,38.71841996670392,True,2.0,True,4,5,True,True,,2023,2023-08-01,corte_ipr5_prospectivo
08101,Hospitalet de Llobregat (L'),7.868852459016393,True,74.91803278688525,True,56.6120218579235,True,37.377049180327866,True,2023,2041-2060,SSP2-4.5,ANOMALY,38.62805891301931,True,2.0,True,4,5,True,True,,2023,2023-08-01,corte_ipr5_prospectivo
08102,Igualada,65.57377049180327,True,30.0,True,50.1639344262295,True,53.00546448087432,True,2023,2041-2060,SSP2-4.5,ANOMALY,44.114884147199945,True,2.0,True,4,5,True,True,,2023,2023-08-01,corte_ipr5_prospectivo
08113,Manresa,74.75409836065573,True,43.606557377049185,True,55.08196721311475,True,49.07103825136611,True,2023,2041-2060,SSP2-4.5,ANOMALY,51.18320121931337,True,2.0,True,4,5,True,True,,2023,2023-08-01,corte_ipr5_prospectivo
08114,Martorell,43.278688524590166,True,21.63934426229508,True,38.251366120218584,True,50.05464480874317,True,2023,2041-2060,SSP2-4.5,ANOMALY,65.44922308925712,True,2.0,True,4,5,True,True,,2023,2023-08-01,corte_ipr5_prospectivo
08121,Mataró,22.62295081967213,True,58.36065573770492,True,63.278688524590166,True,65.02732240437159,True,2023,2041-2060,SSP2-4.5,ANOMALY,37.15881674225996,True,2.0,True,4,5,True,True,,2023,2023-08-01,corte_ipr5_prospectivo
08124,Mollet del Vallès,27.540983606557376,True,21.639344262295083,True,50.05464480874317,True,54.37158469945356,True,2023,2041-2060,SSP2-4.5,ANOMALY,52.23387691702155,True,2.0,True,4,5,True,True,,2023,2023-08-01,corte_ipr5_prospectivo
08125,Montcada i Reixac,29.18032786885246,True,17.704918032786885,True,39.12568306010929,True,23.27868852459017,True,2023,2041-2060,SSP2-4.5,ANOMALY,35.36396143342209,True,2.0,True,4,5,True,True,,2023,2023-08-01,corte_ipr5_prospectivo
08163,Pineda de Mar,26.557377049180328,True,86.0655737704918,True,50.38251366120218,True,47.267759562841526,True,2023,2041-2060,SSP2-4.5,ANOMALY,25.084138530018457,True,2.0,True,4,5,True,True,,2023,2023-08-01,corte_ipr5_prospectivo
08169,Prat de Llobregat (El),12.131147540983608,True,38.36065573770492,True,53.333333333333336,True,46.77595628415301,True,2023,2041-2060,SSP2-4.5,ANOMALY,41.702835972608675,True,2.0,True,4,5,True,True,,2023,2023-08-01,corte_ipr5_prospectivo
08172,Premià de Mar,17.704918032786885,True,69.34426229508196,True,26.010928961748633,True,54.31693989071039,True,2023,2041-2060,SSP2-4.5,ANOMALY,27.703229316000648,True,2.0,True,4,5,True,True,,2023,2023-08-01,corte_ipr5_prospectivo
08180,Ripollet,22.295081967213115,True,21.967213114754095,True,61.967213114754095,True,54.53551912568306,True,2023,2041-2060,SSP2-4.5,ANOMALY,43.31997577025165,True,2.0,True,4,5,True,True,,2023,2023-08-01,corte_ipr5_prospectivo
08184,Rubí,33.77049180327869,True,34.42622950819672,True,51.147540983606554,True,22.404371584699454,True,2023,2041-2060,SSP2-4.5,ANOMALY,43.20127736859921,True,2.0,True,4,5,True,True,,2023,2023-08-01,corte_ipr5_prospectivo
08187,Sabadell,33.114754098360656,True,30.49180327868853,True,65.68306010928961,True,52.295081967213115,True,2023,2041-2060,SSP2-4.5,ANOMALY,37.30824273072384,True,2.0,True,4,5,True,True,,2023,2023-08-01,corte_ipr5_prospectivo
08194,Sant Adrià de Besòs,11.475409836065571,True,83.11475409836066,True,70.49180327868852,True,48.52459016393442,True,2023,2041-2060,SSP2-4.5,ANOMALY,31.71922647410743,True,2.0,True,4,5,True,True,,2023,2023-08-01,corte_ipr5_prospectivo
08196,Sant Andreu de la Barca,24.918032786885245,True,11.803278688524587,True,22.07650273224044,True,31.69398907103825,True,2023,2041-2060,SSP2-4.5,ANOMALY,35.47215286071002,True,2.0,True,4,5,True,True,,2023,2023-08-01,corte_ipr5_prospectivo
08200,Sant Boi de Llobregat,15.737704918032788,True,16.885245901639344,True,46.88524590163934,True,49.28961748633879,True,2023,2041-2060,SSP2-4.5,ANOMALY,40.14221972269291,True,2.0,True,4,5,True,True,,2023,2023-08-01,corte_ipr5_prospectivo
08205,Sant Cugat del Vallès,20.65573770491803,True,46.22950819672131,True,32.34972677595628,True,44.8087431693989,True,2023,2041-2060,SSP2-4.5,ANOMALY,42.4833653212558,True,2.0,True,4,5,True,True,,2023,2023-08-01,corte_ipr5_prospectivo
08211,Sant Feliu de Llobregat,13.442622950819672,True,18.36065573770492,True,66.33879781420765,True,42.622950819672134,True,2023,2041-2060,SSP2-4.5,ANOMALY,43.67607711320733,True,2.0,True,4,5,True,True,,2023,2023-08-01,corte_ipr5_prospectivo
08217,Sant Joan Despí,13.114754098360656,True,31.80327868852459,True,66.99453551912569,True,52.78688524590164,True,2023,2041-2060,SSP2-4.5,ANOMALY,44.94382363280243,True,2.0,True,4,5,True,True,,2023,2023-08-01,corte_ipr5_prospectivo
08231,Sant Pere de Ribes,28.852459016393443,True,70.98360655737704,True,44.59016393442624,True,77.26775956284153,True,2023,2041-2060,SSP2-4.5,ANOMALY,36.88343723813605,True,2.0,True,4,5,True,True,,2023,2023-08-01,corte_ipr5_prospectivo
08245,Santa Coloma Gramanet,17.37704918032787,True,40.81967213114754,True,50.49180327868853,True,58.196721311475414,True,2023,2041-2060,SSP2-4.5,ANOMALY,31.290769895522317,True,2.0,True,4,5,True,True,,2023,2023-08-01,corte_ipr5_prospectivo
08252,Barberà del Vallès,30.49180327868853,True,31.311475409836067,True,63.060109289617486,True,33.98907103825137,True,2023,2041-2060,SSP2-4.5,ANOMALY,41.55081284360802,True,2.0,True,4,5,True,True,,2023,2023-08-01,corte_ipr5_prospectivo
08260,Santa Perpètua de Mogoda,37.704918032786885,True,7.868852459016393,True,41.63934426229508,True,38.36065573770493,True,2023,2041-2060,SSP2-4.5,ANOMALY,36.4948431223537,True,2.0,True,4,5,True,True,,2023,2023-08-01,corte_ipr5_prospectivo
08263,Sant Vicenç dels Horts,36.721311475409834,True,17.049180327868854,True,13.989071038251367,True,23.93442622950819,True,2023,2041-2060,SSP2-4.5,ANOMALY,36.050588359107174,True,2.0,True,4,5,True,True,,2023,2023-08-01,corte_ipr5_prospectivo
08266,Cerdanyola del Vallès,25.24590163934426,True,29.01639344262295,True,55.51912568306011,True,47.65027322404372,True,2023,2041-2060,SSP2-4.5,ANOMALY,35.952415935317774,True,2.0,True,4,5,True,True,,2023,2023-08-01,corte_ipr5_prospectivo
08270,Sitges,2.9508196721311477,True,90.0,True,48.08743169398907,True,41.20218579234973,True,2023,2041-2060,SSP2-4.5,ANOMALY,28.482900879383347,True,2.0,True,4,5,True,True,,2023,2023-08-01,corte_ipr5_prospectivo
08279,Terrassa,38.36065573770492,True,36.55737704918032,True,65.24590163934427,True,46.12021857923497,True,2023,2041-2060,SSP2-4.5,ANOMALY,40.22392696600406,True,2.0,True,4,5,True,True,,2023,2023-08-01,corte_ipr5_prospectivo
08298,Vic,56.0655737704918,True,42.131147540983605,True,75.19125683060109,True,32.78688524590164,True,2023,2041-2060,SSP2-4.5,ANOMALY,49.65306422302723,True,2.0,True,4,5,True,True,,2023,2023-08-01,corte_ipr5_prospectivo
08301,Viladecans,17.049180327868854,True,24.91803278688525,True,51.58469945355191,True,46.99453551912568,True,2023,2041-2060,SSP2-4.5,ANOMALY,39.987973871052674,True,2.0,True,4,5,True,True,,2023,2023-08-01,corte_ipr5_prospectivo
08305,Vilafranca del Penedès,49.18032786885246,True,36.393442622950815,True,51.147540983606554,True,35.02732240437159,True,2023,2041-2060,SSP2-4.5,ANOMALY,49.260240770656374,True,2.0,True,4,5,True,True,,2023,2023-08-01,corte_ipr5_prospectivo
08307,Vilanova i la Geltrú,29.50819672131147,True,68.36065573770492,True,78.14207650273225,True,52.34972677595628,True,2023,2041-2060,SSP2-4.5,ANOMALY,38.771115705232354,True,2.0,True,4,5,True,True,,2023,2023-08-01,corte_ipr5_prospectivo
09018,Aranda de Duero,71.80327868852459,True,39.34426229508197,True,37.377049180327866,True,47.10382513661202,True,2023,2041-2060,SSP2-4.5,ANOMALY,37.93901796374719,True,2.0,True,4,5,True,True,,2023,2023-08-01,corte_ipr5_prospectivo
09059,Burgos,54.42622950819672,True,55.57377049180327,True,44.15300546448088,True,46.229508196721305,True,2023,2041-2060,SSP2-4.5,ANOMALY,37.22587846584313,True,2.0,True,4,5,True,True,,2023,2023-08-01,corte_ipr5_prospectivo
09219,Miranda de Ebro,83.27868852459017,True,0.819672131147541,True,28.96174863387978,True,41.4207650273224,True,2023,2041-2060,SSP2-4.5,ANOMALY,30.498901106489285,True,2.0,True,4,5,True,True,,2023,2023-08-01,corte_ipr5_prospectivo
10037,Cáceres,71.47540983606558,True,32.622950819672134,True,48.63387978142077,True,45.02732240437158,True,2023,2041-2060,SSP2-4.5,ANOMALY,60.04758994693061,True,2.0,True,4,5,True,True,,2023,2023-08-01,corte_ipr5_prospectivo
10148,Plasencia,83.93442622950819,True,38.19672131147541,True,31.038251366120218,True,44.69945355191257,True,2023,2041-2060,SSP2-4.5,ANOMALY,72.21594731244546,True,2.0,True,4,5,True,True,,2023,2023-08-01,corte_ipr5_prospectivo
11004,Algeciras,66.88524590163935,True,44.91803278688525,True,63.715846994535525,True,65.19125683060109,True,2023,2041-2060,SSP2-4.5,ANOMALY,63.86132855183264,True,2.0,True,4,5,True,True,,2023,2023-08-01,corte_ipr5_prospectivo
11006,Arcos de la frontera,70.1639344262295,True,51.47540983606557,True,20.546448087431695,True,63.71584699453552,True,2023,2041-2060,SSP2-4.5,ANOMALY,49.67460476086167,True,2.0,True,4,5,True,True,,2023,2023-08-01,corte_ipr5_prospectivo
11012,Cádiz,8.524590163934427,True,91.96721311475407,True,36.939890710382514,True,70.92896174863388,True,2023,2041-2060,SSP2-4.5,ANOMALY,,False,2.0,False,4,4,True,False,sin_score_riesgo_futuro,2023,2023-08-01,corte_ipr5_prospectivo
11015,Chiclana de la Frontera,27.21311475409836,True,84.59016393442623,True,60.54644808743169,True,68.74316939890709,True,2023,2041-2060,SSP2-4.5,ANOMALY,47.48478844173997,True,2.0,True,4,5,True,True,,2023,2023-08-01,corte_ipr5_prospectivo
11020,Jerez de la Frontera,53.44262295081968,True,51.47540983606557,True,84.26229508196722,True,76.39344262295083,True,2023,2041-2060,SSP2-4.5,ANOMALY,62.26172936312257,True,2.0,True,4,5,True,True,,2023,2023-08-01,corte_ipr5_prospectivo
11022,Línea de la Concepción (La),47.868852459016395,True,49.18032786885246,True,67.97814207650273,True,54.6448087431694,True,2023,2041-2060,SSP2-4.5,ANOMALY,57.46562177475362,True,2.0,True,4,5,True,True,,2023,2023-08-01,corte_ipr5_prospectivo
11027,Puerto de Santa María,25.901639344262296,True,80.65573770491804,True,71.36612021857923,True,83.82513661202186,True,2023,2041-2060,SSP2-4.5,ANOMALY,51.234946846852715,True,2.0,True,4,5,True,True,,2023,2023-08-01,corte_ipr5_prospectivo
11028,Puerto Real,45.90163934426229,True,42.62295081967213,True,65.24590163934427,True,69.6174863387978,True,2023,2041-2060,SSP2-4.5,ANOMALY,57.35029697042469,True,2.0,True,4,5,True,True,,2023,2023-08-01,corte_ipr5_prospectivo
11030,Rota,8.19672131147541,True,80.49180327868852,True,68.74316939890711,True,75.95628415300546,True,2023,2041-2060,SSP2-4.5,ANOMALY,52.67217807765309,True,2.0,True,4,5,True,True,,2023,2023-08-01,corte_ipr5_prospectivo
11031,San Fernando,43.9344262295082,True,59.50819672131148,True,57.04918032786886,True,67.43169398907104,True,2023,2041-2060,SSP2-4.5,ANOMALY,,False,2.0,False,4,4,True,False,sin_score_riesgo_futuro,2023,2023-08-01,corte_ipr5_prospectivo
11032,Sanlúcar de Barrameda,23.9344262295082,True,75.57377049180329,True,57.595628415300546,True,52.513661202185794,True,2023,2041-2060,SSP2-4.5,ANOMALY,42.429778805721995,True,2.0,True,4,5,True,True,,2023,2023-08-01,corte_ipr5_prospectivo
11033,San Roque,37.049180327868854,True,77.21311475409837,True,89.28961748633878,True,71.03825136612022,True,2023,2041-2060,SSP2-4.5,ANOMALY,62.41465068587655,True,2.0,True,4,5,True,True,,2023,2023-08-01,corte_ipr5_prospectivo
12009,Almazora/Almassora,89.18032786885246,True,30.98360655737705,True,69.6174863387978,True,10.273224043715848,True,2023,2041-2060,SSP2-4.5,ANOMALY,53.23265660623168,True,2.0,True,4,5,True,True,,2023,2023-08-01,corte_ipr5_prospectivo
12027,Benicarló,78.36065573770492,True,76.22950819672131,True,77.04918032786885,True,37.59562841530055,True,2023,2041-2060,SSP2-4.5,ANOMALY,53.67994788839431,True,2.0,True,4,5,True,True,,2023,2023-08-01,corte_ipr5_prospectivo
12032,Burriana,91.8032786885246,True,58.36065573770492,True,61.20218579234973,True,43.16939890710382,True,2023,2041-2060,SSP2-4.5,ANOMALY,51.49235301316256,True,2.0,True,4,5,True,True,,2023,2023-08-01,corte_ipr5_prospectivo
12040,Castellón de la Plana,82.29508196721312,True,62.29508196721312,True,72.24043715846994,True,44.69945355191257,True,2023,2041-2060,SSP2-4.5,ANOMALY,53.807209309195144,True,2.0,True,4,5,True,True,,2023,2023-08-01,corte_ipr5_prospectivo
12084,Onda,97.04918032786884,True,11.475409836065571,True,87.43169398907105,True,24.262295081967213,True,2023,2041-2060,SSP2-4.5,ANOMALY,56.756703940940184,True,2.0,True,4,5,True,True,,2023,2023-08-01,corte_ipr5_prospectivo
12126,Vall d'Uixó (la),97.37704918032787,True,21.147540983606557,True,33.98907103825137,True,31.69398907103825,True,2023,2041-2060,SSP2-4.5,ANOMALY,37.595532764826814,True,2.0,True,4,5,True,True,,2023,2023-08-01,corte_ipr5_prospectivo
12135,Villarreal/Vila-real,96.72131147540983,True,26.0655737704918,True,43.278688524590166,True,30.382513661202186,True,2023,2041-2060,SSP2-4.5,ANOMALY,53.39247473734163,True,2.0,True,4,5,True,True,,2023,2023-08-01,corte_ipr5_prospectivo
12138,Vinaròs,64.91803278688525,True,81.31147540983606,True,30.163934426229503,True,45.46448087431694,True,2023,2041-2060,SSP2-4.5,ANOMALY,51.58183863483757,True,2.0,True,4,5,True,True,,2023,2023-08-01,corte_ipr5_prospectivo
13005,Alcázar de San Juan,97.70491803278688,True,19.34426229508197,True,41.4207650273224,True,25.573770491803277,True,2023,2041-2060,SSP2-4.5,ANOMALY,63.092948859348915,True,2.0,True,4,5,True,True,,2023,2023-08-01,corte_ipr5_prospectivo
13034,Ciudad Real,86.88524590163935,True,31.639344262295083,True,31.366120218579237,True,39.45355191256831,True,2023,2041-2060,SSP2-4.5,ANOMALY,72.04495853590326,True,2.0,True,4,5,True,True,,2023,2023-08-01,corte_ipr5_prospectivo
13071,Puertollano,100.0,True,7.540983606557377,True,52.56830601092897,True,35.84699453551912,True,2023,2041-2060,SSP2-4.5,ANOMALY,65.40036564567458,True,2.0,True,4,5,True,True,,2023,2023-08-01,corte_ipr5_prospectivo
13082,Tomelloso,99.34426229508196,True,17.049180327868854,True,18.25136612021858,True,29.78142076502732,True,2023,2041-2060,SSP2-4.5,ANOMALY,55.32202586168865,True,2.0,True,4,5,True,True,,2023,2023-08-01,corte_ipr5_prospectivo
13087,Valdepeñas,95.40983606557376,True,23.114754098360656,True,10.710382513661202,True,37.15846994535519,True,2023,2041-2060,SSP2-4.5,ANOMALY,66.7241230622627,True,2.0,True,4,5,True,True,,2023,2023-08-01,corte_ipr5_prospectivo
14021,Córdoba,51.47540983606557,True,59.01639344262295,True,42.07650273224044,True,50.38251366120218,True,2023,2041-2060,SSP2-4.5,ANOMALY,60.58176945448157,True,2.0,True,4,5,True,True,,2023,2023-08-01,corte_ipr5_prospectivo
14038,Lucena,80.98360655737704,True,26.393442622950825,True,57.704918032786885,True,52.34972677595628,True,2023,2041-2060,SSP2-4.5,ANOMALY,70.30778353172495,True,2.0,True,4,5,True,True,,2023,2023-08-01,corte_ipr5_prospectivo
14056,Puente Génil,84.26229508196721,True,21.311475409836067,True,30.49180327868852,True,44.37158469945356,True,2023,2041-2060,SSP2-4.5,ANOMALY,66.95948447975157,True,2.0,True,4,5,True,True,,2023,2023-08-01,corte_ipr5_prospectivo
15002,Ames,77.37704918032787,True,49.50819672131148,True,52.13114754098361,True,72.78688524590164,True,2023,2041-2060,SSP2-4.5,ANOMALY,33.055694278579956,True,2.0,True,4,5,True,True,,2023,2023-08-01,corte_ipr5_prospectivo
15005,Arteixo,76.72131147540983,True,32.131147540983605,True,24.153005464480874,True,56.17486338797814,True,2023,2041-2060,SSP2-4.5,ANOMALY,28.067451997976,True,2.0,True,4,5,True,True,,2023,2023-08-01,corte_ipr5_prospectivo
15019,Carballo,90.49180327868852,True,47.540983606557376,True,43.60655737704918,True,52.34972677595628,True,2023,2041-2060,SSP2-4.5,ANOMALY,34.259078003600706,True,2.0,True,4,5,True,True,,2023,2023-08-01,corte_ipr5_prospectivo
15030,Coruña (A),28.19672131147541,True,74.91803278688525,True,60.21857923497268,True,66.99453551912568,True,2023,2041-2060,SSP2-4.5,ANOMALY,35.22051129781709,True,2.0,True,4,5,True,True,,2023,2023-08-01,corte_ipr5_prospectivo
15031,Culleredo,50.49180327868852,True,32.131147540983605,True,50.05464480874317,True,72.56830601092896,True,2023,2041-2060,SSP2-4.5,ANOMALY,32.08771864541027,True,2.0,True,4,5,True,True,,2023,2023-08-01,corte_ipr5_prospectivo
15036,Ferrol,91.47540983606558,True,61.47540983606557,True,50.710382513661195,True,45.79234972677596,True,2023,2041-2060,SSP2-4.5,ANOMALY,35.06944352267908,True,2.0,True,4,5,True,True,,2023,2023-08-01,corte_ipr5_prospectivo
15054,Narón,88.85245901639344,True,22.459016393442624,True,24.153005464480874,True,45.79234972677596,True,2023,2041-2060,SSP2-4.5,ANOMALY,28.050973518501397,True,2.0,True,4,5,True,True,,2023,2023-08-01,corte_ipr5_prospectivo
15058,Oleiros,79.67213114754098,True,63.77049180327869,True,28.52459016393443,True,52.13114754098361,True,2023,2041-2060,SSP2-4.5,ANOMALY,33.88898969698621,True,2.0,True,4,5,True,True,,2023,2023-08-01,corte_ipr5_prospectivo
15073,Ribeira,81.9672131147541,True,77.37704918032787,True,45.79234972677596,True,61.53005464480875,True,2023,2041-2060,SSP2-4.5,ANOMALY,39.30085309225322,True,2.0,True,4,5,True,True,,2023,2023-08-01,corte_ipr5_prospectivo
15078,Santiago de Compostela,41.63934426229508,True,66.0655737704918,True,48.30601092896175,True,58.36065573770492,True,2023,2041-2060,SSP2-4.5,ANOMALY,23.022288990003887,True,2.0,True,4,5,True,True,,2023,2023-08-01,corte_ipr5_prospectivo
16078,Cuenca,72.1311475409836,True,47.21311475409835,True,26.88524590163934,True,32.56830601092896,True,2023,2041-2060,SSP2-4.5,ANOMALY,39.354980518888475,True,2.0,True,4,5,True,True,,2023,2023-08-01,corte_ipr5_prospectivo
17023,Blanes,32.459016393442624,True,89.34426229508196,True,54.31693989071039,True,63.16939890710383,True,2023,2041-2060,SSP2-4.5,ANOMALY,34.94439600114525,True,2.0,True,4,5,True,True,,2023,2023-08-01,corte_ipr5_prospectivo
17066,Figueres,69.8360655737705,True,70.1639344262295,True,43.497267759562845,True,10.92896174863388,True,2023,2041-2060,SSP2-4.5,ANOMALY,37.35714211729484,True,2.0,True,4,5,True,True,,2023,2023-08-01,corte_ipr5_prospectivo
17079,Girona,42.950819672131146,True,74.75409836065573,True,26.885245901639347,True,37.15846994535519,True,2023,2041-2060,SSP2-4.5,ANOMALY,37.68738637510152,True,2.0,True,4,5,True,True,,2023,2023-08-01,corte_ipr5_prospectivo
17095,Lloret de Mar,16.065573770491802,True,94.09836065573772,True,50.49180327868853,True,51.36612021857923,True,2023,2041-2060,SSP2-4.5,ANOMALY,30.595178167549193,True,2.0,True,4,5,True,True,,2023,2023-08-01,corte_ipr5_prospectivo
17114,Olot,68.52459016393442,True,62.295081967213115,True,30.92896174863388,True,35.46448087431694,True,2023,2041-2060,SSP2-4.5,ANOMALY,33.366010501859364,True,2.0,True,4,5,True,True,,2023,2023-08-01,corte_ipr5_prospectivo
17155,Salt,80.32786885245902,True,25.245901639344265,True,30.49180327868853,True,17.37704918032787,True,2023,2041-2060,SSP2-4.5,ANOMALY,32.25481362927181,True,2.0,True,4,5,True,True,,2023,2023-08-01,corte_ipr5_prospectivo
18017,Almuñecar,6.557377049180328,True,90.98360655737704,True,19.562841530054644,True,62.295081967213115,True,2023,2041-2060,SSP2-4.5,ANOMALY,49.87558354141787,True,2.0,True,4,5,True,True,,2023,2023-08-01,corte_ipr5_prospectivo
18087,Granada,30.81967213114754,True,87.21311475409837,True,35.62841530054644,True,61.857923497267755,True,2023,2041-2060,SSP2-4.5,ANOMALY,62.01370973073497,True,2.0,True,4,5,True,True,,2023,2023-08-01,corte_ipr5_prospectivo
18140,Motril,52.459016393442624,True,66.88524590163935,True,65.02732240437159,True,50.05464480874317,True,2023,2041-2060,SSP2-4.5,ANOMALY,55.98578720915318,True,2.0,True,4,5,True,True,,2023,2023-08-01,corte_ipr5_prospectivo
19046,Azuqueca de Henares,56.39344262295082,True,6.721311475409836,True,54.53551912568306,True,55.51912568306011,True,2023,2041-2060,SSP2-4.5,ANOMALY,43.26088372597981,True,2.0,True,4,5,True,True,,2023,2023-08-01,corte_ipr5_prospectivo
19130,Guadalajara,62.950819672131146,True,13.934426229508196,True,84.04371584699454,True,42.295081967213115,True,2023,2041-2060,SSP2-4.5,ANOMALY,47.453238618904344,True,2.0,True,4,5,True,True,,2023,2023-08-01,corte_ipr5_prospectivo
20030,Eibar,45.57377049180328,True,27.704918032786885,True,38.57923497267759,True,53.98907103825136,True,2023,2041-2060,SSP2-4.5,ANOMALY,31.359573404002152,True,2.0,True,4,5,True,True,,2023,2023-08-01,corte_ipr5_prospectivo
20045,Irun,18.360655737704917,True,48.68852459016394,True,33.770491803278695,True,62.185792349726775,True,2023,2041-2060,SSP2-4.5,ANOMALY,31.32430280331334,True,2.0,True,4,5,True,True,,2023,2023-08-01,corte_ipr5_prospectivo
20067,Errenteria,9.836065573770492,True,30.49180327868852,True,16.17486338797814,True,66.01092896174863,True,2023,2041-2060,SSP2-4.5,ANOMALY,30.524686581657942,True,2.0,True,4,5,True,True,,2023,2023-08-01,corte_ipr5_prospectivo
20069,San Sebastián/Donostia,0.9836065573770492,True,82.29508196721312,True,24.37158469945355,True,62.185792349726775,True,2023,2041-2060,SSP2-4.5,ANOMALY,27.971234143024823,True,2.0,True,4,5,True,True,,2023,2023-08-01,corte_ipr5_prospectivo
21041,Huelva,58.68852459016394,True,39.50819672131148,True,85.9016393442623,True,64.59016393442623,True,2023,2041-2060,SSP2-4.5,ANOMALY,57.043674543380874,True,2.0,True,4,5,True,True,,2023,2023-08-01,corte_ipr5_prospectivo
21044,Lepe,35.40983606557377,True,61.63934426229508,True,16.721311475409838,True,47.10382513661202,True,2023,2041-2060,SSP2-4.5,ANOMALY,43.08848116382586,True,2.0,True,4,5,True,True,,2023,2023-08-01,corte_ipr5_prospectivo
22125,Huesca,57.049180327868854,True,26.557377049180324,True,35.95628415300546,True,51.69398907103825,True,2023,2041-2060,SSP2-4.5,ANOMALY,48.4160524512416,True,2.0,True,4,5,True,True,,2023,2023-08-01,corte_ipr5_prospectivo
23005,Andújar,85.90163934426229,True,20.327868852459016,True,32.56830601092896,True,53.770491803278695,True,2023,2041-2060,SSP2-4.5,ANOMALY,66.5193962664858,True,2.0,True,4,5,True,True,,2023,2023-08-01,corte_ipr5_prospectivo
23050,Jaén,76.06557377049181,True,32.131147540983605,True,33.77049180327869,True,46.55737704918033,True,2023,2041-2060,SSP2-4.5,ANOMALY,76.33137288224673,True,2.0,True,4,5,True,True,,2023,2023-08-01,corte_ipr5_prospectivo
23055,Linares,92.78688524590164,True,19.18032786885246,True,31.475409836065577,True,41.53005464480874,True,2023,2041-2060,SSP2-4.5,ANOMALY,74.48099630965639,True,2.0,True,4,5,True,True,,2023,2023-08-01,corte_ipr5_prospectivo
23092,Úbeda,84.59016393442623,True,40.16393442622951,True,64.69945355191255,True,54.53551912568306,True,2023,2041-2060,SSP2-4.5,ANOMALY,79.55251485939061,True,2.0,True,4,5,True,True,,2023,2023-08-01,corte_ipr5_prospectivo
24089,León,65.24590163934427,True,74.26229508196721,True,26.120218579234972,True,47.978142076502735,True,2023,2041-2060,SSP2-4.5,ANOMALY,37.26474350391982,True,2.0,True,4,5,True,True,,2023,2023-08-01,corte_ipr5_prospectivo
24115,Ponferrada,89.50819672131148,True,40.16393442622951,True,34.75409836065574,True,38.251366120218584,True,2023,2041-2060,SSP2-4.5,ANOMALY,34.706113791583505,True,2.0,True,4,5,True,True,,2023,2023-08-01,corte_ipr5_prospectivo
24142,San Andrés  del Rabanedo,83.60655737704919,True,19.01639344262295,True,46.99453551912568,True,39.23497267759563,True,2023,2041-2060,SSP2-4.5,ANOMALY,23.20100704092344,True,2.0,True,4,5,True,True,,2023,2023-08-01,corte_ipr5_prospectivo
25120,Lleida,85.57377049180327,True,16.393442622950822,True,68.1967213114754,True,42.89617486338798,True,2023,2041-2060,SSP2-4.5,ANOMALY,45.60283237932215,True,2.0,True,4,5,True,True,,2023,2023-08-01,corte_ipr5_prospectivo
26089,Logroño,57.377049180327866,True,66.22950819672131,True,46.99453551912568,True,53.00546448087432,True,2023,2041-2060,SSP2-4.5,ANOMALY,32.78506737540087,True,2.0,True,4,5,True,True,,2023,2023-08-01,corte_ipr5_prospectivo
27028,Lugo,73.11475409836065,True,43.77049180327869,True,54.97267759562842,True,61.311475409836056,True,2023,2041-2060,SSP2-4.5,ANOMALY,44.36143935548972,True,2.0,True,4,5,True,True,,2023,2023-08-01,corte_ipr5_prospectivo
28005,Alcalá de Henares,36.0655737704918,True,47.377049180327866,True,59.23497267759563,True,63.278688524590166,True,2023,2041-2060,SSP2-4.5,ANOMALY,55.16548184117955,True,2.0,True,4,5,True,True,,2023,2023-08-01,corte_ipr5_prospectivo
28006,Alcobendas,21.639344262295083,True,52.131147540983605,True,42.185792349726775,True,52.13114754098361,True,2023,2041-2060,SSP2-4.5,ANOMALY,67.41847785570052,True,2.0,True,4,5,True,True,,2023,2023-08-01,corte_ipr5_prospectivo
28007,Alcorcón,11.147540983606556,True,30.0,True,55.95628415300546,True,56.17486338797814,True,2023,2041-2060,SSP2-4.5,ANOMALY,64.3044140264003,True,2.0,True,4,5,True,True,,2023,2023-08-01,corte_ipr5_prospectivo
28013,Aranjuez,49.50819672131148,True,35.40983606557377,True,81.31147540983606,True,33.98907103825137,True,2023,2041-2060,SSP2-4.5,ANOMALY,73.01996933814092,True,2.0,True,4,5,True,True,,2023,2023-08-01,corte_ipr5_prospectivo
28014,Arganda del Rey,40.32786885245902,True,7.377049180327869,True,54.64480874316939,True,45.13661202185793,True,2023,2041-2060,SSP2-4.5,ANOMALY,54.69303115967632,True,2.0,True,4,5,True,True,,2023,2023-08-01,corte_ipr5_prospectivo
28022,Boadilla del Monte,58.36065573770492,True,23.606557377049175,True,64.48087431693989,True,48.30601092896175,True,2023,2041-2060,SSP2-4.5,ANOMALY,61.990009896243535,True,2.0,True,4,5,True,True,,2023,2023-08-01,corte_ipr5_prospectivo
28045,Colmenar Viejo,41.31147540983606,True,6.885245901639344,True,90.27322404371584,True,50.49180327868853,True,2023,2041-2060,SSP2-4.5,ANOMALY,57.81130488857038,True,2.0,True,4,5,True,True,,2023,2023-08-01,corte_ipr5_prospectivo
28047,Collado Villalba,31.475409836065573,True,24.59016393442623,True,64.91803278688525,True,42.95081967213115,True,2023,2041-2060,SSP2-4.5,ANOMALY,49.71690400899523,True,2.0,True,4,5,True,True,,2023,2023-08-01,corte_ipr5_prospectivo
28049,Coslada,21.9672131147541,True,42.950819672131146,True,47.540983606557376,True,55.40983606557378,True,2023,2041-2060,SSP2-4.5,ANOMALY,60.901017744058,True,2.0,True,4,5,True,True,,2023,2023-08-01,corte_ipr5_prospectivo
28058,Fuenlabrada,26.885245901639344,True,11.967213114754095,True,25.683060109289617,True,46.88524590163934,True,2023,2041-2060,SSP2-4.5,ANOMALY,64.76204604547311,True,2.0,True,4,5,True,True,,2023,2023-08-01,corte_ipr5_prospectivo
28061,Galapagar,48.52459016393443,True,33.442622950819676,True,31.256830601092897,True,47.43169398907103,True,2023,2041-2060,SSP2-4.5,ANOMALY,59.87146520029887,True,2.0,True,4,5,True,True,,2023,2023-08-01,corte_ipr5_prospectivo
28065,Getafe,24.262295081967213,True,29.18032786885246,True,36.939890710382514,True,50.27322404371585,True,2023,2041-2060,SSP2-4.5,ANOMALY,60.70859175265299,True,2.0,True,4,5,True,True,,2023,2023-08-01,corte_ipr5_prospectivo
28074,Leganés,18.0327868852459,True,21.475409836065573,True,36.28415300546448,True,44.37158469945354,True,2023,2041-2060,SSP2-4.5,ANOMALY,60.86716770635407,True,2.0,True,4,5,True,True,,2023,2023-08-01,corte_ipr5_prospectivo
28079,Madrid,3.9344262295081966,True,79.34426229508196,True,41.530054644808736,True,47.540983606557376,True,2023,2041-2060,SSP2-4.5,ANOMALY,56.27941907426454,True,2.0,True,4,5,True,True,,2023,2023-08-01,corte_ipr5_prospectivo
28080,Majadahonda,29.83606557377049,True,28.360655737704917,True,65.02732240437159,True,46.01092896174864,True,2023,2041-2060,SSP2-4.5,ANOMALY,59.85403047183688,True,2.0,True,4,5,True,True,,2023,2023-08-01,corte_ipr5_prospectivo
28092,Móstoles,24.59016393442623,True,22.62295081967213,True,31.69398907103825,True,53.114754098360656,True,2023,2041-2060,SSP2-4.5,ANOMALY,63.57293163203365,True,2.0,True,4,5,True,True,,2023,2023-08-01,corte_ipr5_prospectivo
28096,Navalcarnero,46.55737704918032,True,14.918032786885249,True,36.72131147540984,True,51.584699453551906,True,2023,2041-2060,SSP2-4.5,ANOMALY,76.43317772228856,True,2.0,True,4,5,True,True,,2023,2023-08-01,corte_ipr5_prospectivo
28106,Parla,39.67213114754098,True,24.91803278688525,True,54.42622950819672,True,44.26229508196722,True,2023,2041-2060,SSP2-4.5,ANOMALY,66.34454681687883,True,2.0,True,4,5,True,True,,2023,2023-08-01,corte_ipr5_prospectivo
28113,Pinto,30.16393442622951,True,16.885245901639344,True,29.398907103825135,True,42.84153005464481,True,2023,2041-2060,SSP2-4.5,ANOMALY,56.7711522774723,True,2.0,True,4,5,True,True,,2023,2023-08-01,corte_ipr5_prospectivo
28115,Pozuelo de Alarcón,47.21311475409836,True,47.540983606557376,True,63.3879781420765,True,50.60109289617486,True,2023,2041-2060,SSP2-4.5,ANOMALY,58.99427286394782,True,2.0,True,4,5,True,True,,2023,2023-08-01,corte_ipr5_prospectivo
28123,Rivas-Vaciamadrid,40.0,True,17.21311475409836,True,37.595628415300546,True,52.24043715846995,True,2023,2041-2060,SSP2-4.5,ANOMALY,61.59200853079466,True,2.0,True,4,5,True,True,,2023,2023-08-01,corte_ipr5_prospectivo
28127,Rozas de Madrid (Las),41.967213114754095,True,33.9344262295082,True,29.836065573770497,True,37.486338797814206,True,2023,2041-2060,SSP2-4.5,ANOMALY,58.61899206650929,True,2.0,True,4,5,True,True,,2023,2023-08-01,corte_ipr5_prospectivo
28130,San Fernando de Henares,22.950819672131143,True,6.229508196721311,True,24.91803278688525,True,40.87431693989071,True,2023,2041-2060,SSP2-4.5,ANOMALY,47.841949868154515,True,2.0,True,4,5,True,True,,2023,2023-08-01,corte_ipr5_prospectivo
28134,San Sebastián de los Reyes,19.672131147540984,True,45.24590163934426,True,32.02185792349727,True,64.37158469945355,True,2023,2041-2060,SSP2-4.5,ANOMALY,67.13308625332618,True,2.0,True,4,5,True,True,,2023,2023-08-01,corte_ipr5_prospectivo
28148,Torrejón de Ardoz,28.524590163934427,True,36.39344262295082,True,65.57377049180327,True,49.8360655737705,True,2023,2041-2060,SSP2-4.5,ANOMALY,57.63815476937175,True,2.0,True,4,5,True,True,,2023,2023-08-01,corte_ipr5_prospectivo
28161,Valdemoro,43.60655737704918,True,14.918032786885243,True,52.56830601092897,True,49.94535519125683,True,2023,2041-2060,SSP2-4.5,ANOMALY,67.78951013530578,True,2.0,True,4,5,True,True,,2023,2023-08-01,corte_ipr5_prospectivo
28181,Villaviciosa de Odón,60.98360655737705,True,45.24590163934427,True,20.87431693989071,True,68.30601092896175,True,2023,2041-2060,SSP2-4.5,ANOMALY,71.76511082475645,True,2.0,True,4,5,True,True,,2023,2023-08-01,corte_ipr5_prospectivo
28903,Tres Cantos,34.09836065573771,True,18.524590163934427,True,64.37158469945355,True,39.07103825136612,True,2023,2041-2060,SSP2-4.5,ANOMALY,54.77360824404784,True,2.0,True,4,5,True,True,,2023,2023-08-01,corte_ipr5_prospectivo
29007,Alhaurín de la Torre,37.377049180327866,True,67.04918032786885,True,56.721311475409834,True,54.42622950819672,True,2023,2041-2060,SSP2-4.5,ANOMALY,58.26822873608768,True,2.0,True,4,5,True,True,,2023,2023-08-01,corte_ipr5_prospectivo
29015,Antequera,66.22950819672131,True,35.90163934426229,True,35.40983606557377,True,47.978142076502735,True,2023,2041-2060,SSP2-4.5,ANOMALY,52.3391100848719,True,2.0,True,4,5,True,True,,2023,2023-08-01,corte_ipr5_prospectivo
29025,Benalmádena,3.278688524590164,True,97.8688524590164,True,68.08743169398906,True,55.84699453551912,True,2023,2041-2060,SSP2-4.5,ANOMALY,51.43590542316448,True,2.0,True,4,5,True,True,,2023,2023-08-01,corte_ipr5_prospectivo
29051,Estepona,6.885245901639344,True,91.14754098360656,True,53.87978142076503,True,65.57377049180327,True,2023,2041-2060,SSP2-4.5,ANOMALY,55.93478427940987,True,2.0,True,4,5,True,True,,2023,2023-08-01,corte_ipr5_prospectivo
29054,Fuengirola,1.9672131147540983,True,95.57377049180327,True,42.732240437158474,True,46.55737704918033,True,2023,2041-2060,SSP2-4.5,ANOMALY,47.903319109801,True,2.0,True,4,5,True,True,,2023,2023-08-01,corte_ipr5_prospectivo
29067,Málaga,10.163934426229508,True,84.91803278688525,True,78.14207650273225,True,75.30054644808743,True,2023,2041-2060,SSP2-4.5,ANOMALY,65.83655865963507,True,2.0,True,4,5,True,True,,2023,2023-08-01,corte_ipr5_prospectivo
29069,Marbella,1.3114754098360657,True,95.7377049180328,True,62.51366120218578,True,51.58469945355191,True,2023,2041-2060,SSP2-4.5,ANOMALY,52.52371882392371,True,2.0,True,4,5,True,True,,2023,2023-08-01,corte_ipr5_prospectivo
29070,Mijas,5.245901639344262,True,93.44262295081968,True,48.30601092896175,True,71.8032786885246,True,2023,2041-2060,SSP2-4.5,ANOMALY,59.31318228486731,True,2.0,True,4,5,True,True,,2023,2023-08-01,corte_ipr5_prospectivo
29082,Rincón de la Victoria,9.508196721311476,True,86.72131147540983,True,64.26229508196721,True,93.6065573770492,True,2023,2041-2060,SSP2-4.5,ANOMALY,73.25105039693028,True,2.0,True,4,5,True,True,,2023,2023-08-01,corte_ipr5_prospectivo
29084,Ronda,56.721311475409834,True,67.54098360655738,True,24.48087431693989,True,52.89617486338798,True,2023,2041-2060,SSP2-4.5,ANOMALY,53.94057854981862,True,2.0,True,4,5,True,True,,2023,2023-08-01,corte_ipr5_prospectivo
29094,Vélez Málaga,19.016393442622952,True,79.34426229508196,True,82.51366120218579,True,66.33879781420767,True,2023,2041-2060,SSP2-4.5,ANOMALY,52.18321029843588,True,2.0,True,4,5,True,True,,2023,2023-08-01,corte_ipr5_prospectivo
29901,Torremolinos,3.60655737704918,True,95.57377049180327,True,72.56830601092896,True,58.79781420765027,True,2023,2041-2060,SSP2-4.5,ANOMALY,62.3927850898814,True,2.0,True,4,5,True,True,,2023,2023-08-01,corte_ipr5_prospectivo
30003,Águilas,66.55737704918033,True,66.0655737704918,True,80.21857923497267,True,51.36612021857923,True,2023,2041-2060,SSP2-4.5,ANOMALY,64.69198949021239,True,2.0,True,4,5,True,True,,2023,2023-08-01,corte_ipr5_prospectivo
30005,Alcantarilla,93.44262295081968,True,16.229508196721312,True,49.94535519125683,True,32.459016393442624,True,2023,2041-2060,SSP2-4.5,ANOMALY,67.05389801894826,True,2.0,True,4,5,True,True,,2023,2023-08-01,corte_ipr5_prospectivo
30015,Caravaca de la Cruz,92.45901639344262,True,30.81967213114754,True,43.60655737704918,True,39.45355191256831,True,2023,2041-2060,SSP2-4.5,ANOMALY,65.22690172131212,True,2.0,True,4,5,True,True,,2023,2023-08-01,corte_ipr5_prospectivo
30016,Cartagena,78.68852459016394,True,70.32786885245902,True,65.57377049180327,True,60.87431693989071,True,2023,2041-2060,SSP2-4.5,ANOMALY,72.07360585278599,True,2.0,True,4,5,True,True,,2023,2023-08-01,corte_ipr5_prospectivo
30019,Cieza,88.19672131147541,True,11.311475409836063,True,15.081967213114751,True,51.69398907103825,True,2023,2041-2060,SSP2-4.5,ANOMALY,71.33743786395613,True,2.0,True,4,5,True,True,,2023,2023-08-01,corte_ipr5_prospectivo
30022,Jumilla,96.3934426229508,True,13.60655737704918,True,79.01639344262294,True,30.27322404371585,True,2023,2041-2060,SSP2-4.5,ANOMALY,58.1899495648351,True,2.0,True,4,5,True,True,,2023,2023-08-01,corte_ipr5_prospectivo
30024,Lorca,87.54098360655738,True,19.18032786885246,True,58.14207650273224,True,31.038251366120218,True,2023,2041-2060,SSP2-4.5,ANOMALY,66.05123182593046,True,2.0,True,4,5,True,True,,2023,2023-08-01,corte_ipr5_prospectivo
30026,Mazarrón,42.622950819672134,True,70.65573770491804,True,32.021857923497265,True,67.43169398907104,True,2023,2041-2060,SSP2-4.5,ANOMALY,69.75685214802448,True,2.0,True,4,5,True,True,,2023,2023-08-01,corte_ipr5_prospectivo
30027,Molina de Segura,90.1639344262295,True,14.918032786885249,True,81.09289617486338,True,38.0327868852459,True,2023,2041-2060,SSP2-4.5,ANOMALY,62.5032506455448,True,2.0,True,4,5,True,True,,2023,2023-08-01,corte_ipr5_prospectivo
30030,Murcia,74.42622950819673,True,42.950819672131146,True,49.18032786885246,True,65.02732240437159,True,2023,2041-2060,SSP2-4.5,ANOMALY,79.87468406891489,True,2.0,True,4,5,True,True,,2023,2023-08-01,corte_ipr5_prospectivo
30035,San Javier,47.540983606557376,True,88.36065573770492,True,60.21857923497268,True,57.486338797814206,True,2023,2041-2060,SSP2-4.5,ANOMALY,58.71338578508642,True,2.0,True,4,5,True,True,,2023,2023-08-01,corte_ipr5_prospectivo
30037,Torre-Pacheco,86.22950819672131,True,76.0655737704918,True,77.1584699453552,True,50.1639344262295,True,2023,2041-2060,SSP2-4.5,ANOMALY,62.46808157757809,True,2.0,True,4,5,True,True,,2023,2023-08-01,corte_ipr5_prospectivo
30039,Totana,88.52459016393442,True,8.524590163934427,True,30.601092896174865,True,22.950819672131143,True,2023,2041-2060,SSP2-4.5,ANOMALY,58.7757258534663,True,2.0,True,4,5,True,True,,2023,2023-08-01,corte_ipr5_prospectivo
30043,Yecla,99.01639344262296,True,20.655737704918035,True,47.759562841530055,True,38.743169398907106,True,2023,2041-2060,SSP2-4.5,ANOMALY,66.81944272346054,True,2.0,True,4,5,True,True,,2023,2023-08-01,corte_ipr5_prospectivo
31201,Pamplona/Iruña,26.229508196721312,True,73.60655737704919,True,37.158469945355186,True,61.63934426229507,True,2023,2041-2060,SSP2-4.5,ANOMALY,35.18306541610066,True,2.0,True,4,5,True,True,,2023,2023-08-01,corte_ipr5_prospectivo
31232,Tudela,82.62295081967213,True,36.885245901639344,True,50.05464480874317,True,52.1311475409836,True,2023,2041-2060,SSP2-4.5,ANOMALY,45.763271471261575,True,2.0,True,4,5,True,True,,2023,2023-08-01,corte_ipr5_prospectivo
32054,Ourense,59.01639344262295,True,61.14754098360656,True,24.04371584699454,True,49.50819672131147,True,2023,2041-2060,SSP2-4.5,ANOMALY,36.00730472949394,True,2.0,True,4,5,True,True,,2023,2023-08-01,corte_ipr5_prospectivo
33004,Avilés,72.45901639344262,True,63.77049180327869,True,42.95081967213115,True,28.19672131147541,True,2023,2041-2060,SSP2-4.5,ANOMALY,22.858694071806138,True,2.0,True,4,5,True,True,,2023,2023-08-01,corte_ipr5_prospectivo
33024,Gijón,38.032786885245905,True,74.91803278688525,True,44.69945355191257,True,52.78688524590164,True,2023,2041-2060,SSP2-4.5,ANOMALY,28.052745737639707,True,2.0,True,4,5,True,True,,2023,2023-08-01,corte_ipr5_prospectivo
33031,Langreo,89.8360655737705,True,27.21311475409836,True,25.792349726775953,True,23.387978142076506,True,2023,2041-2060,SSP2-4.5,ANOMALY,22.85539835033623,True,2.0,True,4,5,True,True,,2023,2023-08-01,corte_ipr5_prospectivo
33037,Mieres,93.11475409836063,True,30.81967213114754,True,39.45355191256831,True,29.398907103825135,True,2023,2041-2060,SSP2-4.5,ANOMALY,23.85294379038531,True,2.0,True,4,5,True,True,,2023,2023-08-01,corte_ipr5_prospectivo
33044,Oviedo,51.14754098360656,True,67.54098360655738,True,72.45901639344262,True,45.24590163934426,True,2023,2041-2060,SSP2-4.5,ANOMALY,29.285941081098432,True,2.0,True,4,5,True,True,,2023,2023-08-01,corte_ipr5_prospectivo
33066,Siero,79.01639344262296,True,35.57377049180327,True,58.14207650273224,True,68.41530054644808,True,2023,2041-2060,SSP2-4.5,ANOMALY,23.904826244137094,True,2.0,True,4,5,True,True,,2023,2023-08-01,corte_ipr5_prospectivo
34120,Palencia,70.81967213114754,True,22.78688524590164,True,25.027322404371585,True,35.84699453551912,True,2023,2041-2060,SSP2-4.5,ANOMALY,38.27395906901399,True,2.0,True,4,5,True,True,,2023,2023-08-01,corte_ipr5_prospectivo
35002,Agüimes,55.73770491803279,True,70.81967213114754,True,41.85792349726776,True,47.759562841530055,True,2023,2041-2060,SSP2-4.5,ANOMALY,54.226718220737496,True,2.0,True,4,5,True,True,,2023,2023-08-01,corte_ipr5_prospectivo
35004,Arrecife,52.131147540983605,True,81.80327868852459,True,48.852459016393446,True,41.20218579234973,True,2023,2041-2060,SSP2-4.5,ANOMALY,49.28104513231797,True,2.0,True,4,5,True,True,,2023,2023-08-01,corte_ipr5_prospectivo
35006,Arucas,70.49180327868852,True,61.47540983606557,True,42.295081967213115,True,53.87978142076503,True,2023,2041-2060,SSP2-4.5,ANOMALY,40.80673425370061,True,2.0,True,4,5,True,True,,2023,2023-08-01,corte_ipr5_prospectivo
35011,Ingenio,73.77049180327869,True,63.60655737704918,True,32.56830601092896,True,46.55737704918033,True,2023,2041-2060,SSP2-4.5,ANOMALY,58.16564616050942,True,2.0,True,4,5,True,True,,2023,2023-08-01,corte_ipr5_prospectivo
35014,"Oliva, La",4.590163934426229,True,89.8360655737705,True,39.45355191256831,True,46.939890710382514,True,2023,2041-2060,SSP2-4.5,ANOMALY,46.9387688633156,True,2.0,True,4,5,True,True,,2023,2023-08-01,corte_ipr5_prospectivo
35016,Palmas de Gran Canaria (Las),40.65573770491803,True,82.45901639344262,True,30.49180327868853,True,62.185792349726775,True,2023,2041-2060,SSP2-4.5,ANOMALY,41.43001882703109,True,2.0,True,4,5,True,True,,2023,2023-08-01,corte_ipr5_prospectivo
35017,Puerto del Rosario,64.26229508196721,True,63.11475409836066,True,84.26229508196721,True,39.01639344262295,True,2023,2041-2060,SSP2-4.5,ANOMALY,52.8038037431304,True,2.0,True,4,5,True,True,,2023,2023-08-01,corte_ipr5_prospectivo
35019,San Bartolomé de Tirajana,4.918032786885246,True,89.01639344262296,True,32.78688524590164,True,51.91256830601092,True,2023,2041-2060,SSP2-4.5,ANOMALY,50.85334212090092,True,2.0,True,4,5,True,True,,2023,2023-08-01,corte_ipr5_prospectivo
35022,Santa Lucía de Tirajana,58.032786885245905,True,69.01639344262296,True,37.814207650273225,True,38.25136612021858,True,2023,2041-2060,SSP2-4.5,ANOMALY,51.52336601689561,True,2.0,True,4,5,True,True,,2023,2023-08-01,corte_ipr5_prospectivo
35026,Telde,53.114754098360656,True,66.22950819672131,True,40.76502732240437,True,59.23497267759563,True,2023,2041-2060,SSP2-4.5,ANOMALY,52.67911938649683,True,2.0,True,4,5,True,True,,2023,2023-08-01,corte_ipr5_prospectivo
36008,Cangas,48.19672131147541,True,83.44262295081967,True,15.956284153005464,True,51.36612021857923,True,2023,2041-2060,SSP2-4.5,ANOMALY,32.55998262946477,True,2.0,True,4,5,True,True,,2023,2023-08-01,corte_ipr5_prospectivo
36026,Marín,79.34426229508196,True,71.9672131147541,True,61.42076502732241,True,46.885245901639344,True,2023,2041-2060,SSP2-4.5,ANOMALY,36.76131766967313,True,2.0,True,4,5,True,True,,2023,2023-08-01,corte_ipr5_prospectivo
36038,Pontevedra,49.83606557377049,True,66.0655737704918,True,42.185792349726775,True,79.78142076502733,True,2023,2041-2060,SSP2-4.5,ANOMALY,42.973983710519725,True,2.0,True,4,5,True,True,,2023,2023-08-01,corte_ipr5_prospectivo
36045,Redondela,80.65573770491804,True,60.49180327868852,True,64.04371584699453,True,54.6448087431694,True,2023,2041-2060,SSP2-4.5,ANOMALY,38.81038661844758,True,2.0,True,4,5,True,True,,2023,2023-08-01,corte_ipr5_prospectivo
36057,Vigo,39.01639344262295,True,74.26229508196721,True,41.20218579234973,True,64.26229508196721,True,2023,2041-2060,SSP2-4.5,ANOMALY,38.169117198556194,True,2.0,True,4,5,True,True,,2023,2023-08-01,corte_ipr5_prospectivo
36060,Vilagarcía de Arousa,69.18032786885246,True,79.01639344262296,True,56.6120218579235,True,60.10928961748633,True,2023,2041-2060,SSP2-4.5,ANOMALY,36.49100764065703,True,2.0,True,4,5,True,True,,2023,2023-08-01,corte_ipr5_prospectivo
37274,Salamanca,31.147540983606557,True,76.88524590163934,True,20.327868852459016,True,48.251366120218584,True,2023,2041-2060,SSP2-4.5,ANOMALY,37.17280805366759,True,2.0,True,4,5,True,True,,2023,2023-08-01,corte_ipr5_prospectivo
38001,Adeje,1.639344262295082,True,95.57377049180327,True,86.66666666666667,True,43.00546448087432,True,2023,2041-2060,SSP2-4.5,ANOMALY,41.98572685216976,True,2.0,True,4,5,True,True,,2023,2023-08-01,corte_ipr5_prospectivo
38006,Arona,5.901639344262295,True,96.39344262295084,True,52.34972677595628,True,36.28415300546448,True,2023,2041-2060,SSP2-4.5,ANOMALY,51.4704840924183,True,2.0,True,4,5,True,True,,2023,2023-08-01,corte_ipr5_prospectivo
38011,Candelaria,23.27868852459016,True,79.50819672131148,True,66.775956284153,True,45.90163934426229,True,2023,2041-2060,SSP2-4.5,ANOMALY,51.02909564650961,True,2.0,True,4,5,True,True,,2023,2023-08-01,corte_ipr5_prospectivo
38017,Granadilla de Abona,32.131147540983605,True,83.27868852459017,True,48.30601092896175,True,54.75409836065574,True,2023,2041-2060,SSP2-4.5,ANOMALY,46.15393664997515,True,2.0,True,4,5,True,True,,2023,2023-08-01,corte_ipr5_prospectivo
38023,San Cristóbal Laguna,55.40983606557377,True,71.9672131147541,True,61.85792349726776,True,60.54644808743169,True,2023,2041-2060,SSP2-4.5,ANOMALY,54.37495522777792,True,2.0,True,4,5,True,True,,2023,2023-08-01,corte_ipr5_prospectivo
38026,Orotava (La),65.90163934426229,True,62.950819672131146,True,15.081967213114751,True,56.721311475409834,True,2023,2041-2060,SSP2-4.5,ANOMALY,42.85777605743325,True,2.0,True,4,5,True,True,,2023,2023-08-01,corte_ipr5_prospectivo
38028,Puerto de la Cruz,7.540983606557377,True,95.24590163934424,True,96.0655737704918,True,63.060109289617486,True,2023,2041-2060,SSP2-4.5,ANOMALY,46.4011790583262,True,2.0,True,4,5,True,True,,2023,2023-08-01,corte_ipr5_prospectivo
38031,Realejos (Los),59.34426229508197,True,73.9344262295082,True,51.58469945355191,True,50.60109289617486,True,2023,2041-2060,SSP2-4.5,ANOMALY,42.629296486929455,True,2.0,True,4,5,True,True,,2023,2023-08-01,corte_ipr5_prospectivo
38038,Santa Cruz deTenerife,44.26229508196721,True,72.1311475409836,True,22.62295081967213,True,48.196721311475414,True,2023,2041-2060,SSP2-4.5,ANOMALY,63.99629443926764,True,2.0,True,4,5,True,True,,2023,2023-08-01,corte_ipr5_prospectivo
39016,Camargo,62.622950819672134,True,58.68852459016394,True,8.524590163934427,True,27.978142076502735,True,2023,2041-2060,SSP2-4.5,ANOMALY,19.15393780084983,True,2.0,True,4,5,True,True,,2023,2023-08-01,corte_ipr5_prospectivo
39020,Castro-Urdiales,20.0,True,69.50819672131148,True,20.327868852459016,True,46.885245901639344,True,2023,2041-2060,SSP2-4.5,ANOMALY,26.074766829592164,True,2.0,True,4,5,True,True,,2023,2023-08-01,corte_ipr5_prospectivo
39075,Santander,25.57377049180328,True,86.72131147540983,True,74.75409836065575,True,46.666666666666664,True,2023,2041-2060,SSP2-4.5,ANOMALY,18.886613908013658,True,2.0,True,4,5,True,True,,2023,2023-08-01,corte_ipr5_prospectivo
39087,Torrelavega,72.78688524590164,True,53.9344262295082,True,49.18032786885246,True,45.24590163934426,True,2023,2041-2060,SSP2-4.5,ANOMALY,19.766909769762407,True,2.0,True,4,5,True,True,,2023,2023-08-01,corte_ipr5_prospectivo
40194,Segovia,46.22950819672131,True,44.09836065573771,True,54.64480874316939,True,47.759562841530055,True,2023,2041-2060,SSP2-4.5,ANOMALY,35.31141454135279,True,2.0,True,4,5,True,True,,2023,2023-08-01,corte_ipr5_prospectivo
41004,Alcalá de Guadaíra,60.32786885245902,True,19.672131147540984,True,56.721311475409834,True,52.89617486338798,True,2023,2041-2060,SSP2-4.5,ANOMALY,53.045378860912834,True,2.0,True,4,5,True,True,,2023,2023-08-01,corte_ipr5_prospectivo
41021,Camas,44.59016393442623,True,41.63934426229508,True,91.58469945355192,True,79.34426229508198,True,2023,2041-2060,SSP2-4.5,ANOMALY,48.717091090068855,True,2.0,True,4,5,True,True,,2023,2023-08-01,corte_ipr5_prospectivo
41024,Carmona,61.31147540983606,True,31.639344262295083,True,32.89617486338798,True,45.24590163934426,True,2023,2041-2060,SSP2-4.5,ANOMALY,50.436938269255826,True,2.0,True,4,5,True,True,,2023,2023-08-01,corte_ipr5_prospectivo
41034,Coria del Río,60.65573770491803,True,14.262295081967212,True,17.486338797814206,True,60.05464480874317,True,2023,2041-2060,SSP2-4.5,ANOMALY,54.22368451507064,True,2.0,True,4,5,True,True,,2023,2023-08-01,corte_ipr5_prospectivo
41038,Dos Hermanas,48.85245901639344,True,25.08196721311475,True,84.04371584699454,True,70.60109289617486,True,2023,2041-2060,SSP2-4.5,ANOMALY,62.87212951074143,True,2.0,True,4,5,True,True,,2023,2023-08-01,corte_ipr5_prospectivo
41039,Écija,74.09836065573771,True,21.80327868852459,True,20.21857923497268,True,41.74863387978142,True,2023,2041-2060,SSP2-4.5,ANOMALY,55.54522598639231,True,2.0,True,4,5,True,True,,2023,2023-08-01,corte_ipr5_prospectivo
41053,Lebrija,78.0327868852459,True,9.344262295081966,True,58.5792349726776,True,55.62841530054644,True,2023,2041-2060,SSP2-4.5,ANOMALY,46.273368798176094,True,2.0,True,4,5,True,True,,2023,2023-08-01,corte_ipr5_prospectivo
41059,Mairena del Aljarafe,50.16393442622951,True,56.065573770491795,True,26.994535519125687,True,45.02732240437158,True,2023,2041-2060,SSP2-4.5,ANOMALY,57.21951157134163,True,2.0,True,4,5,True,True,,2023,2023-08-01,corte_ipr5_prospectivo
41065,Morón de la Frontera,75.73770491803279,True,4.754098360655738,True,26.557377049180328,True,47.21311475409836,True,2023,2041-2060,SSP2-4.5,ANOMALY,43.86232546505886,True,2.0,True,4,5,True,True,,2023,2023-08-01,corte_ipr5_prospectivo
41069,Palacios y Villafranca (Los),63.9344262295082,True,6.39344262295082,True,15.62841530054645,True,53.551912568306,True,2023,2041-2060,SSP2-4.5,ANOMALY,42.01597976711155,True,2.0,True,4,5,True,True,,2023,2023-08-01,corte_ipr5_prospectivo
41081,Rinconada (La),51.80327868852459,True,11.475409836065571,True,73.11475409836065,True,74.86338797814209,True,2023,2041-2060,SSP2-4.5,ANOMALY,53.07314026003885,True,2.0,True,4,5,True,True,,2023,2023-08-01,corte_ipr5_prospectivo
41091,Sevilla,21.311475409836067,True,86.39344262295081,True,54.97267759562842,True,62.84153005464481,True,2023,2041-2060,SSP2-4.5,ANOMALY,59.5480407701193,True,2.0,True,4,5,True,True,,2023,2023-08-01,corte_ipr5_prospectivo
41095,Utrera,62.295081967213115,True,6.885245901639345,True,49.83606557377049,True,53.00546448087432,True,2023,2041-2060,SSP2-4.5,ANOMALY,52.401234811810895,True,2.0,True,4,5,True,True,,2023,2023-08-01,corte_ipr5_prospectivo
42173,Soria,80.0,True,42.459016393442624,True,66.55737704918033,True,52.513661202185794,True,2023,2041-2060,SSP2-4.5,ANOMALY,31.340951100741304,True,2.0,True,4,5,True,True,,2023,2023-08-01,corte_ipr5_prospectivo
43038,Cambrils,36.39344262295082,True,94.09836065573772,True,56.39344262295082,True,45.95628415300547,True,2023,2041-2060,SSP2-4.5,ANOMALY,49.49983727910718,True,2.0,True,4,5,True,True,,2023,2023-08-01,corte_ipr5_prospectivo
43123,Reus,73.44262295081967,True,47.21311475409836,True,56.28415300546448,True,45.90163934426229,True,2023,2041-2060,SSP2-4.5,ANOMALY,46.61014567643875,True,2.0,True,4,5,True,True,,2023,2023-08-01,corte_ipr5_prospectivo
43148,Tarragona,63.60655737704918,True,77.04918032786885,True,55.30054644808743,True,63.82513661202186,True,2023,2041-2060,SSP2-4.5,ANOMALY,60.02583278890566,True,2.0,True,4,5,True,True,,2023,2023-08-01,corte_ipr5_prospectivo
43155,Tortosa,94.09836065573772,True,35.73770491803279,True,22.841530054644807,True,45.30054644808743,True,2023,2041-2060,SSP2-4.5,ANOMALY,46.03406231014565,True,2.0,True,4,5,True,True,,2023,2023-08-01,corte_ipr5_prospectivo
43163,Vendrell (El),42.295081967213115,True,83.27868852459017,True,61.09289617486339,True,54.6448087431694,True,2023,2041-2060,SSP2-4.5,ANOMALY,51.35457055175105,True,2.0,True,4,5,True,True,,2023,2023-08-01,corte_ipr5_prospectivo
43905,Salou,20.327868852459016,True,99.34426229508196,True,39.34426229508197,True,37.377049180327866,True,2023,2041-2060,SSP2-4.5,ANOMALY,40.34958202149603,True,2.0,True,4,5,True,True,,2023,2023-08-01,corte_ipr5_prospectivo
44216,Teruel,77.70491803278688,True,40.65573770491803,True,39.23497267759563,True,35.08196721311475,True,2023,2041-2060,SSP2-4.5,ANOMALY,42.93870837845721,True,2.0,True,4,5,True,True,,2023,2023-08-01,corte_ipr5_prospectivo
45081,Illescas,69.50819672131148,True,16.065573770491802,True,51.36612021857923,True,47.65027322404371,True,2023,2041-2060,SSP2-4.5,ANOMALY,44.0065139507111,True,2.0,True,4,5,True,True,,2023,2023-08-01,corte_ipr5_prospectivo
45165,Talavera de la Reina,87.21311475409836,True,19.50819672131148,True,84.69945355191257,True,46.12021857923497,True,2023,2041-2060,SSP2-4.5,ANOMALY,79.11527493309262,True,2.0,True,4,5,True,True,,2023,2023-08-01,corte_ipr5_prospectivo
45168,Toledo,63.278688524590166,True,66.72131147540983,True,73.224043715847,True,49.39890710382514,True,2023,2041-2060,SSP2-4.5,ANOMALY,70.1130880154432,True,2.0,True,4,5,True,True,,2023,2023-08-01,corte_ipr5_prospectivo
46005,Alaquàs,77.04918032786885,True,23.442622950819672,True,67.43169398907104,True,47.759562841530055,True,2023,2041-2060,SSP2-4.5,ANOMALY,48.38085921490654,True,2.0,True,4,5,True,True,,2023,2023-08-01,corte_ipr5_prospectivo
46017,Alzira,95.08196721311477,True,27.213114754098363,True,59.56284153005465,True,36.939890710382514,True,2023,2041-2060,SSP2-4.5,ANOMALY,60.36871876574061,True,2.0,True,4,5,True,True,,2023,2023-08-01,corte_ipr5_prospectivo
46021,Aldaia,71.14754098360656,True,18.0327868852459,True,65.9016393442623,True,52.56830601092897,True,2023,2041-2060,SSP2-4.5,ANOMALY,58.39759574606027,True,2.0,True,4,5,True,True,,2023,2023-08-01,corte_ipr5_prospectivo
46029,Algemesí,98.68852459016394,True,22.295081967213115,True,63.82513661202186,True,16.39344262295082,True,2023,2041-2060,SSP2-4.5,ANOMALY,62.06661288245644,True,2.0,True,4,5,True,True,,2023,2023-08-01,corte_ipr5_prospectivo
46078,Burjassot,61.967213114754095,True,67.37704918032787,True,67.65027322404372,True,41.74863387978142,True,2023,2041-2060,SSP2-4.5,ANOMALY,45.83789086101922,True,2.0,True,4,5,True,True,,2023,2023-08-01,corte_ipr5_prospectivo
46094,Catarroja,81.31147540983606,True,34.42622950819672,True,79.23497267759564,True,45.13661202185793,True,2023,2041-2060,SSP2-4.5,ANOMALY,63.92508956682227,True,2.0,True,4,5,True,True,,2023,2023-08-01,corte_ipr5_prospectivo
46102,Quart de Poblet,67.8688524590164,True,26.72131147540983,True,68.85245901639344,True,79.01639344262294,True,2023,2041-2060,SSP2-4.5,ANOMALY,59.9583337329426,True,2.0,True,4,5,True,True,,2023,2023-08-01,corte_ipr5_prospectivo
46110,Xirivella,75.08196721311475,True,50.655737704918025,True,78.46994535519126,True,44.42622950819672,True,2023,2041-2060,SSP2-4.5,ANOMALY,61.086408822144975,True,2.0,True,4,5,True,True,,2023,2023-08-01,corte_ipr5_prospectivo
46131,Gandia,67.54098360655738,True,86.72131147540983,True,85.02732240437159,True,42.513661202185794,True,2023,2041-2060,SSP2-4.5,ANOMALY,50.14394935946791,True,2.0,True,4,5,True,True,,2023,2023-08-01,corte_ipr5_prospectivo
46145,Xàtiva,91.14754098360656,True,48.36065573770492,True,77.1584699453552,True,59.34426229508197,True,2023,2041-2060,SSP2-4.5,ANOMALY,70.16529424860607,True,2.0,True,4,5,True,True,,2023,2023-08-01,corte_ipr5_prospectivo
46159,Manises,68.19672131147541,True,35.73770491803279,True,83.93442622950819,True,59.28961748633879,True,2023,2041-2060,SSP2-4.5,ANOMALY,58.826909598409955,True,2.0,True,4,5,True,True,,2023,2023-08-01,corte_ipr5_prospectivo
46169,Mislata,55.08196721311475,True,62.622950819672134,True,87.75956284153006,True,46.01092896174864,True,2023,2041-2060,SSP2-4.5,ANOMALY,45.46658160424003,True,2.0,True,4,5,True,True,,2023,2023-08-01,corte_ipr5_prospectivo
46181,Oliva,61.63934426229508,True,88.85245901639344,True,56.6120218579235,True,72.40437158469946,True,2023,2041-2060,SSP2-4.5,ANOMALY,62.78059047288034,True,2.0,True,4,5,True,True,,2023,2023-08-01,corte_ipr5_prospectivo
46184,Ontinyent,98.36065573770492,True,36.55737704918033,True,88.96174863387978,True,49.289617486338805,True,2023,2041-2060,SSP2-4.5,ANOMALY,57.66695093271359,True,2.0,True,4,5,True,True,,2023,2023-08-01,corte_ipr5_prospectivo
46190,Paterna,60.0,True,53.278688524590166,True,87.32240437158471,True,50.87431693989071,True,2023,2041-2060,SSP2-4.5,ANOMALY,60.07463141000436,True,2.0,True,4,5,True,True,,2023,2023-08-01,corte_ipr5_prospectivo
46220,Sagunto/Sagunt,82.95081967213115,True,70.327868852459,True,91.25683060109289,True,40.0,True,2023,2041-2060,SSP2-4.5,ANOMALY,50.26301987726816,True,2.0,True,4,5,True,True,,2023,2023-08-01,corte_ipr5_prospectivo
46235,Sueca,81.63934426229508,True,67.21311475409836,True,3.497267759562842,True,47.978142076502735,True,2023,2041-2060,SSP2-4.5,ANOMALY,51.88042079558944,True,2.0,True,4,5,True,True,,2023,2023-08-01,corte_ipr5_prospectivo
46244,Torrent,76.39344262295081,True,37.21311475409835,True,72.6775956284153,True,59.78142076502733,True,2023,2041-2060,SSP2-4.5,ANOMALY,57.94472860392891,True,2.0,True,4,5,True,True,,2023,2023-08-01,corte_ipr5_prospectivo
46250,Valencia,34.42622950819672,True,85.40983606557377,True,78.14207650273224,True,54.37158469945356,True,2023,2041-2060,SSP2-4.5,ANOMALY,53.90318637558744,True,2.0,True,4,5,True,True,,2023,2023-08-01,corte_ipr5_prospectivo
47186,Valladolid,50.81967213114754,True,41.31147540983606,True,35.40983606557377,True,51.256830601092894,True,2023,2041-2060,SSP2-4.5,ANOMALY,36.95029436177541,True,2.0,True,4,5,True,True,,2023,2023-08-01,corte_ipr5_prospectivo
48013,Barakaldo,14.42622950819672,True,45.24590163934426,True,18.36065573770492,True,55.84699453551912,True,2023,2041-2060,SSP2-4.5,ANOMALY,25.888559525604343,True,2.0,True,4,5,True,True,,2023,2023-08-01,corte_ipr5_prospectivo
48015,Basauri,16.721311475409838,True,33.278688524590166,True,25.464480874316944,True,58.46994535519125,True,2023,2041-2060,SSP2-4.5,ANOMALY,29.688911667682632,True,2.0,True,4,5,True,True,,2023,2023-08-01,corte_ipr5_prospectivo
48020,Bilbao,10.491803278688524,True,77.70491803278688,True,13.224043715846994,True,59.89071038251367,True,2023,2041-2060,SSP2-4.5,ANOMALY,27.188985515474855,True,2.0,True,4,5,True,True,,2023,2023-08-01,corte_ipr5_prospectivo
48027,Durango,39.34426229508197,True,32.950819672131146,True,17.15846994535519,True,54.86338797814208,True,2023,2041-2060,SSP2-4.5,ANOMALY,21.36344174956481,True,2.0,True,4,5,True,True,,2023,2023-08-01,corte_ipr5_prospectivo
48036,Galdakao,33.442622950819676,True,34.26229508196721,True,2.6229508196721314,True,54.42622950819672,True,2023,2041-2060,SSP2-4.5,ANOMALY,31.795804652577154,True,2.0,True,4,5,True,True,,2023,2023-08-01,corte_ipr5_prospectivo
48044,Getxo,18.688524590163933,True,66.88524590163935,True,29.617486338797814,True,64.59016393442623,True,2023,2041-2060,SSP2-4.5,ANOMALY,,False,2.0,False,4,4,True,False,sin_score_riesgo_futuro,2023,2023-08-01,corte_ipr5_prospectivo
48054,Leioa,13.770491803278688,True,34.91803278688525,True,9.18032786885246,True,56.17486338797814,True,2023,2041-2060,SSP2-4.5,ANOMALY,21.14203085136978,True,2.0,True,4,5,True,True,,2023,2023-08-01,corte_ipr5_prospectivo
48078,Portugalete,14.754098360655735,True,52.78688524590165,True,10.92896174863388,True,58.5792349726776,True,2023,2041-2060,SSP2-4.5,ANOMALY,19.482816737656453,True,2.0,True,4,5,True,True,,2023,2023-08-01,corte_ipr5_prospectivo
48082,Santurtzi,16.39344262295082,True,23.9344262295082,True,33.879781420765035,True,56.6120218579235,True,2023,2041-2060,SSP2-4.5,ANOMALY,12.959578212100832,True,2.0,True,4,5,True,True,,2023,2023-08-01,corte_ipr5_prospectivo
48084,Sestao,23.60655737704918,True,41.9672131147541,True,17.81420765027322,True,57.377049180327866,True,2023,2041-2060,SSP2-4.5,ANOMALY,25.854578288186435,True,2.0,True,4,5,True,True,,2023,2023-08-01,corte_ipr5_prospectivo
49275,Zamora,68.85245901639344,True,51.47540983606557,True,31.80327868852459,True,47.86885245901639,True,2023,2041-2060,SSP2-4.5,ANOMALY,36.23245776066128,True,2.0,True,4,5,True,True,,2023,2023-08-01,corte_ipr5_prospectivo
50297,Zaragoza,44.91803278688525,True,38.68852459016394,True,22.29508196721311,True,48.63387978142077,True,2023,2041-2060,SSP2-4.5,ANOMALY,45.14829263265014,True,2.0,True,4,5,True,True,,2023,2023-08-01,corte_ipr5_prospectivo
51001,Ceuta,45.24590163934426,True,42.131147540983605,True,14.42622950819672,True,41.4207650273224,True,2023,2041-2060,SSP2-4.5,ANOMALY,33.61095781034071,True,2.0,True,4,5,True,True,,2023,2023-08-01,corte_ipr5_prospectivo
52001,Melilla,46.885245901639344,True,49.18032786885246,True,27.978142076502735,True,50.27322404371585,True,2023,2041-2060,SSP2-4.5,ANOMALY,45.260760198763734,True,2.0,True,4,5,True,True,,2023,2023-08-01,corte_ipr5_prospectivo
