cod_ine,proyeccion_duracion_max_ola_calor_dias,proyeccion_grados_dia_refrigeracion,proyeccion_racha_seca_max_dias,tendencia_asequibilidad,n_anios_asequibilidad,inicio_asequibilidad,fin_asequibilidad,tendencia_turismo,n_anios_turismo,inicio_turismo,fin_turismo,tendencia_especulacion,n_anios_especulacion,inicio_especulacion,fin_especulacion,tendencia_gentrificacion,n_anios_gentrificacion,inicio_gentrificacion,fin_gentrificacion,anio_base,horizonte_climatico,escenario_climatico,tipo_valor_climatico
01059,5.309523807253156,56.130985736846924,6.985000051770892,-1.467988754210161,9,2015,2023,-0.4644808743169418,4,2020,2023,,2,2022,2023,2.2692529383755655,6,2018,2023,2023,2041-2060,SSP2-4.5,ANOMALY
02003,27.551350566436504,202.30068638242523,19.720574707820496,-1.4485910436633964,9,2015,2023,0.5737704918032774,4,2020,2023,,2,2022,2023,2.62302916348395,6,2018,2023,2023,2041-2060,SSP2-4.5,ANOMALY
02009,25.9914286340986,139.27914470490956,23.55904769897461,-0.26545212303772914,9,2015,2023,3.9071038251366126,4,2020,2023,,2,2022,2023,-4.462530653227519,6,2018,2023,2023,2041-2060,SSP2-4.5,ANOMALY
02037,25.152333347532483,194.8928668721517,23.043888812594943,-1.048369344841565,9,2015,2023,3.360655737704917,4,2020,2023,,2,2022,2023,-5.663138726704969,6,2018,2023,2023,2041-2060,SSP2-4.5,ANOMALY
02081,28.096157357427806,212.82414754231772,16.524629518720836,-0.16732657288722563,9,2015,2023,6.188524590163934,4,2020,2023,,2,2022,2023,-4.358068315665477,6,2018,2023,2023,2041-2060,SSP2-4.5,ANOMALY
03009,23.964999922116597,112.89611549377442,20.203889179229737,0.5700333848223618,9,2015,2023,-1.2568306010928971,4,2020,2023,,2,2022,2023,2.6824772295037698,6,2018,2023,2023,2041-2060,SSP2-4.5,ANOMALY
03014,26.120444377263386,180.459715423584,20.136666514078776,0.4132349576755897,9,2015,2023,-1.0109289617486301,4,2020,2023,,2,2022,2023,2.5929725462382485,6,2018,2023,2023,2041-2060,SSP2-4.5,ANOMALY
03031,25.372777716318765,146.3988127814399,21.333703189425997,-0.04583656350255734,9,2015,2023,0.24590163934426337,4,2020,2023,,2,2022,2023,-5.241460541813902,6,2018,2023,2023,2041-2060,SSP2-4.5,ANOMALY
03047,25.571666701634722,135.02041123708088,20.712500349680585,-0.49906987559585997,9,2015,2023,-2.3684757858670005e-15,4,2020,2023,,2,2022,2023,0.3466021589810495,6,2018,2023,2023,2041-2060,SSP2-4.5,ANOMALY
03050,24.422499656677246,152.19684162139893,22.386666679382323,1.9125683060109253,4,2020,2023,0.6557377049180199,4,2020,2023,,2,2022,2023,,1,2023,2023,2023,2041-2060,SSP2-4.5,ANOMALY
03059,27.10638879140218,196.86651369730632,20.86944446563721,-0.1375423546232633,9,2015,2023,-3.360655737704919,4,2020,2023,,2,2022,2023,1.527175623108261,6,2018,2023,2023,2041-2060,SSP2-4.5,ANOMALY
03063,30.238333225250244,158.54789752960204,19.71916618347168,-0.8776794258422861,9,2015,2023,0.09562841530054911,4,2020,2023,,2,2022,2023,-5.431191472654518,6,2018,2023,2023,2041-2060,SSP2-4.5,ANOMALY
03065,28.02469707402316,194.6813405123624,21.008030527288263,0.22707524763946196,9,2015,2023,-1.1748633879781398,4,2020,2023,,2,2022,2023,-0.42589390382789344,6,2018,2023,2023,2041-2060,SSP2-4.5,ANOMALY
03066,25.49499931335449,174.19472885131836,22.436666107177736,0.7054961765888947,9,2015,2023,-1.1338797814207642,4,2020,2023,,2,2022,2023,-2.5285292243526563,6,2018,2023,2023,2041-2060,SSP2-4.5,ANOMALY
03082,29.321666606267293,153.60664965311688,19.526111475626628,-0.2007680099651509,9,2015,2023,0.04098360655737565,4,2020,2023,,2,2022,2023,3.8366531523591276,6,2018,2023,2023,2041-2060,SSP2-4.5,ANOMALY
03093,25.459999910990398,183.63768717447914,21.231665992736815,0.7497502790998283,9,2015,2023,0.06830601092896238,4,2020,2023,,2,2022,2023,-7.773851590106013,6,2018,2023,2023,2041-2060,SSP2-4.5,ANOMALY
03099,28.712681144216788,201.45296380416207,22.140362333214803,-1.1536812836702786,9,2015,2023,-0.13661202185792357,4,2020,2023,,2,2022,2023,-0.942285041224963,6,2018,2023,2023,2041-2060,SSP2-4.5,ANOMALY
03104,23.516999931335448,136.41733596801757,22.342666625976562,-0.8399693972698308,9,2015,2023,-2.349726775956285,4,2020,2023,,2,2022,2023,1.5910558911812736,6,2018,2023,2023,2041-2060,SSP2-4.5,ANOMALY
03121,28.485833168029785,173.022385597229,20.837499809265136,-1.3345882184887095,9,2015,2023,0.8743169398907138,4,2020,2023,,2,2022,2023,-1.0918390178620445,6,2018,2023,2023,2041-2060,SSP2-4.5,ANOMALY
03122,24.943333315849305,165.60798759460448,20.9524995803833,1.2020196987061316,9,2015,2023,0.6284153005464432,4,2020,2023,,2,2022,2023,1.7122076591289428,6,2018,2023,2023,2041-2060,SSP2-4.5,ANOMALY
03133,23.80000001192093,108.47466254234314,20.91083354949951,-0.43514299498688774,9,2015,2023,0.3551912568305866,4,2020,2023,,2,2022,2023,-0.2583684790455578,6,2018,2023,2023,2041-2060,SSP2-4.5,ANOMALY
03139,24.929999955495198,145.23894653320312,22.92944450378418,-2.000714437428799,9,2015,2023,-0.1639344262295097,4,2020,2023,,2,2022,2023,-0.9422850412249666,6,2018,2023,2023,2041-2060,SSP2-4.5,ANOMALY
03140,25.28602561217088,181.84802645169773,21.73384609222412,-0.5182416536020877,9,2015,2023,1.4480874316939896,4,2020,2023,,2,2022,2023,-0.9474117163170576,6,2018,2023,2023,2041-2060,SSP2-4.5,ANOMALY
04013,29.427129620975915,152.04556838141548,19.682962799072264,-1.8279991547809442,9,2015,2023,3.0601092896174826,4,2020,2023,,2,2022,2023,2.4212300895244745,6,2018,2023,2023,2041-2060,SSP2-4.5,ANOMALY
04066,30.378253943579534,164.0671559833345,21.353253882271904,-4.726775956284154,4,2020,2023,1.4754098360655754,4,2020,2023,,2,2022,2023,,1,2023,2023,2023,2041-2060,SSP2-4.5,ANOMALY
04079,24.715555556615193,118.486683400472,20.18666674296061,-1.4240003429964037,9,2015,2023,0.7377049180327901,4,2020,2023,,2,2022,2023,0.4089671551873953,6,2018,2023,2023,2041-2060,SSP2-4.5,ANOMALY
04902,27.754814942677815,132.68404210408528,18.6407413482666,-1.1105837437559378,9,2015,2023,0.628415300546448,4,2020,2023,,2,2022,2023,-9.069493521790335,6,2018,2023,2023,2041-2060,SSP2-4.5,ANOMALY
05019,21.927407370673286,91.07427535586888,16.979999817742243,0.5397489203428815,9,2015,2023,0.8333333333333339,4,2020,2023,,2,2022,2023,-0.23926525408344634,6,2018,2023,2023,2041-2060,SSP2-4.5,ANOMALY
06011,18.868541818857192,227.8981563568115,22.984999895095825,-0.1332329259109109,9,2015,2023,-0.8196721311475409,4,2020,2023,,2,2022,2023,-4.770318021201415,6,2018,2023,2023,2041-2060,SSP2-4.5,ANOMALY
06015,18.06341175584232,205.38429641723633,22.502882425644817,-0.3331976901910648,9,2015,2023,-1.5573770491803276,4,2020,2023,,2,2022,2023,2.8773943479604682,6,2018,2023,2023,2041-2060,SSP2-4.5,ANOMALY
06044,19.60213542729616,220.8859858751297,22.11343768835068,-1.2154589954233246,9,2015,2023,0.9836065573770493,4,2020,2023,,2,2022,2023,1.8303211452647226,6,2018,2023,2023,2041-2060,SSP2-4.5,ANOMALY
06083,18.525166663169863,211.10331513977053,23.183366626739502,-0.028094769159473287,9,2015,2023,0.6830601092896155,4,2020,2023,,2,2022,2023,-2.155181512299945,6,2018,2023,2023,2041-2060,SSP2-4.5,ANOMALY
06153,19.836333656311034,227.8490249633789,23.025000076293946,-0.8743169398907114,4,2020,2023,6.079234972677597,4,2020,2023,,2,2022,2023,,1,2023,2023,2023,2041-2060,SSP2-4.5,ANOMALY
07011,29.52380941935948,143.25371649605887,17.639524378095352,0.012033484478548573,9,2015,2023,-1.284153005464482,4,2020,2023,,2,2022,2023,-1.0600706713780923,6,2018,2023,2023,2041-2060,SSP2-4.5,ANOMALY
07015,31.208749961853027,183.17975368499756,21.762083339691163,0.692167577413481,9,2015,2023,-0.3005464480874238,4,2020,2023,,2,2022,2023,6.478954893550345,6,2018,2023,2023,2041-2060,SSP2-4.5,ANOMALY
07026,36.88066635131836,169.87855621337889,21.86633327484131,0.19609449177255073,9,2015,2023,-1.6393442622950851,4,2020,2023,,2,2022,2023,-7.054311847542941,6,2018,2023,2023,2041-2060,SSP2-4.5,ANOMALY
07027,31.131666564941405,195.55993461608887,19.342500019073487,1.8255250090818609,9,2015,2023,-1.9945355191256837,4,2020,2023,,2,2022,2023,-3.239104829210838,6,2018,2023,2023,2041-2060,SSP2-4.5,ANOMALY
07031,32.238461487109845,186.21515966562123,19.07000034038837,1.2909806964950126,9,2015,2023,-0.7103825136612063,4,2020,2023,,2,2022,2023,-4.759427198387787,6,2018,2023,2023,2041-2060,SSP2-4.5,ANOMALY
07032,30.537500047683714,149.58593101501464,20.720833110809327,2.249397000841796,9,2015,2023,-2.0218579234972744,4,2020,2023,,2,2022,2023,4.609650624987819,6,2018,2023,2023,2041-2060,SSP2-4.5,ANOMALY
07033,29.15106059854681,163.03896921331233,18.533181519941852,0.4229574634178761,9,2015,2023,-0.8196721311475414,4,2020,2023,,2,2022,2023,-3.7467943095339535,6,2018,2023,2023,2041-2060,SSP2-4.5,ANOMALY
07036,31.972777875264484,189.32137222290038,17.432222239176433,0.98360655737705,9,2015,2023,-1.816939890710382,4,2020,2023,,2,2022,2023,-3.459671064338181,6,2018,2023,2023,2041-2060,SSP2-4.5,ANOMALY
07040,32.43083324432373,177.31806893348693,16.90729191303253,1.7172565602734244,9,2015,2023,-2.4043715846994544,4,2020,2023,,2,2022,2023,-6.093471411302633,6,2018,2023,2023,2041-2060,SSP2-4.5,ANOMALY
07054,35.92499992847443,170.7814717769623,21.15541603565216,0.0,9,2015,2023,-0.751366120218582,4,2020,2023,,2,2022,2023,-1.9214995005581983,6,2018,2023,2023,2041-2060,SSP2-4.5,ANOMALY
08015,20.96500039100647,123.3608829498291,10.823333358764648,0.46796482086016056,9,2015,2023,-1.8032786885245962,4,2020,2023,,2,2022,2023,1.948317860776541,6,2018,2023,2023,2041-2060,SSP2-4.5,ANOMALY
08019,21.4880556901296,103.52268079121907,9.147777779897053,-0.10135130971293786,9,2015,2023,-2.8825136612021858,4,2020,2023,,2,2022,2023,-8.68644847915075,6,2018,2023,2023,2041-2060,SSP2-4.5,ANOMALY
08056,23.48500003814697,120.51039123535156,11.051666641235352,1.159745711647691,9,2015,2023,-1.3797814207650299,4,2020,2023,,2,2022,2023,0.04544079502082118,6,2018,2023,2023,2041-2060,SSP2-4.5,ANOMALY
08073,24.550833201408388,147.39122505187987,8.974166870117188,0.8270599456811624,9,2015,2023,-1.0792349726775967,4,2020,2023,,2,2022,2023,-3.931336770356637,6,2018,2023,2023,2041-2060,SSP2-4.5,ANOMALY
08077,22.82833364009857,124.25465106964111,8.677500152587891,1.53972171158845,9,2015,2023,-1.475409836065571,4,2020,2023,,2,2022,2023,-2.7380937303426798,6,2018,2023,2023,2041-2060,SSP2-4.5,ANOMALY
08089,24.348333263397215,124.72237930297851,10.174999809265136,0.9335792680443646,9,2015,2023,-3.196721311475404,4,2020,2023,,2,2022,2023,-4.822139961219813,6,2018,2023,2023,2041-2060,SSP2-4.5,ANOMALY
08096,20.620000028610228,157.90523681640624,9.626666259765624,0.6749215207534007,9,2015,2023,-3.606557377049181,4,2020,2023,,2,2022,2023,-1.5312131919905667,6,2018,2023,2023,2041-2060,SSP2-4.5,ANOMALY
08101,24.43375004529953,117.20299210548401,9.136250162124634,0.9537331776630918,9,2015,2023,-2.431693989071036,4,2020,2023,,2,2022,2023,-4.692380730922764,6,2018,2023,2023,2041-2060,SSP2-4.5,ANOMALY
08102,20.994999885559082,144.16864395141602,7.950000381469726,1.4306245925056809,9,2015,2023,-2.418032786885246,4,2020,2023,,2,2022,2023,3.5934271756550693,6,2018,2023,2023,2041-2060,SSP2-4.5,ANOMALY
08113,21.3225004196167,181.64920921325682,7.98000020980835,1.2432109223180023,9,2015,2023,-1.1885245901639343,4,2020,2023,,2,2022,2023,4.225092844683874,6,2018,2023,2023,2041-2060,SSP2-4.5,ANOMALY
08114,23.13833351135254,196.9356834411621,9.205000686645509,2.605006005684002,9,2015,2023,2.1857923497267744,4,2020,2023,,2,2022,2023,1.1501502254077256,6,2018,2023,2023,2041-2060,SSP2-4.5,ANOMALY
08121,17.74499981403351,87.45989351272583,8.829167079925536,0.6622984038400881,9,2015,2023,-1.4617486338797803,4,2020,2023,,2,2022,2023,4.140991357594078,6,2018,2023,2023,2041-2060,SSP2-4.5,ANOMALY
08124,21.47749993801117,166.22761754989625,8.464999914169312,1.0101165408081818,9,2015,2023,3.6885245901639356,4,2020,2023,,2,2022,2023,-1.0188034837527624,6,2018,2023,2023,2041-2060,SSP2-4.5,ANOMALY
08125,20.808333301544188,138.4424041748047,10.130000877380372,0.5034455878349995,9,2015,2023,-1.2295081967213108,4,2020,2023,,2,2022,2023,-5.738527528056876,6,2018,2023,2023,2041-2060,SSP2-4.5,ANOMALY
08163,18.51333327293396,94.44593734741211,10.255000114440918,-2.0218579234972696,4,2020,2023,-0.997267759562843,4,2020,2023,,2,2022,2023,,1,2023,2023,2023,2041-2060,SSP2-4.5,ANOMALY
08169,25.168332862854005,146.7885856628418,10.64833335876465,-0.15495568557029196,9,2015,2023,-5.683060109289615,4,2020,2023,,2,2022,2023,-1.700361080538336,6,2018,2023,2023,2041-2060,SSP2-4.5,ANOMALY
08172,18.82000014781952,68.33538417816162,9.85083303451538,0.7182992527370686,9,2015,2023,-2.814207650273218,4,2020,2023,,2,2022,2023,-4.742124652281781,6,2018,2023,2023,2041-2060,SSP2-4.5,ANOMALY
08180,21.038333237171173,154.13226928710938,9.044166946411133,0.9046296995794603,9,2015,2023,-6.721311475409838,4,2020,2023,,2,2022,2023,2.376637875315822,6,2018,2023,2023,2041-2060,SSP2-4.5,ANOMALY
08184,21.49583327770233,171.3341812133789,8.77583417892456,1.2770248199268075,9,2015,2023,1.1934897514720433e-15,4,2020,2023,,2,2022,2023,-6.795259867185092,6,2018,2023,2023,2041-2060,SSP2-4.5,ANOMALY
08187,20.524999856948853,157.91061401367188,8.494999980926513,2.030189309778791,9,2015,2023,-4.535519125683063,4,2020,2023,,2,2022,2023,-2.7679623085983494,6,2018,2023,2023,2041-2060,SSP2-4.5,ANOMALY
08194,19.595000505447388,57.79168834686279,8.888332557678222,0.350637522768673,9,2015,2023,0.19125683060109347,4,2020,2023,,2,2022,2023,-2.027459506042267,6,2018,2023,2023,2041-2060,SSP2-4.5,ANOMALY
08196,22.362083387374877,181.36302967071532,9.245416736602783,-0.9016393442622952,4,2020,2023,-6.256830601092901,4,2020,2023,,2,2022,2023,,1,2023,2023,2023,2041-2060,SSP2-4.5,ANOMALY
08200,23.972777764002483,140.83949699401856,9.331481403774685,0.4167455807108181,9,2015,2023,-2.4863387978142084,4,2020,2023,,2,2022,2023,-3.8338327751336765,6,2018,2023,2023,2041-2060,SSP2-4.5,ANOMALY
08205,21.488333320617677,170.72847900390624,9.701666641235352,1.1986978258342054,9,2015,2023,-4.672131147540988,4,2020,2023,,2,2022,2023,-1.7876684292743192,6,2018,2023,2023,2041-2060,SSP2-4.5,ANOMALY
08211,22.544166803359985,158.5231780052185,9.42541708946228,1.2037558684188303,9,2015,2023,-2.1721311475409837,4,2020,2023,,2,2022,2023,-3.040523336662943,6,2018,2023,2023,2041-2060,SSP2-4.5,ANOMALY
08217,24.272500109672546,149.84559936523436,8.890833425521851,0.8894261035984987,9,2015,2023,-11.229508196721312,4,2020,2023,,2,2022,2023,0.13921695360087655,6,2018,2023,2023,2041-2060,SSP2-4.5,ANOMALY
08231,19.89250020980835,112.33964347839355,9.063333511352539,-0.7697174586386646,9,2015,2023,-1.3387978142076506,4,2020,2023,,2,2022,2023,5.704447969915977,6,2018,2023,2023,2041-2060,SSP2-4.5,ANOMALY
08245,20.23333364725113,100.80463409423828,9.856666564941406,0.6460923887969312,9,2015,2023,-3.6885245901639347,4,2020,2023,,2,2022,2023,-2.147991460524511,6,2018,2023,2023,2041-2060,SSP2-4.5,ANOMALY
08252,21.19666633605957,162.9228202819824,8.905000114440918,0.9525729423453241,9,2015,2023,0.027322404371584064,4,2020,2023,,2,2022,2023,-4.767299292947099,6,2018,2023,2023,2041-2060,SSP2-4.5,ANOMALY
08260,21.723333501815794,161.22401962280273,7.90333366394043,0.10928961748633625,4,2020,2023,-3.0874316939890702,4,2020,2023,,2,2022,2023,,1,2023,2023,2023,2041-2060,SSP2-4.5,ANOMALY
08263,22.25333333015442,162.09205198287964,9.052916860580444,-0.018263431502262,9,2015,2023,-1.8306010928961753,4,2020,2023,,2,2022,2023,-9.215504240358817,6,2018,2023,2023,2041-2060,SSP2-4.5,ANOMALY
08266,20.87500023841858,154.05866661071778,8.946666717529297,0.6386491339859859,9,2015,2023,-4.043715846994536,4,2020,2023,,2,2022,2023,-1.8916896801613874,6,2018,2023,2023,2041-2060,SSP2-4.5,ANOMALY
08270,20.476666593551634,97.1157834370931,8.870000076293945,-0.21857923497267961,4,2020,2023,-1.5573770491803152,4,2020,2023,,2,2022,2023,,1,2023,2023,2023,2041-2060,SSP2-4.5,ANOMALY
08279,19.541111103693645,120.96927820841472,7.742221895853679,2.790116148756753,9,2015,2023,0.9016393442622928,4,2020,2023,,2,2022,2023,-3.6791820906046184,6,2018,2023,2023,2041-2060,SSP2-4.5,ANOMALY
08298,19.674166774749757,118.80306034088134,7.537499713897705,2.4529340207379944,9,2015,2023,1.1475409836065502,4,2020,2023,,2,2022,2023,4.5130049689493426,6,2018,2023,2023,2041-2060,SSP2-4.5,ANOMALY
08301,23.9333336353302,144.46988983154296,9.868333625793458,0.3139169863969319,9,2015,2023,-4.262295081967217,4,2020,2023,,2,2022,2023,-3.6513545347467655,6,2018,2023,2023,2041-2060,SSP2-4.5,ANOMALY
08305,20.527916657924653,161.61953830718994,8.883333539962768,2.370401808247153,9,2015,2023,2.527322404371584,4,2020,2023,,2,2022,2023,-3.9335756593251183,6,2018,2023,2023,2041-2060,SSP2-4.5,ANOMALY
08307,22.873332977294922,134.417813873291,8.986667060852051,-0.30444284157988444,9,2015,2023,-1.3114754098360728,4,2020,2023,,2,2022,2023,-0.2571974743671485,6,2018,2023,2023,2041-2060,SSP2-4.5,ANOMALY
09018,15.633333301544189,107.74117075602214,13.343333435058593,-0.6776141070352253,9,2015,2023,1.3934426229508183,4,2020,2023,,2,2022,2023,-0.4444110300812814,6,2018,2023,2023,2041-2060,SSP2-4.5,ANOMALY
09059,10.211666555404662,68.5036226272583,11.133000144958498,0.047608620303140725,9,2015,2023,1.7486338797814214,4,2020,2023,,2,2022,2023,-0.42540661103175026,6,2018,2023,2023,2041-2060,SSP2-4.5,ANOMALY
09219,7.428333330154419,80.845252494812,8.974333114624024,-0.5981448318182494,9,2015,2023,-0.42349726775956287,4,2020,2023,,2,2022,2023,3.8869257950529956,6,2018,2023,2023,2041-2060,SSP2-4.5,ANOMALY
10037,20.310040610011033,220.71881750153335,23.161056837221473,-1.249695881364769,9,2015,2023,-1.5573770491803258,4,2020,2023,,2,2022,2023,3.129129357329518,6,2018,2023,2023,2041-2060,SSP2-4.5,ANOMALY
10148,25.098703845342,237.51254806518554,24.72611124250624,-1.2070664804774527,9,2015,2023,1.9125683060109275,4,2020,2023,,2,2022,2023,-1.1788061856453496,6,2018,2023,2023,2041-2060,SSP2-4.5,ANOMALY
11004,22.492221895853678,60.55253995259602,23.029999923706054,-0.34109486582245296,9,2015,2023,2.923497267759564,4,2020,2023,,2,2022,2023,9.454021975439215,6,2018,2023,2023,2041-2060,SSP2-4.5,ANOMALY
11006,18.525302969325672,182.21316344521261,20.501969892328436,-3.1578699247314077,9,2015,2023,1.4480874316939905,4,2020,2023,,2,2022,2023,-0.9422850412249772,6,2018,2023,2023,2041-2060,SSP2-4.5,ANOMALY
11012,,,,-0.24918626594222282,9,2015,2023,-0.027322404371588505,4,2020,2023,,2,2022,2023,1.9994124214113627,6,2018,2023,2023,2041-2060,SSP2-4.5,ANOMALY
11015,12.382381091799054,121.96987915039062,23.542857360839843,-0.9868722635998859,9,2015,2023,0.8606557377049147,4,2020,2023,,2,2022,2023,-0.5249506008354482,6,2018,2023,2023,2041-2060,SSP2-4.5,ANOMALY
11020,16.89144609114703,167.29028693367454,20.294583228055167,0.13908266480641834,9,2015,2023,1.3934426229508223,4,2020,2023,,2,2022,2023,8.00942285041225,6,2018,2023,2023,2041-2060,SSP2-4.5,ANOMALY
11022,27.370555480321247,78.62501312891644,24.926666005452475,-2.8948765154112035,9,2015,2023,1.5846994535519123,4,2020,2023,,2,2022,2023,-0.6700264534939843,6,2018,2023,2023,2041-2060,SSP2-4.5,ANOMALY
11027,8.615833266576132,117.55439027150472,21.698611068725587,-0.7656258399560931,9,2015,2023,0.9562841530054627,4,2020,2023,,2,2022,2023,6.263731214862705,6,2018,2023,2023,2041-2060,SSP2-4.5,ANOMALY
11028,11.770000006602361,132.7987753061148,23.231410129253682,-0.7898974685744079,9,2015,2023,2.1311475409836134,4,2020,2023,,2,2022,2023,4.713095924283053,6,2018,2023,2023,2041-2060,SSP2-4.5,ANOMALY
11030,6.475833487510681,90.16301259994506,22.52791757583618,0.25842472000418226,9,2015,2023,0.819672131147539,4,2020,2023,,2,2022,2023,5.404306159282136,6,2018,2023,2023,2041-2060,SSP2-4.5,ANOMALY
11031,,,,-0.9959234622088049,9,2015,2023,3.9617486338797834,4,2020,2023,,2,2022,2023,6.36566974166128,6,2018,2023,2023,2041-2060,SSP2-4.5,ANOMALY
11032,8.534999895095826,124.95561970302037,20.427857208251954,-1.4657163520620884,9,2015,2023,2.4316939890710403,4,2020,2023,,2,2022,2023,-0.8752654398385626,6,2018,2023,2023,2041-2060,SSP2-4.5,ANOMALY
11033,29.18619050979614,99.55647859573364,23.459999683925084,-2.9757349248200464,9,2015,2023,0.3278688524590194,4,2020,2023,,2,2022,2023,3.8869257950530027,6,2018,2023,2023,2041-2060,SSP2-4.5,ANOMALY
12009,25.75166697502136,135.19159030914307,15.072499847412109,-0.49180327868851964,4,2020,2023,0.8743169398907066,4,2020,2023,,2,2022,2023,,1,2023,2023,2023,2041-2060,SSP2-4.5,ANOMALY
12027,25.744444576899213,131.01284001668293,12.102777735392253,-0.3278688524590194,4,2020,2023,1.1202185792349746,4,2020,2023,,2,2022,2023,,1,2023,2023,2023,2041-2060,SSP2-4.5,ANOMALY
12032,25.67999997138977,115.6061357498169,15.718333339691162,-0.15764316957958258,9,2015,2023,1.9398907103825078,4,2020,2023,,2,2022,2023,-1.5312131919905738,6,2018,2023,2023,2041-2060,SSP2-4.5,ANOMALY
12040,23.68055559794108,120.56026611328124,15.825555737813314,0.16250003448057068,9,2015,2023,0.3278688524590182,4,2020,2023,,2,2022,2023,2.471827515057349,6,2018,2023,2023,2041-2060,SSP2-4.5,ANOMALY
12084,23.06400008201599,148.32462448120117,14.68300033569336,-0.05464480874316754,4,2020,2023,1.762295081967213,4,2020,2023,,2,2022,2023,,1,2023,2023,2023,2041-2060,SSP2-4.5,ANOMALY
12126,21.527222204208375,124.80654589335124,14.42888921101888,-0.2981810809245111,9,2015,2023,0.27322404371584713,4,2020,2023,,2,2022,2023,-7.413382164864552,6,2018,2023,2023,2041-2060,SSP2-4.5,ANOMALY
12135,26.438333320617676,132.79339981079102,15.6375,0.4362478615495977,9,2015,2023,1.8579234972677596,4,2020,2023,,2,2022,2023,-5.675151130380061,6,2018,2023,2023,2041-2060,SSP2-4.5,ANOMALY
12138,26.911110790570575,148.11028480529785,11.072222232818604,-0.47578184474399643,9,2015,2023,1.22950819672131,4,2020,2023,,2,2022,2023,-2.9542099567556477,6,2018,2023,2023,2041-2060,SSP2-4.5,ANOMALY
13005,24.523782040522647,231.7785880455604,16.782628037379336,-0.5942188495626418,9,2015,2023,2.2677595628415306,4,2020,2023,,2,2022,2023,-1.203195526930583,6,2018,2023,2023,2041-2060,SSP2-4.5,ANOMALY
13034,25.722500034740996,225.87432158333914,20.619642748151506,-0.8916084619957504,9,2015,2023,1.092896174863386,4,2020,2023,,2,2022,2023,2.603605409785395,6,2018,2023,2023,2041-2060,SSP2-4.5,ANOMALY
13071,24.112407398223876,213.26873236762154,21.719444953070745,-0.1939743815735362,9,2015,2023,0.7923497267759568,4,2020,2023,,2,2022,2023,-2.5897359040715577,6,2018,2023,2023,2041-2060,SSP2-4.5,ANOMALY
13082,25.905555476082696,237.6858797709147,17.38833359612359,-1.0946822684353705,9,2015,2023,0.16393442622950471,4,2020,2023,,2,2022,2023,-7.832422586520947,6,2018,2023,2023,2041-2060,SSP2-4.5,ANOMALY
13087,27.014679397069493,242.2602224790133,19.052948746314417,-0.7097261796624943,9,2015,2023,3.9071038251366117,4,2020,2023,,2,2022,2023,-4.252893824549032,6,2018,2023,2023,2041-2060,SSP2-4.5,ANOMALY
14021,18.661730788304254,236.24237961402304,22.126154063298152,-3.1055882357215805,9,2015,2023,1.6939890710382493,4,2020,2023,,2,2022,2023,0.412249705535924,6,2018,2023,2023,2041-2060,SSP2-4.5,ANOMALY
14038,22.910512869174664,221.2048200754019,22.38217940697303,-3.96581989948046,9,2015,2023,4.098360655737708,4,2020,2023,,2,2022,2023,2.37428811462779,6,2018,2023,2023,2041-2060,SSP2-4.5,ANOMALY
14056,22.197666463851927,235.4852145385742,23.000667266845703,-2.928941861130413,9,2015,2023,5.300546448087431,4,2020,2023,,2,2022,2023,-0.6683331395574132,6,2018,2023,2023,2041-2060,SSP2-4.5,ANOMALY
15002,9.705833387374877,31.61947636604309,10.36583333015442,-0.054644808743169904,4,2020,2023,0.6284153005464468,4,2020,2023,,2,2022,2023,,1,2023,2023,2023,2041-2060,SSP2-4.5,ANOMALY
15005,8.619999917348226,10.846590344111124,9.713888867696125,-0.07400220123964374,9,2015,2023,-0.5737704918032793,4,2020,2023,,2,2022,2023,2.102304629946257,6,2018,2023,2023,2041-2060,SSP2-4.5,ANOMALY
15019,8.041666666666668,13.556164447466532,9.381666612625121,-1.4727461752830249,9,2015,2023,2.5409836065573783,4,2020,2023,,2,2022,2023,6.378059690925355,6,2018,2023,2023,2041-2060,SSP2-4.5,ANOMALY
15030,15.835000038146973,14.661813592910766,9.141666316986084,-1.136326641373795,9,2015,2023,1.2704918032786892,4,2020,2023,,2,2022,2023,5.291857344223675,6,2018,2023,2023,2041-2060,SSP2-4.5,ANOMALY
15031,14.322500133514405,17.89206657409668,8.360000085830688,0.9387005511987253,9,2015,2023,-1.7759562841530054,4,2020,2023,,2,2022,2023,5.814877033089398,6,2018,2023,2023,2041-2060,SSP2-4.5,ANOMALY
15036,15.649999856948853,7.708178234100342,6.744999837875366,0.8020622139836661,9,2015,2023,2.6775956284152924,4,2020,2023,,2,2022,2023,0.9625320719979641,6,2018,2023,2023,2041-2060,SSP2-4.5,ANOMALY
15054,14.809999990463258,11.365405178070068,6.570000028610229,0.2683967637915359,9,2015,2023,-2.0218579234972673,4,2020,2023,,2,2022,2023,7.891637220259128,6,2018,2023,2023,2041-2060,SSP2-4.5,ANOMALY
15058,17.610833382606508,14.752652162313462,7.612499713897705,2.6886686799811312,9,2015,2023,-1.0928961748633816,4,2020,2023,,2,2022,2023,1.8366834656008137,6,2018,2023,2023,2041-2060,SSP2-4.5,ANOMALY
15073,8.174999888737997,26.138798189163207,11.49444440205892,0.628083113259251,9,2015,2023,2.295081967213119,4,2020,2023,,2,2022,2023,1.1484098939929304,6,2018,2023,2023,2041-2060,SSP2-4.5,ANOMALY
15078,9.511363636363637,34.07428520376032,9.598030263727361,-1.112188338523611,9,2015,2023,-3.0054644808743234,4,2020,2023,,2,2022,2023,1.705767634053565,6,2018,2023,2023,2041-2060,SSP2-4.5,ANOMALY
16078,21.285849072798243,96.79003627705124,12.052672965571565,-1.1777628829284486,9,2015,2023,0.10928961748633625,4,2020,2023,,2,2022,2023,2.0203159328037117,6,2018,2023,2023,2041-2060,SSP2-4.5,ANOMALY
17023,21.079166889190674,93.52755279541016,10.929999923706054,-1.0614837145182445,9,2015,2023,-0.46448087431694773,4,2020,2023,,2,2022,2023,0.1846563644554152,6,2018,2023,2023,2041-2060,SSP2-4.5,ANOMALY
17066,24.803333234786987,160.93842449188233,7.7975006103515625,-1.8914908954761747,9,2015,2023,0.17759562841530277,4,2020,2023,,2,2022,2023,-9.738208735418363,6,2018,2023,2023,2041-2060,SSP2-4.5,ANOMALY
17079,20.825833201408386,141.82613143920898,9.295000171661377,-0.01621966054567577,9,2015,2023,-0.6557377049180364,4,2020,2023,,2,2022,2023,-1.3616154493996888,6,2018,2023,2023,2041-2060,SSP2-4.5,ANOMALY
17095,20.241666388511657,91.3389615058899,10.50666675567627,-0.7546001011608034,9,2015,2023,-0.6830601092896156,4,2020,2023,,2,2022,2023,-1.7351216484922223,6,2018,2023,2023,2041-2060,SSP2-4.5,ANOMALY
17114,16.109166622161865,97.45866947174072,7.409166240692139,2.4929708575553793,9,2015,2023,0.24590163934425746,4,2020,2023,,2,2022,2023,-4.4479906784705605,6,2018,2023,2023,2041-2060,SSP2-4.5,ANOMALY
17155,21.301666975021362,155.90746688842773,9.823333358764648,-0.323184240531244,9,2015,2023,-3.224043715846997,4,2020,2023,,2,2022,2023,-7.357933151827609,6,2018,2023,2023,2041-2060,SSP2-4.5,ANOMALY
18017,21.692500042915345,89.92678585052491,20.417499923706053,-0.054644808743169904,4,2020,2023,0.6284153005464503,4,2020,2023,,2,2022,2023,,1,2023,2023,2023,2041-2060,SSP2-4.5,ANOMALY
18087,31.101111157735186,186.70897699991863,19.603334299723308,-1.1469037826565498,9,2015,2023,-0.0819672131147513,4,2020,2023,,2,2022,2023,1.0141262643878601,6,2018,2023,2023,2041-2060,SSP2-4.5,ANOMALY
18140,22.63555541038513,85.08507849375407,21.76694424947103,-2.7347523345205014,9,2015,2023,5.409836065573774,4,2020,2023,,2,2022,2023,2.335663985164018,6,2018,2023,2023,2041-2060,SSP2-4.5,ANOMALY
19046,21.646667003631592,179.58449630737306,16.20833377838135,-0.24590163934426337,4,2020,2023,-1.9398907103825147,4,2020,2023,,2,2022,2023,,1,2023,2023,2023,2041-2060,SSP2-4.5,ANOMALY
19130,21.310454507307572,149.48934607072312,15.327272831309926,1.0460248439854265,9,2015,2023,-0.35519125683060143,4,2020,2023,,2,2022,2023,-0.5578986030371027,6,2018,2023,2023,2041-2060,SSP2-4.5,ANOMALY
20030,3.1183332920074465,32.728183555603025,6.663333511352539,-1.8712854080982453,7,2017,2023,5.710382513661202,4,2020,2023,,2,2022,2023,8.821500061145542,4,2020,2023,2023,2041-2060,SSP2-4.5,ANOMALY
20045,3.0250001192092895,25.42510004043579,3.1449997186660767,-1.0595674017689611,8,2016,2023,3.770491803278688,4,2020,2023,,2,2022,2023,7.914084071907159,5,2019,2023,2023,2041-2060,SSP2-4.5,ANOMALY
20067,2.9433332443237306,27.20901699066162,3.0183329582214355,-0.20977913790669095,8,2016,2023,1.4617486338797794,4,2020,2023,,2,2022,2023,4.770318021201414,5,2019,2023,2023,2041-2060,SSP2-4.5,ANOMALY
20069,3.6299999952316284,18.69701156616211,2.979999828338623,0.005730230704071256,8,2016,2023,0.2185792349726749,4,2020,2023,,2,2022,2023,5.635226900643897,5,2019,2023,2023,2041-2060,SSP2-4.5,ANOMALY
21041,8.812083399295807,140.73160371780395,21.46833324432373,-0.10285119009225833,9,2015,2023,2.6502732240437155,4,2020,2023,,2,2022,2023,4.0483500357218745,6,2018,2023,2023,2041-2060,SSP2-4.5,ANOMALY
21044,10.17999999182565,151.98479494367328,22.410476248604912,-1.202185792349726,4,2020,2023,-0.1912568306010911,4,2020,2023,,2,2022,2023,,1,2023,2023,2023,2041-2060,SSP2-4.5,ANOMALY
22125,18.36452383995056,163.56384195600236,7.564285673413957,2.5550849568986997,9,2015,2023,-0.6693989071038271,4,2020,2023,,2,2022,2023,3.2041993950024192,6,2018,2023,2023,2041-2060,SSP2-4.5,ANOMALY
23005,23.516121215820313,239.9146860296076,22.4818183482777,-2.464549598173067,9,2015,2023,2.2540983606557377,4,2020,2023,,2,2022,2023,-2.0311263009519394,6,2018,2023,2023,2041-2060,SSP2-4.5,ANOMALY
23050,23.85925936963823,218.5447035047743,23.055832947625056,-2.580223229856994,9,2015,2023,2.9234972677595623,4,2020,2023,,2,2022,2023,6.595995288574805,6,2018,2023,2023,2041-2060,SSP2-4.5,ANOMALY
23055,23.853095306668962,239.29806714739115,23.290714699881416,-2.1195620691652675,9,2015,2023,3.224043715846994,4,2020,2023,,2,2022,2023,1.531213191990581,6,2018,2023,2023,2041-2060,SSP2-4.5,ANOMALY
23092,27.212380930355618,228.800656073434,23.047738048008508,-3.082057322340007,9,2015,2023,2.049180327868856,4,2020,2023,,2,2022,2023,6.776473270261027,6,2018,2023,2023,2041-2060,SSP2-4.5,ANOMALY
24089,15.675,82.56019477844238,16.70749988555908,-0.8198134281252657,9,2015,2023,0.36885245901639274,4,2020,2023,,2,2022,2023,1.0412676028752188,6,2018,2023,2023,2041-2060,SSP2-4.5,ANOMALY
24115,14.52089751316951,65.05955194693345,13.677051192063553,0.1279452376755401,9,2015,2023,0.43715846994535684,4,2020,2023,,2,2022,2023,-1.0600706713780923,6,2018,2023,2023,2041-2060,SSP2-4.5,ANOMALY
24142,15.619444481531778,75.75663356781006,15.409444363911948,-0.46679796868060686,9,2015,2023,-3.224043715846995,4,2020,2023,,2,2022,2023,-4.745598057073467,6,2018,2023,2023,2041-2060,SSP2-4.5,ANOMALY
25120,21.383518642849392,214.64306115044488,9.042037052578397,0.5436900330295487,9,2015,2023,-4.644808743169397,4,2020,2023,,2,2022,2023,-0.4922510564822211,6,2018,2023,2023,2041-2060,SSP2-4.5,ANOMALY
26089,7.550555578867595,112.91673698425294,7.365555381774902,0.6876203481968337,9,2015,2023,-1.6393442622950807,4,2020,2023,,2,2022,2023,4.100966348772117,6,2018,2023,2023,2041-2060,SSP2-4.5,ANOMALY
27028,9.626666657129922,41.39420778910319,11.4544442431132,1.101082826365129,9,2015,2023,0.9289617486338784,4,2020,2023,,2,2022,2023,6.097433817992233,6,2018,2023,2023,2041-2060,SSP2-4.5,ANOMALY
28005,22.03099986076355,193.37046829223632,15.003333282470702,1.3114754098360648,9,2015,2023,-0.9289617486338813,4,2020,2023,,2,2022,2023,0.4684687727356523,6,2018,2023,2023,2041-2060,SSP2-4.5,ANOMALY
28006,21.217777903874715,197.17001444498698,17.273332595825195,1.9287879665566074,9,2015,2023,2.773224043715847,4,2020,2023,,2,2022,2023,2.379012274163756,6,2018,2023,2023,2041-2060,SSP2-4.5,ANOMALY
28007,22.353333568573,198.36014785766602,19.74499969482422,1.6742626826338027,9,2015,2023,0.3278688524590165,4,2020,2023,,2,2022,2023,-0.2248508187911232,6,2018,2023,2023,2041-2060,SSP2-4.5,ANOMALY
28013,23.030416572093962,230.61335144042968,20.307917070388793,2.085888417787894,9,2015,2023,1.9398907103825138,4,2020,2023,,2,2022,2023,-1.019973435581278,6,2018,2023,2023,2041-2060,SSP2-4.5,ANOMALY
28014,22.98166666030884,210.06493453979493,15.431666851043701,1.4720559517187772,9,2015,2023,-0.27322404371584585,4,2020,2023,,2,2022,2023,-5.93983645106408,6,2018,2023,2023,2041-2060,SSP2-4.5,ANOMALY
28022,21.917499828338624,200.4986545562744,20.01333351135254,2.9323279131440976,9,2015,2023,-1.20218579234973,4,2020,2023,,2,2022,2023,0.4594474935050812,6,2018,2023,2023,2041-2060,SSP2-4.5,ANOMALY
28045,21.730333275794983,176.69192600250244,17.360666961669924,2.292253463900797,9,2015,2023,-1.6393442622950838,4,2020,2023,,2,2022,2023,2.6998805436516897,6,2018,2023,2023,2041-2060,SSP2-4.5,ANOMALY
28047,21.418333578109742,141.02312164306642,17.4100004196167,1.8908700913747212,9,2015,2023,-1.8306010928961751,4,2020,2023,,2,2022,2023,0.8004387253461829,6,2018,2023,2023,2041-2060,SSP2-4.5,ANOMALY
28049,23.411666870117188,223.93552169799804,20.499999809265137,1.2439900364942376,9,2015,2023,-4.508196721311475,4,2020,2023,,2,2022,2023,-1.4134275618374659,6,2018,2023,2023,2041-2060,SSP2-4.5,ANOMALY
28058,23.416666555404664,219.4538272857666,20.61333284378052,1.4246104179684917,9,2015,2023,-1.4207650273224064,4,2020,2023,,2,2022,2023,-0.6971071515090728,6,2018,2023,2023,2041-2060,SSP2-4.5,ANOMALY
28061,22.534999799728393,166.33891096115113,17.640833377838135,3.2436541512427293,9,2015,2023,-0.7377049180327866,4,2020,2023,,2,2022,2023,1.2836702774720454,6,2018,2023,2023,2041-2060,SSP2-4.5,ANOMALY
28065,22.956666593551635,221.63675216674807,19.57700107574463,1.1881258761216467,9,2015,2023,-2.1584699453551925,4,2020,2023,,2,2022,2023,-0.35544528815711846,6,2018,2023,2023,2041-2060,SSP2-4.5,ANOMALY
28074,23.538333320617674,222.49445419311525,20.549999046325684,0.7260142919115433,9,2015,2023,-3.9071038251366135,4,2020,2023,,2,2022,2023,-0.9464715905752413,6,2018,2023,2023,2041-2060,SSP2-4.5,ANOMALY
28079,21.860740787011604,200.26534929628724,18.67857996622721,0.09894144770434456,9,2015,2023,-0.8606557377049207,4,2020,2023,,2,2022,2023,1.594933286991446,6,2018,2023,2023,2041-2060,SSP2-4.5,ANOMALY
28080,21.88916668891907,206.1507709503174,20.182499408721924,1.8041922035643694,9,2015,2023,-1.598360655737705,4,2020,2023,,2,2022,2023,-0.3160902894437072,6,2018,2023,2023,2041-2060,SSP2-4.5,ANOMALY
28092,21.924166679382324,207.52509269714355,20.668333339691163,2.3031435246867087,9,2015,2023,-2.6502732240437146,4,2020,2023,,2,2022,2023,1.707891637220257,6,2018,2023,2023,2041-2060,SSP2-4.5,ANOMALY
28096,22.635333442687987,214.3172134399414,20.898000297546385,1.448087431693994,4,2020,2023,1.2841530054644794,4,2020,2023,,2,2022,2023,,1,2023,2023,2023,2041-2060,SSP2-4.5,ANOMALY
28106,22.49166612625122,196.06035766601562,20.484998321533205,2.962449004718692,9,2015,2023,0.10928961748633834,4,2020,2023,,2,2022,2023,0.0598674006688474,6,2018,2023,2023,2041-2060,SSP2-4.5,ANOMALY
28113,22.916666920979818,205.99869028727213,19.345556831359865,0.9564772442024356,9,2015,2023,-3.90710382513661,4,2020,2023,,2,2022,2023,-0.5262762198330861,6,2018,2023,2023,2041-2060,SSP2-4.5,ANOMALY
28115,20.918333435058592,193.39985275268555,19.7,4.942854660256038,9,2015,2023,0.23224043715847031,4,2020,2023,,2,2022,2023,-1.7667844522968252,6,2018,2023,2023,2041-2060,SSP2-4.5,ANOMALY
28123,22.52033363342285,222.4990338134766,17.65466636657715,1.3633298453668186,9,2015,2023,-5.846994535519125,4,2020,2023,,2,2022,2023,2.6609420317387986,6,2018,2023,2023,2041-2060,SSP2-4.5,ANOMALY
28127,22.152500104904174,198.0318519592285,18.565832996368407,4.230458011259007,9,2015,2023,-1.4754098360655754,4,2020,2023,,2,2022,2023,-0.3585082714471473,6,2018,2023,2023,2041-2060,SSP2-4.5,ANOMALY
28130,21.956666564941408,215.61325225830078,17.43416633605957,0.3562532584139504,9,2015,2023,-6.748633879781421,4,2020,2023,,2,2022,2023,-4.130990853359971,6,2018,2023,2023,2041-2060,SSP2-4.5,ANOMALY
28134,21.24000005722046,197.4879264831543,16.57333278656006,1.4642038729822966,9,2015,2023,1.6939890710382524,4,2020,2023,,2,2022,2023,4.912746744187984,6,2018,2023,2023,2041-2060,SSP2-4.5,ANOMALY
28148,21.73166651725769,209.55998916625975,16.203332901000977,2.566811168136601,9,2015,2023,0.27322404371584597,4,2020,2023,,2,2022,2023,-3.1674679951340963,6,2018,2023,2023,2041-2060,SSP2-4.5,ANOMALY
28161,22.905833315849303,207.91650390625,19.436667060852052,3.1786768706462905,9,2015,2023,-0.46448087431694124,4,2020,2023,,2,2022,2023,2.1975647576196735,6,2018,2023,2023,2041-2060,SSP2-4.5,ANOMALY
28181,21.992777760823568,204.66060206095378,20.294444783528647,2.1452494271108775,9,2015,2023,0.5327868852459036,4,2020,2023,,2,2022,2023,4.319791503955035,6,2018,2023,2023,2041-2060,SSP2-4.5,ANOMALY
28903,21.758333563804626,194.01238784790038,17.99500036239624,1.450790708451601,9,2015,2023,-4.01639344262295,4,2020,2023,,2,2022,2023,0.8130129071429977,6,2018,2023,2023,2041-2060,SSP2-4.5,ANOMALY
29007,28.22066662788391,132.38356979370116,20.055666580200192,0.09476915947401973,9,2015,2023,0.08196721311475368,4,2020,2023,,2,2022,2023,-0.22630288285157008,6,2018,2023,2023,2041-2060,SSP2-4.5,ANOMALY
29015,26.178240720431013,166.77446853849622,19.815833038753933,-1.1744436889862586,9,2015,2023,-1.4480874316939905,4,2020,2023,,2,2022,2023,-0.9684167165485581,6,2018,2023,2023,2041-2060,SSP2-4.5,ANOMALY
29025,25.367916560173036,95.82851791381836,20.492499542236327,0.15886578230898785,9,2015,2023,0.027322404371586135,4,2020,2023,,2,2022,2023,-1.6860371741387083,6,2018,2023,2023,2041-2060,SSP2-4.5,ANOMALY
29051,26.543666782379148,123.9597708129883,19.11300003051758,0.25337426866709195,9,2015,2023,0.3005464480874297,4,2020,2023,,2,2022,2023,-0.824499411071848,6,2018,2023,2023,2041-2060,SSP2-4.5,ANOMALY
29054,22.915000009536744,87.45878467559814,21.37111028035482,0.1048469627689034,9,2015,2023,0.10928961748634454,4,2020,2023,,2,2022,2023,-3.9740681982881854,6,2018,2023,2023,2041-2060,SSP2-4.5,ANOMALY
29067,27.359814874331157,138.66928787231444,19.190833176506892,1.3755667211958564,9,2015,2023,0.2732240437158495,4,2020,2023,,2,2022,2023,2.1319842695038176,6,2018,2023,2023,2041-2060,SSP2-4.5,ANOMALY
29069,25.00166675567627,118.95821830749512,19.061666793823242,-0.21857923497267726,9,2015,2023,-0.02732240437157903,4,2020,2023,,2,2022,2023,1.3563664140078742,6,2018,2023,2023,2041-2060,SSP2-4.5,ANOMALY
29070,26.477291560173036,117.51205582618714,19.654583358764647,0.028514126264388297,9,2015,2023,0.3278688524590194,4,2020,2023,,2,2022,2023,2.3415398476212888,6,2018,2023,2023,2041-2060,SSP2-4.5,ANOMALY
29082,26.074999713897704,123.18842926025391,21.449999618530274,2.5482245264438355,9,2015,2023,0.4644808743169383,4,2020,2023,,2,2022,2023,8.129847047549084,6,2018,2023,2023,2041-2060,SSP2-4.5,ANOMALY
29084,23.356666798061795,134.87693488862777,22.338981331719292,-2.156958493198463,9,2015,2023,1.2568306010928936,4,2020,2023,,2,2022,2023,-1.4855468956664335,6,2018,2023,2023,2041-2060,SSP2-4.5,ANOMALY
29094,24.898055617014567,102.62997884750366,21.035833168029786,-0.6330967349921981,9,2015,2023,0.6284153005464457,4,2020,2023,,2,2022,2023,-1.736813548812151,6,2018,2023,2023,2041-2060,SSP2-4.5,ANOMALY
29901,26.378332805633544,100.47458915710449,21.603334045410158,0.6124406721428259,9,2015,2023,0.20491803278687826,4,2020,2023,,2,2022,2023,1.4134275618374517,6,2018,2023,2023,2041-2060,SSP2-4.5,ANOMALY
30003,24.293030244653874,142.70993319424716,21.2765155098655,-1.4152136554094485,9,2015,2023,1.475409836065571,4,2020,2023,,2,2022,2023,6.042423935390992,6,2018,2023,2023,2041-2060,SSP2-4.5,ANOMALY
30005,30.364999771118164,251.46481475830078,21.441666412353516,-0.6264494126089346,9,2015,2023,-1.2295081967213117,4,2020,2023,,2,2022,2023,-1.195587471661792,6,2018,2023,2023,2041-2060,SSP2-4.5,ANOMALY
30015,29.016036025897876,151.0283734295819,21.77022531870249,0.15189263706878195,9,2015,2023,0.1229508196721305,4,2020,2023,,2,2022,2023,-0.44859666647080587,6,2018,2023,2023,2041-2060,SSP2-4.5,ANOMALY
30016,29.513466659545895,167.25581525421143,22.342666702270506,-1.0677218256513228,9,2015,2023,0.5737704918032804,4,2020,2023,,2,2022,2023,4.026715239829994,6,2018,2023,2023,2041-2060,SSP2-4.5,ANOMALY
30019,24.92395837903023,210.83050308227538,20.790416884422303,-1.504228697213692,9,2015,2023,2.7595628415300544,4,2020,2023,,2,2022,2023,2.8855368533927734,6,2018,2023,2023,2041-2060,SSP2-4.5,ANOMALY
30022,26.22308946469935,185.82441604428175,22.547154459139197,-0.089186505402993,9,2015,2023,-2.4590163934426243,4,2020,2023,,2,2022,2023,-4.371851740470646,6,2018,2023,2023,2041-2060,SSP2-4.5,ANOMALY
30024,26.498223652337725,167.80529586390446,22.21133788259406,0.32786885245901,9,2015,2023,-0.42349726775956287,4,2020,2023,,2,2022,2023,-0.16005890787892874,6,2018,2023,2023,2041-2060,SSP2-4.5,ANOMALY
30026,28.253750018278758,189.18196042378744,22.531389172871908,-2.2442439617995054,9,2015,2023,0.8469945355191275,4,2020,2023,,2,2022,2023,1.6480242365514168,6,2018,2023,2023,2041-2060,SSP2-4.5,ANOMALY
30027,27.84805547396342,236.12992630004882,20.886666933695476,0.3612477470981905,9,2015,2023,-4.2622950819672125,4,2020,2023,,2,2022,2023,-3.966980583653065,6,2018,2023,2023,2041-2060,SSP2-4.5,ANOMALY
30030,28.939634213796477,216.69061089492425,23.657073337275808,0.5756790399161149,9,2015,2023,-0.5191256830601105,4,2020,2023,,2,2022,2023,3.0174119121765868,6,2018,2023,2023,2041-2060,SSP2-4.5,ANOMALY
30035,28.439444859822594,156.79910799662272,22.751110712687172,-0.8734864716727287,9,2015,2023,0.1366120218579283,4,2020,2023,,2,2022,2023,-6.994252729535795,6,2018,2023,2023,2041-2060,SSP2-4.5,ANOMALY
30037,32.935740831163194,203.783965894911,22.26759202745226,-1.748515793095101,9,2015,2023,-0.1912568306010911,4,2020,2023,,2,2022,2023,-3.5128825394412977,6,2018,2023,2023,2041-2060,SSP2-4.5,ANOMALY
30039,26.795757454091852,168.28952220569957,22.422424108331853,0.08803212544518679,9,2015,2023,-0.9426229508196722,4,2020,2023,,2,2022,2023,-8.250786846627664,6,2018,2023,2023,2041-2060,SSP2-4.5,ANOMALY
30043,26.83294874704801,181.03125277299148,23.135705272968,-0.9639112552858755,9,2015,2023,1.4480874316939896,4,2020,2023,,2,2022,2023,-2.104987792117196,6,2018,2023,2023,2041-2060,SSP2-4.5,ANOMALY
31201,6.043333530426025,79.52117385864258,7.208333301544189,1.286856282222093,9,2015,2023,0.8606557377049182,4,2020,2023,,2,2022,2023,1.491396349261711,6,2018,2023,2023,2041-2060,SSP2-4.5,ANOMALY
31232,9.567638878027598,156.96879698435467,8.891805696487427,1.0725662325298337,9,2015,2023,-0.013661202185792476,4,2020,2023,,2,2022,2023,5.246472696288501,6,2018,2023,2023,2041-2060,SSP2-4.5,ANOMALY
32054,12.894166707992554,99.13657960891723,15.46916651725769,-2.0528911709255606,9,2015,2023,1.639344262295083,4,2020,2023,,2,2022,2023,0.46806572879122577,6,2018,2023,2023,2041-2060,SSP2-4.5,ANOMALY
33004,11.088333463668823,5.615541863441467,8.95166654586792,-3.4617927022739288,9,2015,2023,3.3606557377049198,4,2020,2023,,2,2022,2023,-1.934271208774173,6,2018,2023,2023,2041-2060,SSP2-4.5,ANOMALY
33024,8.536874991655349,8.286931498348713,7.974791657924652,-1.4879318520954654,9,2015,2023,2.076502732240428,4,2020,2023,,2,2022,2023,2.552598076659419,6,2018,2023,2023,2041-2060,SSP2-4.5,ANOMALY
33031,5.044000024795532,16.777988023757935,7.56300006866455,-0.7678271447604696,9,2015,2023,3.8524590163934427,4,2020,2023,,2,2022,2023,-3.2077090310829064,6,2018,2023,2023,2041-2060,SSP2-4.5,ANOMALY
33037,4.709047630855015,17.717153787612915,8.186190618787494,-0.6720905925205867,9,2015,2023,3.142076502732243,4,2020,2023,,2,2022,2023,-2.657881294037681,6,2018,2023,2023,2041-2060,SSP2-4.5,ANOMALY
33044,6.583333308046514,16.954376654191453,8.586969618363813,-2.274768536005977,9,2015,2023,2.4043715846994527,4,2020,2023,,2,2022,2023,3.7199932057461544,6,2018,2023,2023,2041-2060,SSP2-4.5,ANOMALY
33066,6.170909077470953,14.616027593612671,8.21378790248524,-1.5846608353125209,9,2015,2023,0.24590163934426162,4,2020,2023,,2,2022,2023,2.635471065122649,6,2018,2023,2023,2041-2060,SSP2-4.5,ANOMALY
34120,14.430416643619537,106.01866159439086,15.599583530426026,-2.329071886913587,9,2015,2023,3.333333333333334,4,2020,2023,,2,2022,2023,0.24225562999832562,6,2018,2023,2023,2041-2060,SSP2-4.5,ANOMALY
35002,21.31199994087219,132.582936668396,30.779500579833986,0.5330627591581719,9,2015,2023,-0.8196721311475486,4,2020,2023,,2,2022,2023,-1.0598595860193925,6,2018,2023,2023,2041-2060,SSP2-4.5,ANOMALY
35004,17.5383332490921,62.59759960174561,32.41000061035156,0.7815015496417884,9,2015,2023,0.24590163934425865,4,2020,2023,,2,2022,2023,-2.2733023875276657,6,2018,2023,2023,2041-2060,SSP2-4.5,ANOMALY
35006,12.789999953905742,14.782193676630655,28.232776641845703,1.0645117689084564,9,2015,2023,-0.8743169398907114,4,2020,2023,,2,2022,2023,-2.723908072704724,6,2018,2023,2023,2041-2060,SSP2-4.5,ANOMALY
35011,17.008055671056113,79.03780708312988,32.292222595214845,0.7584629137904553,9,2015,2023,2.2404371584699456,4,2020,2023,,2,2022,2023,0.7941905979924826,6,2018,2023,2023,2041-2060,SSP2-4.5,ANOMALY
35014,18.632312946416896,39.03911335614263,41.5914968685228,-0.30054644808743214,4,2020,2023,0.13661202185792357,4,2020,2023,,2,2022,2023,,1,2023,2023,2023,2041-2060,SSP2-4.5,ANOMALY
35016,16.379090909524397,26.01603125225414,32.09222167332967,-1.563698115471001,9,2015,2023,0.24590163934425863,4,2020,2023,,2,2022,2023,-0.7065069953106242,6,2018,2023,2023,2041-2060,SSP2-4.5,ANOMALY
35017,19.262283140339264,53.858244027176944,40.27577649469245,3.401739045097283,9,2015,2023,0.5191256830601058,4,2020,2023,,2,2022,2023,-4.042581036791996,6,2018,2023,2023,2041-2060,SSP2-4.5,ANOMALY
35019,16.401340535412665,101.40524065598198,26.517138058206307,0.030619095303997312,9,2015,2023,0.1639344262295026,4,2020,2023,,2,2022,2023,0.22443313925157327,6,2018,2023,2023,2041-2060,SSP2-4.5,ANOMALY
35022,19.790757604078813,136.510216106068,26.762272574684836,1.666628923418103,9,2015,2023,-0.8196721311475391,4,2020,2023,,2,2022,2023,-7.138273575068288,6,2018,2023,2023,2041-2060,SSP2-4.5,ANOMALY
35026,19.21809514250074,53.37640719413757,31.098928342546735,1.085811233215337,9,2015,2023,-0.5191256830601058,4,2020,2023,,2,2022,2023,1.304015037011201,6,2018,2023,2023,2041-2060,SSP2-4.5,ANOMALY
36008,6.498333311080932,42.50984230041504,10.696666240692139,-0.46448087431694063,4,2020,2023,1.1202185792349701,4,2020,2023,,2,2022,2023,,1,2023,2023,2023,2041-2060,SSP2-4.5,ANOMALY
36026,8.343333208560944,48.96740808486938,9.887499952316285,-1.2199657354095395,9,2015,2023,2.459016393442627,4,2020,2023,,2,2022,2023,4.215401309925203,6,2018,2023,2023,2041-2060,SSP2-4.5,ANOMALY
36038,9.700333309173583,58.00313129425049,10.115666675567628,1.2941964865892692,9,2015,2023,0.19125683060109822,4,2020,2023,,2,2022,2023,11.949126905971028,6,2018,2023,2023,2041-2060,SSP2-4.5,ANOMALY
36045,7.592500042915344,55.07568597793579,11.882500076293946,0.36462191305719693,9,2015,2023,2.9234972677595588,4,2020,2023,,2,2022,2023,-0.11778563015311505,6,2018,2023,2023,2041-2060,SSP2-4.5,ANOMALY
36057,6.077000122070313,43.128813343048094,10.998999900817871,-0.35464778434307526,9,2015,2023,1.6939890710382506,4,2020,2023,,2,2022,2023,4.345887929177193,6,2018,2023,2023,2041-2060,SSP2-4.5,ANOMALY
36060,10.135833144187927,48.28071541786194,9.135833358764648,-0.018930204176291692,9,2015,2023,2.3497267759562845,4,2020,2023,,2,2022,2023,1.3085146781491541,6,2018,2023,2023,2041-2060,SSP2-4.5,ANOMALY
37274,17.40666650136312,111.99771219889324,17.307221539815266,-2.5876274555962153,9,2015,2023,-1.2841530054644772,4,2020,2023,,2,2022,2023,5.522343869676317,6,2018,2023,2023,2041-2060,SSP2-4.5,ANOMALY
38001,11.411666665758405,58.38827832085745,24.723809432983398,0.32786885245901587,9,2015,2023,0.09562841530055147,4,2020,2023,,2,2022,2023,-3.6091818947450873,6,2018,2023,2023,2041-2060,SSP2-4.5,ANOMALY
38006,23.959500036239625,82.30295043945313,21.373331909179687,0.2871468533297943,9,2015,2023,0.6557377049180555,4,2020,2023,,2,2022,2023,-5.168497953267915,6,2018,2023,2023,2041-2060,SSP2-4.5,ANOMALY
38011,20.572083401679993,64.7152776479721,33.03875079154968,-0.6830601092896178,4,2020,2023,0.6830601092896178,4,2020,2023,,2,2022,2023,,1,2023,2023,2023,2041-2060,SSP2-4.5,ANOMALY
38017,20.4018939148296,77.53783280632713,19.904015385020863,1.3919479828925336,9,2015,2023,0.23224043715847031,4,2020,2023,,2,2022,2023,-1.4028242944160467,6,2018,2023,2023,2041-2060,SSP2-4.5,ANOMALY
38023,21.767833321094514,24.421203120946885,29.015416564941404,0.9072317221014883,9,2015,2023,0.1912568306010911,4,2020,2023,,2,2022,2023,0.04221707173947209,6,2018,2023,2023,2041-2060,SSP2-4.5,ANOMALY
38026,15.86016128447748,27.567435868712323,26.617634730185234,-1.6822105080229353,9,2015,2023,1.7213114754098355,4,2020,2023,,2,2022,2023,-1.8169172249874421,6,2018,2023,2023,2041-2060,SSP2-4.5,ANOMALY
38028,16.38666663169861,12.662707972526551,26.69999771118164,0.4608314506941632,9,2015,2023,0.16393442622948368,4,2020,2023,,2,2022,2023,-0.22063887440704852,6,2018,2023,2023,2041-2060,SSP2-4.5,ANOMALY
38031,13.981666592189246,18.81091649362019,25.76309585571289,-2.501027697083461,9,2015,2023,0.5601092896174908,4,2020,2023,,2,2022,2023,2.3342717200321865,6,2018,2023,2023,2041-2060,SSP2-4.5,ANOMALY
38038,25.995237929480417,40.560281356175736,30.402381097702754,0.0,9,2015,2023,0.5464480874316967,4,2020,2023,,2,2022,2023,2.8532032826057177,6,2018,2023,2023,2041-2060,SSP2-4.5,ANOMALY
39016,7.936666703224182,10.146709096431731,7.065000009536743,-1.8060012744019012,9,2015,2023,2.0491803278688514,4,2020,2023,,2,2022,2023,-2.8631529467066215,6,2018,2023,2023,2041-2060,SSP2-4.5,ANOMALY
39020,3.5372221867243447,13.979499165217081,6.661666679382324,-1.2144470833574676,9,2015,2023,1.3387978142076566,4,2020,2023,,2,2022,2023,4.534746760895171,6,2018,2023,2023,2041-2060,SSP2-4.5,ANOMALY
39075,7.390000033378601,4.0522173047065735,6.274166440963745,-2.326282568865015,9,2015,2023,1.5027322404371595,4,2020,2023,,2,2022,2023,-0.7067137809187258,6,2018,2023,2023,2041-2060,SSP2-4.5,ANOMALY
39087,5.824999880790711,20.661451053619384,7.006666660308838,-1.9843982312846382,9,2015,2023,1.775956284153003,4,2020,2023,,2,2022,2023,-1.825160781921241,6,2018,2023,2023,2041-2060,SSP2-4.5,ANOMALY
40194,20.894285685675484,110.601358631679,15.462619154793876,-2.4397983691891225,9,2015,2023,-2.978142076502733,4,2020,2023,,2,2022,2023,3.7543115141650194,6,2018,2023,2023,2041-2060,SSP2-4.5,ANOMALY
41004,15.39226199558803,212.6950560433524,21.43678569793701,-1.4805545866759695,9,2015,2023,0.16393442622950855,4,2020,2023,,2,2022,2023,0.05926221445428048,6,2018,2023,2023,2041-2060,SSP2-4.5,ANOMALY
41021,13.825833296775818,202.76640853881835,20.69208354949951,-2.191375596486031,9,2015,2023,-3.2650273224043707,4,2020,2023,,2,2022,2023,6.239222829386764,6,2018,2023,2023,2041-2060,SSP2-4.5,ANOMALY
41024,15.622839615963121,215.5206103854709,21.107222041377316,-3.794876314707092,9,2015,2023,0.7923497267759558,4,2020,2023,,2,2022,2023,-1.4167694929196784,6,2018,2023,2023,2041-2060,SSP2-4.5,ANOMALY
41034,14.546666741371155,213.8344955444336,20.435000038146974,-2.5965547892030565,9,2015,2023,0.7103825136612019,4,2020,2023,,2,2022,2023,2.366781110860501,6,2018,2023,2023,2041-2060,SSP2-4.5,ANOMALY
41038,14.461111044883728,214.3499496459961,21.19750010172526,0.5330368767211311,9,2015,2023,0.7650273224043704,4,2020,2023,,2,2022,2023,1.4960705941416066,6,2018,2023,2023,2041-2060,SSP2-4.5,ANOMALY
41039,17.396860477536222,223.24398289170375,21.038604816170626,-3.207003417714187,9,2015,2023,1.0655737704918031,4,2020,2023,,2,2022,2023,0.0,6,2018,2023,2023,2041-2060,SSP2-4.5,ANOMALY
41053,12.734298194082161,182.02936798898799,20.566491277594317,-3.0054644808743163,4,2020,2023,1.0245901639344261,4,2020,2023,,2,2022,2023,,1,2023,2023,2023,2041-2060,SSP2-4.5,ANOMALY
41059,13.68833339214325,207.55150833129883,20.224166488647462,1.3250893773473322,9,2015,2023,-1.17486338797814,4,2020,2023,,2,2022,2023,2.1201413427561846,6,2018,2023,2023,2041-2060,SSP2-4.5,ANOMALY
41065,18.827708333730698,202.80562416712445,22.096596749623615,-3.5700631408214107,9,2015,2023,-4.603825136612023,4,2020,2023,,2,2022,2023,-1.3817498090369582,6,2018,2023,2023,2041-2060,SSP2-4.5,ANOMALY
41069,15.181250023841859,214.12670364379883,19.99833393096924,-4.419664407499662,9,2015,2023,-0.6557377049180326,4,2020,2023,,2,2022,2023,-2.0551339731088354,6,2018,2023,2023,2041-2060,SSP2-4.5,ANOMALY
41081,15.437777908643085,228.80668436686196,20.684166653951007,-3.5664530201585833,9,2015,2023,0.10928961748633775,4,2020,2023,,2,2022,2023,2.0293656561606332,6,2018,2023,2023,2041-2060,SSP2-4.5,ANOMALY
41091,14.06366654396057,210.4917755126953,21.021333160400392,-0.17003836763167088,9,2015,2023,-0.2732240437158495,4,2020,2023,,2,2022,2023,6.478209658421676,6,2018,2023,2023,2041-2060,SSP2-4.5,ANOMALY
41095,16.055585555772524,205.54334725044868,19.675720709723397,-1.5787618992450132,9,2015,2023,1.5027322404371595,4,2020,2023,,2,2022,2023,-0.00822610024090551,6,2018,2023,2023,2041-2060,SSP2-4.5,ANOMALY
42173,13.261354196071625,79.91312736272812,11.708645689487458,-3.1216324587123765,9,2015,2023,-0.05464480874316635,4,2020,2023,,2,2022,2023,3.6688015355387122,6,2018,2023,2023,2041-2060,SSP2-4.5,ANOMALY
43038,28.7616667509079,162.69169921875,9.192500400543214,-2.679970239305725,9,2015,2023,-0.49180327868851614,4,2020,2023,,2,2022,2023,1.6551247887237668,6,2018,2023,2023,2041-2060,SSP2-4.5,ANOMALY
43123,22.498333120346068,153.63258514404296,8.99166660308838,0.38475666953788357,9,2015,2023,-2.3087431693989062,4,2020,2023,,2,2022,2023,2.6327984707177166,6,2018,2023,2023,2041-2060,SSP2-4.5,ANOMALY
43148,26.894999957084657,141.96733837127687,8.611666870117187,1.7309274170190592,9,2015,2023,0.06830601092896534,4,2020,2023,,2,2022,2023,5.823051227094556,6,2018,2023,2023,2041-2060,SSP2-4.5,ANOMALY
43155,25.766296270158556,169.8002443101671,8.565740542941622,0.7065049411489686,9,2015,2023,-1.3114754098360635,4,2020,2023,,2,2022,2023,-4.7209626787582835,6,2018,2023,2023,2041-2060,SSP2-4.5,ANOMALY
43163,23.716666889190673,154.53738250732422,9.30000057220459,-0.7137800970632462,9,2015,2023,-0.027322404371588505,4,2020,2023,,2,2022,2023,4.6186489943029905,6,2018,2023,2023,2041-2060,SSP2-4.5,ANOMALY
43905,27.628333568572998,131.43831367492675,8.823333358764648,-1.8579234972677579,4,2020,2023,0.0,4,2020,2023,,2,2022,2023,,1,2023,2023,2023,2041-2060,SSP2-4.5,ANOMALY
44216,20.479385920574792,106.59989082938746,9.857982374492444,0.714099519202918,9,2015,2023,-0.9289617486338813,4,2020,2023,,2,2022,2023,2.992908939183492,6,2018,2023,2023,2041-2060,SSP2-4.5,ANOMALY
45081,22.91666684150696,204.33072204589843,19.751667022705078,-2.3224043715847014,4,2020,2023,-3.5519125683060064,4,2020,2023,,2,2022,2023,,1,2023,2023,2023,2041-2060,SSP2-4.5,ANOMALY
45165,27.61083341042201,240.40293229420976,22.060277764002482,0.17310625808569452,9,2015,2023,1.1748633879781416,4,2020,2023,,2,2022,2023,0.741367491235286,6,2018,2023,2023,2041-2060,SSP2-4.5,ANOMALY
45168,24.26583334604899,237.99670588175454,20.36194477081299,-0.13103168626542328,9,2015,2023,0.08196721311475486,4,2020,2023,,2,2022,2023,3.1802120141342733,6,2018,2023,2023,2041-2060,SSP2-4.5,ANOMALY
46005,22.4819442431132,156.11660849253337,17.355833053588867,1.2724345631228162,9,2015,2023,-2.4590163934426217,4,2020,2023,,2,2022,2023,-1.5830934054096417,6,2018,2023,2023,2041-2060,SSP2-4.5,ANOMALY
46017,26.616944432258606,203.9276264190674,19.06916691462199,0.20989156902209735,9,2015,2023,0.40983606557377134,4,2020,2023,,2,2022,2023,-6.373511320507791,6,2018,2023,2023,2041-2060,SSP2-4.5,ANOMALY
46021,22.259999752044678,153.87418441772462,17.133333206176758,-0.3998989117697026,9,2015,2023,5.437158469945355,4,2020,2023,,2,2022,2023,2.1201413427561846,6,2018,2023,2023,2041-2060,SSP2-4.5,ANOMALY
46029,26.365833640098572,193.1301300048828,19.66666660308838,-0.3399152781560872,9,2015,2023,5.0,4,2020,2023,,2,2022,2023,-6.21486270873535,6,2018,2023,2023,2041-2060,SSP2-4.5,ANOMALY
46078,22.440416300296782,134.96200037002563,18.10166645050049,2.4435143200403067,9,2015,2023,-1.5846994535519108,4,2020,2023,,2,2022,2023,-5.782564385301036,6,2018,2023,2023,2041-2060,SSP2-4.5,ANOMALY
46094,22.98833336830139,144.1955593585968,18.03979151248932,1.5027322404371581,4,2020,2023,0.9016393442622945,4,2020,2023,,2,2022,2023,,1,2023,2023,2023,2041-2060,SSP2-4.5,ANOMALY
46102,21.86499981880188,163.37777976989747,15.873333549499511,0.456086200292539,9,2015,2023,2.568306010928958,4,2020,2023,,2,2022,2023,1.8001248656407067,6,2018,2023,2023,2041-2060,SSP2-4.5,ANOMALY
46110,22.427499628067018,146.71029415130616,17.70083293914795,2.3056596673161924,9,2015,2023,-0.5737704918032817,4,2020,2023,,2,2022,2023,6.69437453926129,6,2018,2023,2023,2041-2060,SSP2-4.5,ANOMALY
46131,23.097777827580767,151.2429951985677,16.916666666666664,0.6607100627712512,9,2015,2023,-0.09562841530054556,4,2020,2023,,2,2022,2023,-2.127092625847183,6,2018,2023,2023,2041-2060,SSP2-4.5,ANOMALY
46145,26.79666690826416,205.8203155517578,19.88749990463257,-0.052541597521116756,9,2015,2023,1.3934426229508219,4,2020,2023,,2,2022,2023,0.6143721722780426,6,2018,2023,2023,2041-2060,SSP2-4.5,ANOMALY
46159,22.101110808054607,154.71904493967693,17.189166609446207,0.6116551020299146,9,2015,2023,1.0928961748633885,4,2020,2023,,2,2022,2023,2.0445727843425323,6,2018,2023,2023,2041-2060,SSP2-4.5,ANOMALY
46169,22.24999942779541,140.72961921691893,17.941666030883788,1.6686941242348765,9,2015,2023,-2.2677595628415297,4,2020,2023,,2,2022,2023,-3.9227996744564564,6,2018,2023,2023,2041-2060,SSP2-4.5,ANOMALY
46181,27.07999994754791,162.90759830474855,18.514166831970215,1.1238919872199564,9,2015,2023,0.054644808743169904,4,2020,2023,,2,2022,2023,-0.2355712603062443,6,2018,2023,2023,2041-2060,SSP2-4.5,ANOMALY
46184,23.092666692733765,140.81178283691406,20.10566680908203,0.13114754098360776,9,2015,2023,4.12568306010929,4,2020,2023,,2,2022,2023,-2.899531363556624,6,2018,2023,2023,2041-2060,SSP2-4.5,ANOMALY
46190,22.0466667175293,155.8943832397461,17.166666984558105,1.705848157191026,9,2015,2023,0.9153005464480888,4,2020,2023,,2,2022,2023,1.2327384947925235,6,2018,2023,2023,2041-2060,SSP2-4.5,ANOMALY
46220,23.076000089645383,117.05066452026367,16.456999893188474,0.8577730604801723,9,2015,2023,1.0792349726775932,4,2020,2023,,2,2022,2023,-2.2340425531914914,6,2018,2023,2023,2041-2060,SSP2-4.5,ANOMALY
46235,23.061250340938567,137.9834500312805,18.212916326522826,-1.842352664668899,9,2015,2023,1.6939890710382528,4,2020,2023,,2,2022,2023,0.5706340863451681,6,2018,2023,2023,2041-2060,SSP2-4.5,ANOMALY
46244,22.40222199757894,164.98912569681804,17.404444440205893,1.8567929794532283,9,2015,2023,-2.295081967213117,4,2020,2023,,2,2022,2023,3.3823262450869844,6,2018,2023,2023,2041-2060,SSP2-4.5,ANOMALY
46250,22.60592596795824,127.00065752665202,17.90166634453667,2.875756507432871,9,2015,2023,-1.1202185792349724,4,2020,2023,,2,2022,2023,1.0337945200170537,6,2018,2023,2023,2041-2060,SSP2-4.5,ANOMALY
47186,15.738125079870224,119.88003988265991,15.967499947547912,-0.15775993967764626,9,2015,2023,-1.0928961748633885,4,2020,2023,,2,2022,2023,0.6249182044235031,6,2018,2023,2023,2041-2060,SSP2-4.5,ANOMALY
48013,3.558333396911621,25.924613380432127,6.77833366394043,-0.6928981057753567,9,2015,2023,1.612021857923499,4,2020,2023,,2,2022,2023,1.1335566131970154,6,2018,2023,2023,2041-2060,SSP2-4.5,ANOMALY
48015,4.511666631698608,36.97281942367554,7.324999904632568,-1.20528730773689,9,2015,2023,2.5683060109289624,4,2020,2023,,2,2022,2023,2.7431103759951263,6,2018,2023,2023,2041-2060,SSP2-4.5,ANOMALY
48020,4.538333320617676,31.90469748179118,7.113333384195964,-0.5627256812265294,9,2015,2023,0.38251366120218455,4,2020,2023,,2,2022,2023,3.000251018556064,6,2018,2023,2023,2041-2060,SSP2-4.5,ANOMALY
48027,3.5887499153614044,34.205999159812926,6.560416674613952,-2.669072728318402,9,2015,2023,2.773224043715847,4,2020,2023,,2,2022,2023,-0.8336883609419535,6,2018,2023,2023,2041-2060,SSP2-4.5,ANOMALY
48036,4.809999918937683,37.53392457962036,7.379999828338623,-2.3380889826523124,9,2015,2023,6.229508196721311,4,2020,2023,,2,2022,2023,6.183745583038871,6,2018,2023,2023,2041-2060,SSP2-4.5,ANOMALY
48044,,,,-0.6670485927492802,9,2015,2023,0.6284153005464528,4,2020,2023,,2,2022,2023,3.2001595805311744,6,2018,2023,2023,2041-2060,SSP2-4.5,ANOMALY
48054,6.058333325386047,25.885939025878905,6.951666831970215,-0.3650902593936221,9,2015,2023,-1.0655737704918014,4,2020,2023,,2,2022,2023,1.447201219229031,6,2018,2023,2023,2041-2060,SSP2-4.5,ANOMALY
48078,4.669999980926514,22.13160171508789,6.386666679382325,-1.1828769597933713,9,2015,2023,-1.5573770491803285,4,2020,2023,,2,2022,2023,4.135755984218015,6,2018,2023,2023,2041-2060,SSP2-4.5,ANOMALY
48082,4.669999980926514,22.13160171508789,6.386666679382325,-1.3714793643991463,9,2015,2023,-4.972677595628413,4,2020,2023,,2,2022,2023,0.8255822966321755,6,2018,2023,2023,2041-2060,SSP2-4.5,ANOMALY
48084,4.867083346843719,25.391146993637086,6.800416755676269,-1.794184914811865,9,2015,2023,0.4918032786885256,4,2020,2023,,2,2022,2023,6.1248527679623095,6,2018,2023,2023,2041-2060,SSP2-4.5,ANOMALY
49275,16.839166665077208,123.71839186350505,18.978889687856036,-2.521904060725669,9,2015,2023,-0.06830601092896238,4,2020,2023,,2,2022,2023,-0.12754372563997265,6,2018,2023,2023,2041-2060,SSP2-4.5,ANOMALY
50297,14.135388915538787,191.26419373830157,10.74419438680013,0.3645739826182316,9,2015,2023,-0.1912568306010905,4,2020,2023,,2,2022,2023,0.10037108806059081,6,2018,2023,2023,2041-2060,SSP2-4.5,ANOMALY
51001,17.18083336353302,23.612648916244506,26.44166679382324,-2.9454782648860256,9,2015,2023,-4.071038251366116,4,2020,2023,,2,2022,2023,-0.1534590557729807,6,2018,2023,2023,2041-2060,SSP2-4.5,ANOMALY
52001,20.636666679382323,85.72331924438477,20.838333129882812,-1.2849895970405831,9,2015,2023,0.8196721311475391,4,2020,2023,,2,2022,2023,0.14996749631517758,6,2018,2023,2023,2041-2060,SSP2-4.5,ANOMALY
