cod_ine,anio_referencia,viviendas,fuente
01059,2021,119853,"INE, Censo de Población y Viviendas 2021, tabla 59525"
02003,2021,86881,"INE, Censo de Población y Viviendas 2021, tabla 59525"
02009,2021,13292,"INE, Censo de Población y Viviendas 2021, tabla 59525"
02037,2021,16661,"INE, Censo de Población y Viviendas 2021, tabla 59525"
02081,2021,15102,"INE, Censo de Población y Viviendas 2021, tabla 59525"
03009,2021,33876,"INE, Censo de Población y Viviendas 2021, tabla 59525"
03014,2021,187658,"INE, Censo de Población y Viviendas 2021, tabla 59525"
03031,2021,60479,"INE, Censo de Población y Viviendas 2021, tabla 59525"
03047,2021,26156,"INE, Censo de Población y Viviendas 2021, tabla 59525"
03050,2021,26801,"INE, Censo de Población y Viviendas 2021, tabla 59525"
03059,2021,15357,"INE, Censo de Población y Viviendas 2021, tabla 59525"
03063,2021,45237,"INE, Censo de Población y Viviendas 2021, tabla 59525"
03065,2021,116080,"INE, Censo de Población y Viviendas 2021, tabla 59525"
03066,2021,27488,"INE, Censo de Población y Viviendas 2021, tabla 59525"
03082,2021,26819,"INE, Censo de Población y Viviendas 2021, tabla 59525"
03093,2021,13780,"INE, Censo de Población y Viviendas 2021, tabla 59525"
03099,2021,88508,"INE, Censo de Población y Viviendas 2021, tabla 59525"
03104,2021,16474,"INE, Censo de Población y Viviendas 2021, tabla 59525"
03121,2021,45155,"INE, Censo de Población y Viviendas 2021, tabla 59525"
03122,2021,27151,"INE, Censo de Población y Viviendas 2021, tabla 59525"
03133,2021,122736,"INE, Censo de Población y Viviendas 2021, tabla 59525"
03139,2021,25780,"INE, Censo de Población y Viviendas 2021, tabla 59525"
03140,2021,18609,"INE, Censo de Población y Viviendas 2021, tabla 59525"
04013,2021,100957,"INE, Censo de Población y Viviendas 2021, tabla 59525"
04066,2021,15503,"INE, Censo de Población y Viviendas 2021, tabla 59525"
04079,2021,62150,"INE, Censo de Población y Viviendas 2021, tabla 59525"
04902,2021,40014,"INE, Censo de Población y Viviendas 2021, tabla 59525"
05019,2021,34843,"INE, Censo de Población y Viviendas 2021, tabla 59525"
06011,2021,17292,"INE, Censo de Población y Viviendas 2021, tabla 59525"
06015,2021,74594,"INE, Censo de Población y Viviendas 2021, tabla 59525"
06044,2021,21262,"INE, Censo de Población y Viviendas 2021, tabla 59525"
06083,2021,31358,"INE, Censo de Población y Viviendas 2021, tabla 59525"
06153,2021,14092,"INE, Censo de Población y Viviendas 2021, tabla 59525"
07011,2021,36492,"INE, Censo de Población y Viviendas 2021, tabla 59525"
07015,2021,17887,"INE, Censo de Población y Viviendas 2021, tabla 59525"
07026,2021,23938,"INE, Censo de Población y Viviendas 2021, tabla 59525"
07027,2021,15863,"INE, Censo de Población y Viviendas 2021, tabla 59525"
07031,2021,23312,"INE, Censo de Población y Viviendas 2021, tabla 59525"
07032,2021,15173,"INE, Censo de Población y Viviendas 2021, tabla 59525"
07033,2021,28571,"INE, Censo de Población y Viviendas 2021, tabla 59525"
07036,2021,15048,"INE, Censo de Población y Viviendas 2021, tabla 59525"
07040,2021,186482,"INE, Censo de Población y Viviendas 2021, tabla 59525"
07054,2021,22810,"INE, Censo de Población y Viviendas 2021, tabla 59525"
08015,2021,91915,"INE, Censo de Población y Viviendas 2021, tabla 59525"
08019,2021,808751,"INE, Censo de Población y Viviendas 2021, tabla 59525"
08056,2021,28708,"INE, Censo de Población y Viviendas 2021, tabla 59525"
08073,2021,37034,"INE, Censo de Población y Viviendas 2021, tabla 59525"
08077,2021,19420,"INE, Censo de Población y Viviendas 2021, tabla 59525"
08089,2021,20359,"INE, Censo de Población y Viviendas 2021, tabla 59525"
08096,2021,26298,"INE, Censo de Población y Viviendas 2021, tabla 59525"
08101,2021,110488,"INE, Censo de Población y Viviendas 2021, tabla 59525"
08102,2021,18257,"INE, Censo de Población y Viviendas 2021, tabla 59525"
08113,2021,40136,"INE, Censo de Población y Viviendas 2021, tabla 59525"
08114,2021,10685,"INE, Censo de Población y Viviendas 2021, tabla 59525"
08121,2021,52996,"INE, Censo de Población y Viviendas 2021, tabla 59525"
08124,2021,20857,"INE, Censo de Población y Viviendas 2021, tabla 59525"
08125,2021,15304,"INE, Censo de Población y Viviendas 2021, tabla 59525"
08163,2021,16297,"INE, Censo de Población y Viviendas 2021, tabla 59525"
08169,2021,26518,"INE, Censo de Población y Viviendas 2021, tabla 59525"
08172,2021,12313,"INE, Censo de Población y Viviendas 2021, tabla 59525"
08180,2021,15427,"INE, Censo de Población y Viviendas 2021, tabla 59525"
08184,2021,32476,"INE, Censo de Población y Viviendas 2021, tabla 59525"
08187,2021,92772,"INE, Censo de Población y Viviendas 2021, tabla 59525"
08194,2021,14877,"INE, Censo de Población y Viviendas 2021, tabla 59525"
08196,2021,10536,"INE, Censo de Población y Viviendas 2021, tabla 59525"
08200,2021,33904,"INE, Censo de Población y Viviendas 2021, tabla 59525"
08205,2021,35770,"INE, Censo de Población y Viviendas 2021, tabla 59525"
08211,2021,18719,"INE, Censo de Población y Viviendas 2021, tabla 59525"
08217,2021,13577,"INE, Censo de Población y Viviendas 2021, tabla 59525"
08231,2021,14150,"INE, Censo de Población y Viviendas 2021, tabla 59525"
08245,2021,48100,"INE, Censo de Población y Viviendas 2021, tabla 59525"
08252,2021,13768,"INE, Censo de Población y Viviendas 2021, tabla 59525"
08260,2021,10045,"INE, Censo de Población y Viviendas 2021, tabla 59525"
08263,2021,11530,"INE, Censo de Población y Viviendas 2021, tabla 59525"
08266,2021,23858,"INE, Censo de Población y Viviendas 2021, tabla 59525"
08270,2021,19230,"INE, Censo de Población y Viviendas 2021, tabla 59525"
08279,2021,101134,"INE, Censo de Población y Viviendas 2021, tabla 59525"
08298,2021,19836,"INE, Censo de Población y Viviendas 2021, tabla 59525"
08301,2021,26586,"INE, Censo de Población y Viviendas 2021, tabla 59525"
08305,2021,18264,"INE, Censo de Población y Viviendas 2021, tabla 59525"
08307,2021,33155,"INE, Censo de Población y Viviendas 2021, tabla 59525"
09018,2021,19708,"INE, Censo de Población y Viviendas 2021, tabla 59525"
09059,2021,93766,"INE, Censo de Población y Viviendas 2021, tabla 59525"
09219,2021,21007,"INE, Censo de Población y Viviendas 2021, tabla 59525"
10037,2021,53756,"INE, Censo de Población y Viviendas 2021, tabla 59525"
10148,2021,22443,"INE, Censo de Población y Viviendas 2021, tabla 59525"
11004,2021,55815,"INE, Censo de Población y Viviendas 2021, tabla 59525"
11006,2021,15460,"INE, Censo de Población y Viviendas 2021, tabla 59525"
11012,2021,56479,"INE, Censo de Población y Viviendas 2021, tabla 59525"
11015,2021,49229,"INE, Censo de Población y Viviendas 2021, tabla 59525"
11020,2021,92974,"INE, Censo de Población y Viviendas 2021, tabla 59525"
11022,2021,30028,"INE, Censo de Población y Viviendas 2021, tabla 59525"
11027,2021,49077,"INE, Censo de Población y Viviendas 2021, tabla 59525"
11028,2021,18626,"INE, Censo de Población y Viviendas 2021, tabla 59525"
11030,2021,26868,"INE, Censo de Población y Viviendas 2021, tabla 59525"
11031,2021,39564,"INE, Censo de Población y Viviendas 2021, tabla 59525"
11032,2021,34536,"INE, Censo de Población y Viviendas 2021, tabla 59525"
11033,2021,19625,"INE, Censo de Población y Viviendas 2021, tabla 59525"
12009,2021,15657,"INE, Censo de Población y Viviendas 2021, tabla 59525"
12027,2021,17897,"INE, Censo de Población y Viviendas 2021, tabla 59525"
12032,2021,20301,"INE, Censo de Población y Viviendas 2021, tabla 59525"
12040,2021,91229,"INE, Censo de Población y Viviendas 2021, tabla 59525"
12084,2021,14658,"INE, Censo de Población y Viviendas 2021, tabla 59525"
12126,2021,15906,"INE, Censo de Población y Viviendas 2021, tabla 59525"
12135,2021,25363,"INE, Censo de Población y Viviendas 2021, tabla 59525"
12138,2021,20887,"INE, Censo de Población y Viviendas 2021, tabla 59525"
13005,2021,17129,"INE, Censo de Población y Viviendas 2021, tabla 59525"
13034,2021,41592,"INE, Censo de Población y Viviendas 2021, tabla 59525"
13071,2021,26589,"INE, Censo de Población y Viviendas 2021, tabla 59525"
13082,2021,19217,"INE, Censo de Población y Viviendas 2021, tabla 59525"
13087,2021,17368,"INE, Censo de Población y Viviendas 2021, tabla 59525"
14021,2021,155400,"INE, Censo de Población y Viviendas 2021, tabla 59525"
14038,2021,21141,"INE, Censo de Población y Viviendas 2021, tabla 59525"
14056,2021,14955,"INE, Censo de Población y Viviendas 2021, tabla 59525"
15002,2021,16701,"INE, Censo de Población y Viviendas 2021, tabla 59525"
15005,2021,17841,"INE, Censo de Población y Viviendas 2021, tabla 59525"
15019,2021,19427,"INE, Censo de Población y Viviendas 2021, tabla 59525"
15030,2021,136205,"INE, Censo de Población y Viviendas 2021, tabla 59525"
15031,2021,15752,"INE, Censo de Población y Viviendas 2021, tabla 59525"
15036,2021,42672,"INE, Censo de Población y Viviendas 2021, tabla 59525"
15054,2021,21735,"INE, Censo de Población y Viviendas 2021, tabla 59525"
15058,2021,19268,"INE, Censo de Población y Viviendas 2021, tabla 59525"
15073,2021,17097,"INE, Censo de Población y Viviendas 2021, tabla 59525"
15078,2021,56746,"INE, Censo de Población y Viviendas 2021, tabla 59525"
16078,2021,31611,"INE, Censo de Población y Viviendas 2021, tabla 59525"
17023,2021,25589,"INE, Censo de Población y Viviendas 2021, tabla 59525"
17066,2021,21062,"INE, Censo de Población y Viviendas 2021, tabla 59525"
17079,2021,50333,"INE, Censo de Población y Viviendas 2021, tabla 59525"
17095,2021,25496,"INE, Censo de Población y Viviendas 2021, tabla 59525"
17114,2021,16713,"INE, Censo de Población y Viviendas 2021, tabla 59525"
17155,2021,11642,"INE, Censo de Población y Viviendas 2021, tabla 59525"
18017,2021,29769,"INE, Censo de Población y Viviendas 2021, tabla 59525"
18087,2021,141257,"INE, Censo de Población y Viviendas 2021, tabla 59525"
18140,2021,32841,"INE, Censo de Población y Viviendas 2021, tabla 59525"
19046,2021,14220,"INE, Censo de Población y Viviendas 2021, tabla 59525"
19130,2021,41937,"INE, Censo de Población y Viviendas 2021, tabla 59525"
20030,2021,13535,"INE, Censo de Población y Viviendas 2021, tabla 59525"
20045,2021,28045,"INE, Censo de Población y Viviendas 2021, tabla 59525"
20067,2021,17999,"INE, Censo de Población y Viviendas 2021, tabla 59525"
20069,2021,94733,"INE, Censo de Población y Viviendas 2021, tabla 59525"
21041,2021,68714,"INE, Censo de Población y Viviendas 2021, tabla 59525"
21044,2021,21967,"INE, Censo de Población y Viviendas 2021, tabla 59525"
22125,2021,29309,"INE, Censo de Población y Viviendas 2021, tabla 59525"
23005,2021,20048,"INE, Censo de Población y Viviendas 2021, tabla 59525"
23050,2021,58293,"INE, Censo de Población y Viviendas 2021, tabla 59525"
23055,2021,29385,"INE, Censo de Población y Viviendas 2021, tabla 59525"
23092,2021,18318,"INE, Censo de Población y Viviendas 2021, tabla 59525"
24089,2021,79199,"INE, Censo de Población y Viviendas 2021, tabla 59525"
24115,2021,42549,"INE, Censo de Población y Viviendas 2021, tabla 59525"
24142,2021,17161,"INE, Censo de Población y Viviendas 2021, tabla 59525"
25120,2021,68299,"INE, Censo de Población y Viviendas 2021, tabla 59525"
26089,2021,78908,"INE, Censo de Población y Viviendas 2021, tabla 59525"
27028,2021,62648,"INE, Censo de Población y Viviendas 2021, tabla 59525"
28005,2021,79588,"INE, Censo de Población y Viviendas 2021, tabla 59525"
28006,2021,42744,"INE, Censo de Población y Viviendas 2021, tabla 59525"
28007,2021,70601,"INE, Censo de Población y Viviendas 2021, tabla 59525"
28013,2021,25682,"INE, Censo de Población y Viviendas 2021, tabla 59525"
28014,2021,21573,"INE, Censo de Población y Viviendas 2021, tabla 59525"
28022,2021,19874,"INE, Censo de Población y Viviendas 2021, tabla 59525"
28045,2021,20461,"INE, Censo de Población y Viviendas 2021, tabla 59525"
28047,2021,27922,"INE, Censo de Población y Viviendas 2021, tabla 59525"
28049,2021,31337,"INE, Censo de Población y Viviendas 2021, tabla 59525"
28058,2021,70944,"INE, Censo de Población y Viviendas 2021, tabla 59525"
28061,2021,15295,"INE, Censo de Población y Viviendas 2021, tabla 59525"
28065,2021,79835,"INE, Censo de Población y Viviendas 2021, tabla 59525"
28074,2021,77962,"INE, Censo de Población y Viviendas 2021, tabla 59525"
28079,2021,1533221,"INE, Censo de Población y Viviendas 2021, tabla 59525"
28080,2021,25577,"INE, Censo de Población y Viviendas 2021, tabla 59525"
28092,2021,82103,"INE, Censo de Población y Viviendas 2021, tabla 59525"
28096,2021,12156,"INE, Censo de Población y Viviendas 2021, tabla 59525"
28106,2021,47256,"INE, Censo de Población y Viviendas 2021, tabla 59525"
28113,2021,21507,"INE, Censo de Población y Viviendas 2021, tabla 59525"
28115,2021,32327,"INE, Censo de Población y Viviendas 2021, tabla 59525"
28123,2021,35980,"INE, Censo de Población y Viviendas 2021, tabla 59525"
28127,2021,35404,"INE, Censo de Población y Viviendas 2021, tabla 59525"
28130,2021,15621,"INE, Censo de Población y Viviendas 2021, tabla 59525"
28134,2021,36032,"INE, Censo de Población y Viviendas 2021, tabla 59525"
28148,2021,50494,"INE, Censo de Población y Viviendas 2021, tabla 59525"
28161,2021,28896,"INE, Censo de Población y Viviendas 2021, tabla 59525"
28181,2021,11252,"INE, Censo de Población y Viviendas 2021, tabla 59525"
28903,2021,18542,"INE, Censo de Población y Viviendas 2021, tabla 59525"
29007,2021,17000,"INE, Censo de Población y Viviendas 2021, tabla 59525"
29015,2021,20944,"INE, Censo de Población y Viviendas 2021, tabla 59525"
29025,2021,48663,"INE, Censo de Población y Viviendas 2021, tabla 59525"
29051,2021,50366,"INE, Censo de Población y Viviendas 2021, tabla 59525"
29054,2021,48887,"INE, Censo de Población y Viviendas 2021, tabla 59525"
29067,2021,261857,"INE, Censo de Población y Viviendas 2021, tabla 59525"
29069,2021,100282,"INE, Censo de Población y Viviendas 2021, tabla 59525"
29070,2021,62030,"INE, Censo de Población y Viviendas 2021, tabla 59525"
29082,2021,27620,"INE, Censo de Población y Viviendas 2021, tabla 59525"
29084,2021,19462,"INE, Censo de Población y Viviendas 2021, tabla 59525"
29094,2021,50454,"INE, Censo de Población y Viviendas 2021, tabla 59525"
29901,2021,42938,"INE, Censo de Población y Viviendas 2021, tabla 59525"
30003,2021,26137,"INE, Censo de Población y Viviendas 2021, tabla 59525"
30005,2021,18107,"INE, Censo de Población y Viviendas 2021, tabla 59525"
30015,2021,14630,"INE, Censo de Población y Viviendas 2021, tabla 59525"
30016,2021,125253,"INE, Censo de Población y Viviendas 2021, tabla 59525"
30019,2021,16704,"INE, Censo de Población y Viviendas 2021, tabla 59525"
30022,2021,13679,"INE, Censo de Población y Viviendas 2021, tabla 59525"
30024,2021,42431,"INE, Censo de Población y Viviendas 2021, tabla 59525"
30026,2021,31537,"INE, Censo de Población y Viviendas 2021, tabla 59525"
30027,2021,32908,"INE, Censo de Población y Viviendas 2021, tabla 59525"
30030,2021,219740,"INE, Censo de Población y Viviendas 2021, tabla 59525"
30035,2021,41372,"INE, Censo de Población y Viviendas 2021, tabla 59525"
30037,2021,21899,"INE, Censo de Población y Viviendas 2021, tabla 59525"
30039,2021,15390,"INE, Censo de Población y Viviendas 2021, tabla 59525"
30043,2021,19242,"INE, Censo de Población y Viviendas 2021, tabla 59525"
31201,2021,94761,"INE, Censo de Población y Viviendas 2021, tabla 59525"
31232,2021,17007,"INE, Censo de Población y Viviendas 2021, tabla 59525"
32054,2021,67492,"INE, Censo de Población y Viviendas 2021, tabla 59525"
33004,2021,42296,"INE, Censo de Población y Viviendas 2021, tabla 59525"
33024,2021,148955,"INE, Censo de Población y Viviendas 2021, tabla 59525"
33031,2021,25962,"INE, Censo de Población y Viviendas 2021, tabla 59525"
33037,2021,25878,"INE, Censo de Población y Viviendas 2021, tabla 59525"
33044,2021,127210,"INE, Censo de Población y Viviendas 2021, tabla 59525"
33066,2021,29569,"INE, Censo de Población y Viviendas 2021, tabla 59525"
34120,2021,44610,"INE, Censo de Población y Viviendas 2021, tabla 59525"
35002,2021,14365,"INE, Censo de Población y Viviendas 2021, tabla 59525"
35004,2021,25339,"INE, Censo de Población y Viviendas 2021, tabla 59525"
35006,2021,17003,"INE, Censo de Población y Viviendas 2021, tabla 59525"
35011,2021,13881,"INE, Censo de Población y Viviendas 2021, tabla 59525"
35014,2021,16893,"INE, Censo de Población y Viviendas 2021, tabla 59525"
35016,2021,175181,"INE, Censo de Población y Viviendas 2021, tabla 59525"
35017,2021,18683,"INE, Censo de Población y Viviendas 2021, tabla 59525"
35019,2021,32766,"INE, Censo de Población y Viviendas 2021, tabla 59525"
35022,2021,30372,"INE, Censo de Población y Viviendas 2021, tabla 59525"
35026,2021,46739,"INE, Censo de Población y Viviendas 2021, tabla 59525"
36008,2021,15731,"INE, Censo de Población y Viviendas 2021, tabla 59525"
36026,2021,12577,"INE, Censo de Población y Viviendas 2021, tabla 59525"
36038,2021,42646,"INE, Censo de Población y Viviendas 2021, tabla 59525"
36045,2021,14215,"INE, Censo de Población y Viviendas 2021, tabla 59525"
36057,2021,144293,"INE, Censo de Población y Viviendas 2021, tabla 59525"
36060,2021,21149,"INE, Censo de Población y Viviendas 2021, tabla 59525"
37274,2021,92553,"INE, Censo de Población y Viviendas 2021, tabla 59525"
38001,2021,26798,"INE, Censo de Población y Viviendas 2021, tabla 59525"
38006,2021,53746,"INE, Censo de Población y Viviendas 2021, tabla 59525"
38011,2021,14205,"INE, Censo de Población y Viviendas 2021, tabla 59525"
38017,2021,24284,"INE, Censo de Población y Viviendas 2021, tabla 59525"
38023,2021,74096,"INE, Censo de Población y Viviendas 2021, tabla 59525"
38026,2021,17819,"INE, Censo de Población y Viviendas 2021, tabla 59525"
38028,2021,20779,"INE, Censo de Población y Viviendas 2021, tabla 59525"
38031,2021,17417,"INE, Censo de Población y Viviendas 2021, tabla 59525"
38038,2021,97227,"INE, Censo de Población y Viviendas 2021, tabla 59525"
39016,2021,13768,"INE, Censo de Población y Viviendas 2021, tabla 59525"
39020,2021,24994,"INE, Censo de Población y Viviendas 2021, tabla 59525"
39075,2021,93407,"INE, Censo de Población y Viviendas 2021, tabla 59525"
39087,2021,26596,"INE, Censo de Población y Viviendas 2021, tabla 59525"
40194,2021,29036,"INE, Censo de Población y Viviendas 2021, tabla 59525"
41004,2021,32822,"INE, Censo de Población y Viviendas 2021, tabla 59525"
41021,2021,13079,"INE, Censo de Población y Viviendas 2021, tabla 59525"
41024,2021,15565,"INE, Censo de Población y Viviendas 2021, tabla 59525"
41034,2021,13904,"INE, Censo de Población y Viviendas 2021, tabla 59525"
41038,2021,56736,"INE, Censo de Población y Viviendas 2021, tabla 59525"
41039,2021,18684,"INE, Censo de Población y Viviendas 2021, tabla 59525"
41053,2021,12629,"INE, Censo de Población y Viviendas 2021, tabla 59525"
41059,2021,19554,"INE, Censo de Población y Viviendas 2021, tabla 59525"
41065,2021,13352,"INE, Censo de Población y Viviendas 2021, tabla 59525"
41069,2021,16512,"INE, Censo de Población y Viviendas 2021, tabla 59525"
41081,2021,16016,"INE, Censo de Población y Viviendas 2021, tabla 59525"
41091,2021,327393,"INE, Censo de Población y Viviendas 2021, tabla 59525"
41095,2021,23030,"INE, Censo de Población y Viviendas 2021, tabla 59525"
42173,2021,25244,"INE, Censo de Población y Viviendas 2021, tabla 59525"
43038,2021,31733,"INE, Censo de Población y Viviendas 2021, tabla 59525"
43123,2021,51284,"INE, Censo de Población y Viviendas 2021, tabla 59525"
43148,2021,67200,"INE, Censo de Población y Viviendas 2021, tabla 59525"
43155,2021,19654,"INE, Censo de Población y Viviendas 2021, tabla 59525"
43163,2021,31063,"INE, Censo de Población y Viviendas 2021, tabla 59525"
43905,2021,31523,"INE, Censo de Población y Viviendas 2021, tabla 59525"
44216,2021,21490,"INE, Censo de Población y Viviendas 2021, tabla 59525"
45081,2021,12265,"INE, Censo de Población y Viviendas 2021, tabla 59525"
45165,2021,43263,"INE, Censo de Población y Viviendas 2021, tabla 59525"
45168,2021,40498,"INE, Censo de Población y Viviendas 2021, tabla 59525"
46005,2021,13175,"INE, Censo de Población y Viviendas 2021, tabla 59525"
46017,2021,24652,"INE, Censo de Población y Viviendas 2021, tabla 59525"
46021,2021,14434,"INE, Censo de Población y Viviendas 2021, tabla 59525"
46029,2021,14059,"INE, Censo de Población y Viviendas 2021, tabla 59525"
46078,2021,17991,"INE, Censo de Población y Viviendas 2021, tabla 59525"
46094,2021,12401,"INE, Censo de Población y Viviendas 2021, tabla 59525"
46102,2021,12037,"INE, Censo de Población y Viviendas 2021, tabla 59525"
46110,2021,13504,"INE, Censo de Población y Viviendas 2021, tabla 59525"
46131,2021,54541,"INE, Censo de Población y Viviendas 2021, tabla 59525"
46145,2021,16908,"INE, Censo de Población y Viviendas 2021, tabla 59525"
46159,2021,14239,"INE, Censo de Población y Viviendas 2021, tabla 59525"
46169,2021,20270,"INE, Censo de Población y Viviendas 2021, tabla 59525"
46181,2021,21085,"INE, Censo de Población y Viviendas 2021, tabla 59525"
46184,2021,19230,"INE, Censo de Población y Viviendas 2021, tabla 59525"
46190,2021,33020,"INE, Censo de Población y Viviendas 2021, tabla 59525"
46220,2021,41287,"INE, Censo de Población y Viviendas 2021, tabla 59525"
46235,2021,25186,"INE, Censo de Población y Viviendas 2021, tabla 59525"
46244,2021,40564,"INE, Censo de Población y Viviendas 2021, tabla 59525"
46250,2021,414988,"INE, Censo de Población y Viviendas 2021, tabla 59525"
47186,2021,159363,"INE, Censo de Población y Viviendas 2021, tabla 59525"
48013,2021,46654,"INE, Censo de Población y Viviendas 2021, tabla 59525"
48015,2021,19257,"INE, Censo de Población y Viviendas 2021, tabla 59525"
48020,2021,165685,"INE, Censo de Población y Viviendas 2021, tabla 59525"
48027,2021,13360,"INE, Censo de Población y Viviendas 2021, tabla 59525"
48036,2021,13683,"INE, Censo de Población y Viviendas 2021, tabla 59525"
48044,2021,34366,"INE, Censo de Población y Viviendas 2021, tabla 59525"
48054,2021,13804,"INE, Censo de Población y Viviendas 2021, tabla 59525"
48078,2021,21560,"INE, Censo de Población y Viviendas 2021, tabla 59525"
48082,2021,21669,"INE, Censo de Población y Viviendas 2021, tabla 59525"
48084,2021,13547,"INE, Censo de Población y Viviendas 2021, tabla 59525"
49275,2021,39710,"INE, Censo de Población y Viviendas 2021, tabla 59525"
50297,2021,338961,"INE, Censo de Población y Viviendas 2021, tabla 59525"
51001,2021,28315,"INE, Censo de Población y Viviendas 2021, tabla 59525"
52001,2021,29347,"INE, Censo de Población y Viviendas 2021, tabla 59525"
