cod_ine,anio,inmuebles_total,inmuebles_persona_fisica,inmuebles_sociedades,inmuebles_otras_entidades,fuente
02003,2024,87555,82771,2895,1889,"Dirección General del Catastro, padrón urbano residencial por tipo de persona fiscal"
02003,2025,87650,83108,2795,1747,"Dirección General del Catastro, padrón urbano residencial por tipo de persona fiscal"
02009,2024,12996,12235,450,311,"Dirección General del Catastro, padrón urbano residencial por tipo de persona fiscal"
02009,2025,13034,12281,451,302,"Dirección General del Catastro, padrón urbano residencial por tipo de persona fiscal"
02037,2024,14015,13094,553,368,"Dirección General del Catastro, padrón urbano residencial por tipo de persona fiscal"
02037,2025,14030,13144,522,364,"Dirección General del Catastro, padrón urbano residencial por tipo de persona fiscal"
02081,2024,14793,14035,512,246,"Dirección General del Catastro, padrón urbano residencial por tipo de persona fiscal"
02081,2025,14767,14027,499,241,"Dirección General del Catastro, padrón urbano residencial por tipo de persona fiscal"
03009,2024,31688,29600,1238,850,"Dirección General del Catastro, padrón urbano residencial por tipo de persona fiscal"
03009,2025,31747,29686,1218,843,"Dirección General del Catastro, padrón urbano residencial por tipo de persona fiscal"
03014,2024,188150,175175,8650,4325,"Dirección General del Catastro, padrón urbano residencial por tipo de persona fiscal"
03014,2025,188842,176126,8499,4217,"Dirección General del Catastro, padrón urbano residencial por tipo de persona fiscal"
03031,2024,61557,54255,5208,2094,"Dirección General del Catastro, padrón urbano residencial por tipo de persona fiscal"
03031,2025,61852,54703,5158,1991,"Dirección General del Catastro, padrón urbano residencial por tipo de persona fiscal"
03047,2024,26361,23560,1585,1216,"Dirección General del Catastro, padrón urbano residencial por tipo de persona fiscal"
03047,2025,26421,23726,1477,1218,"Dirección General del Catastro, padrón urbano residencial por tipo de persona fiscal"
03050,2024,26144,23953,1290,901,"Dirección General del Catastro, padrón urbano residencial por tipo de persona fiscal"
03050,2025,26212,24092,1274,846,"Dirección General del Catastro, padrón urbano residencial por tipo de persona fiscal"
03059,2024,14966,14256,463,247,"Dirección General del Catastro, padrón urbano residencial por tipo de persona fiscal"
03059,2025,14970,14311,427,232,"Dirección General del Catastro, padrón urbano residencial por tipo de persona fiscal"
03063,2024,46219,41575,2930,1714,"Dirección General del Catastro, padrón urbano residencial por tipo de persona fiscal"
03063,2025,46689,42007,3055,1627,"Dirección General del Catastro, padrón urbano residencial por tipo de persona fiscal"
03065,2024,116087,109873,4206,2008,"Dirección General del Catastro, padrón urbano residencial por tipo de persona fiscal"
03065,2025,116514,110513,4256,1745,"Dirección General del Catastro, padrón urbano residencial por tipo de persona fiscal"
03066,2024,24817,23342,997,478,"Dirección General del Catastro, padrón urbano residencial por tipo de persona fiscal"
03066,2025,24881,23474,965,442,"Dirección General del Catastro, padrón urbano residencial por tipo de persona fiscal"
03082,2024,26614,24621,1490,503,"Dirección General del Catastro, padrón urbano residencial por tipo de persona fiscal"
03082,2025,26886,24709,1667,510,"Dirección General del Catastro, padrón urbano residencial por tipo de persona fiscal"
03093,2024,13677,12968,370,339,"Dirección General del Catastro, padrón urbano residencial por tipo de persona fiscal"
03093,2025,13707,13030,353,324,"Dirección General del Catastro, padrón urbano residencial por tipo de persona fiscal"
03099,2024,90008,79532,3612,6864,"Dirección General del Catastro, padrón urbano residencial por tipo de persona fiscal"
03099,2025,90509,80638,3519,6352,"Dirección General del Catastro, padrón urbano residencial por tipo de persona fiscal"
03104,2024,16222,15537,338,347,"Dirección General del Catastro, padrón urbano residencial por tipo de persona fiscal"
03104,2025,16232,15551,342,339,"Dirección General del Catastro, padrón urbano residencial por tipo de persona fiscal"
03121,2024,43884,41709,1454,721,"Dirección General del Catastro, padrón urbano residencial por tipo de persona fiscal"
03121,2025,44201,42046,1465,690,"Dirección General del Catastro, padrón urbano residencial por tipo de persona fiscal"
03122,2024,26773,25507,957,309,"Dirección General del Catastro, padrón urbano residencial por tipo de persona fiscal"
03122,2025,26816,25604,917,295,"Dirección General del Catastro, padrón urbano residencial por tipo de persona fiscal"
03133,2024,124502,113565,3599,7338,"Dirección General del Catastro, padrón urbano residencial por tipo de persona fiscal"
03133,2025,124885,114411,3602,6872,"Dirección General del Catastro, padrón urbano residencial por tipo de persona fiscal"
03139,2024,25562,23589,1392,581,"Dirección General del Catastro, padrón urbano residencial por tipo de persona fiscal"
03139,2025,25722,23847,1314,561,"Dirección General del Catastro, padrón urbano residencial por tipo de persona fiscal"
03140,2024,18519,17445,564,510,"Dirección General del Catastro, padrón urbano residencial por tipo de persona fiscal"
03140,2025,18513,17488,541,484,"Dirección General del Catastro, padrón urbano residencial por tipo de persona fiscal"
04013,2024,99734,92673,4216,2845,"Dirección General del Catastro, padrón urbano residencial por tipo de persona fiscal"
04013,2025,100641,93555,4272,2814,"Dirección General del Catastro, padrón urbano residencial por tipo de persona fiscal"
04066,2024,12419,11249,870,300,"Dirección General del Catastro, padrón urbano residencial por tipo de persona fiscal"
04066,2025,12496,11377,832,287,"Dirección General del Catastro, padrón urbano residencial por tipo de persona fiscal"
04079,2024,60942,54004,6540,398,"Dirección General del Catastro, padrón urbano residencial por tipo de persona fiscal"
04079,2025,61121,54540,6200,381,"Dirección General del Catastro, padrón urbano residencial por tipo de persona fiscal"
04902,2024,38007,34417,3242,348,"Dirección General del Catastro, padrón urbano residencial por tipo de persona fiscal"
04902,2025,38246,34991,2886,369,"Dirección General del Catastro, padrón urbano residencial por tipo de persona fiscal"
05019,2024,34356,32812,1135,409,"Dirección General del Catastro, padrón urbano residencial por tipo de persona fiscal"
05019,2025,34402,32924,1069,409,"Dirección General del Catastro, padrón urbano residencial por tipo de persona fiscal"
06011,2024,17254,16135,727,392,"Dirección General del Catastro, padrón urbano residencial por tipo de persona fiscal"
06011,2025,17358,16264,711,383,"Dirección General del Catastro, padrón urbano residencial por tipo de persona fiscal"
06015,2024,75446,69181,2007,4258,"Dirección General del Catastro, padrón urbano residencial por tipo de persona fiscal"
06015,2025,75534,69500,1819,4215,"Dirección General del Catastro, padrón urbano residencial por tipo de persona fiscal"
06044,2024,20928,19928,442,558,"Dirección General del Catastro, padrón urbano residencial por tipo de persona fiscal"
06044,2025,20971,19976,454,541,"Dirección General del Catastro, padrón urbano residencial por tipo de persona fiscal"
06083,2024,28782,26943,755,1084,"Dirección General del Catastro, padrón urbano residencial por tipo de persona fiscal"
06083,2025,29163,27016,724,1423,"Dirección General del Catastro, padrón urbano residencial por tipo de persona fiscal"
06153,2024,13719,13035,147,537,"Dirección General del Catastro, padrón urbano residencial por tipo de persona fiscal"
06153,2025,13733,13053,155,525,"Dirección General del Catastro, padrón urbano residencial por tipo de persona fiscal"
07011,2024,34399,31178,1789,1432,"Dirección General del Catastro, padrón urbano residencial por tipo de persona fiscal"
07011,2025,34499,31350,1781,1368,"Dirección General del Catastro, padrón urbano residencial por tipo de persona fiscal"
07015,2024,17349,15603,1520,226,"Dirección General del Catastro, padrón urbano residencial por tipo de persona fiscal"
07015,2025,17395,15646,1531,218,"Dirección General del Catastro, padrón urbano residencial por tipo de persona fiscal"
07026,2024,24231,20771,2817,643,"Dirección General del Catastro, padrón urbano residencial por tipo de persona fiscal"
07026,2025,24369,20877,2876,616,"Dirección General del Catastro, padrón urbano residencial por tipo de persona fiscal"
07027,2024,12734,12017,465,252,"Dirección General del Catastro, padrón urbano residencial por tipo de persona fiscal"
07027,2025,12748,12049,441,258,"Dirección General del Catastro, padrón urbano residencial por tipo de persona fiscal"
07031,2024,18318,17517,621,180,"Dirección General del Catastro, padrón urbano residencial por tipo de persona fiscal"
07031,2025,18479,17597,699,183,"Dirección General del Catastro, padrón urbano residencial por tipo de persona fiscal"
07032,2024,14236,12865,1081,290,"Dirección General del Catastro, padrón urbano residencial por tipo de persona fiscal"
07032,2025,14252,12933,1041,278,"Dirección General del Catastro, padrón urbano residencial por tipo de persona fiscal"
07033,2024,27026,25614,1127,285,"Dirección General del Catastro, padrón urbano residencial por tipo de persona fiscal"
07033,2025,27197,25775,1154,268,"Dirección General del Catastro, padrón urbano residencial por tipo de persona fiscal"
07036,2024,13566,13204,312,50,"Dirección General del Catastro, padrón urbano residencial por tipo de persona fiscal"
07036,2025,13645,13309,286,50,"Dirección General del Catastro, padrón urbano residencial por tipo de persona fiscal"
07040,2024,177734,165347,9323,3064,"Dirección General del Catastro, padrón urbano residencial por tipo de persona fiscal"
07040,2025,178675,166281,9244,3150,"Dirección General del Catastro, padrón urbano residencial por tipo de persona fiscal"
07054,2024,17149,14532,2361,256,"Dirección General del Catastro, padrón urbano residencial por tipo de persona fiscal"
07054,2025,17237,14593,2395,249,"Dirección General del Catastro, padrón urbano residencial por tipo de persona fiscal"
08015,2024,90116,83680,5221,1215,"Dirección General del Catastro, padrón urbano residencial por tipo de persona fiscal"
08015,2025,90929,84406,5255,1268,"Dirección General del Catastro, padrón urbano residencial por tipo de persona fiscal"
08019,2024,704375,629981,55025,19369,"Dirección General del Catastro, padrón urbano residencial por tipo de persona fiscal"
08019,2025,706624,632848,54453,19323,"Dirección General del Catastro, padrón urbano residencial por tipo de persona fiscal"
08056,2024,27436,25677,1599,160,"Dirección General del Catastro, padrón urbano residencial por tipo de persona fiscal"
08056,2025,27527,25764,1605,158,"Dirección General del Catastro, padrón urbano residencial por tipo de persona fiscal"
08073,2024,36253,34313,1509,431,"Dirección General del Catastro, padrón urbano residencial por tipo de persona fiscal"
08073,2025,36391,34508,1449,434,"Dirección General del Catastro, padrón urbano residencial por tipo de persona fiscal"
08077,2024,18637,17464,1065,108,"Dirección General del Catastro, padrón urbano residencial por tipo de persona fiscal"
08077,2025,18815,17612,1092,111,"Dirección General del Catastro, padrón urbano residencial por tipo de persona fiscal"
08089,2024,19909,18697,806,406,"Dirección General del Catastro, padrón urbano residencial por tipo de persona fiscal"
08089,2025,19947,18742,802,403,"Dirección General del Catastro, padrón urbano residencial por tipo de persona fiscal"
08096,2024,25780,23513,1903,364,"Dirección General del Catastro, padrón urbano residencial por tipo de persona fiscal"
08096,2025,26050,23818,1842,390,"Dirección General del Catastro, padrón urbano residencial por tipo de persona fiscal"
08101,2024,106574,98076,6758,1740,"Dirección General del Catastro, padrón urbano residencial por tipo de persona fiscal"
08101,2025,107193,98909,6484,1800,"Dirección General del Catastro, padrón urbano residencial por tipo de persona fiscal"
08102,2024,17193,15583,1405,205,"Dirección General del Catastro, padrón urbano residencial por tipo de persona fiscal"
08102,2025,17252,15644,1395,213,"Dirección General del Catastro, padrón urbano residencial por tipo de persona fiscal"
08113,2024,33613,29484,3448,681,"Dirección General del Catastro, padrón urbano residencial por tipo de persona fiscal"
08113,2025,33740,29659,3365,716,"Dirección General del Catastro, padrón urbano residencial por tipo de persona fiscal"
08114,2024,10768,9799,779,190,"Dirección General del Catastro, padrón urbano residencial por tipo de persona fiscal"
08114,2025,10915,9898,808,209,"Dirección General del Catastro, padrón urbano residencial por tipo de persona fiscal"
08121,2024,51687,47338,3657,692,"Dirección General del Catastro, padrón urbano residencial por tipo de persona fiscal"
08121,2025,52265,47943,3608,714,"Dirección General del Catastro, padrón urbano residencial por tipo de persona fiscal"
08124,2024,20838,19421,1110,307,"Dirección General del Catastro, padrón urbano residencial por tipo de persona fiscal"
08124,2025,20907,19533,1051,323,"Dirección General del Catastro, padrón urbano residencial por tipo de persona fiscal"
08125,2024,14769,13581,852,336,"Dirección General del Catastro, padrón urbano residencial por tipo de persona fiscal"
08125,2025,14802,13639,812,351,"Dirección General del Catastro, padrón urbano residencial por tipo de persona fiscal"
08163,2024,16130,14958,832,340,"Dirección General del Catastro, padrón urbano residencial por tipo de persona fiscal"
08163,2025,16170,15032,801,337,"Dirección General del Catastro, padrón urbano residencial por tipo de persona fiscal"
08169,2024,25968,24956,623,389,"Dirección General del Catastro, padrón urbano residencial por tipo de persona fiscal"
08169,2025,26209,25216,604,389,"Dirección General del Catastro, padrón urbano residencial por tipo de persona fiscal"
08172,2024,12168,11600,478,90,"Dirección General del Catastro, padrón urbano residencial por tipo de persona fiscal"
08172,2025,12190,11614,486,90,"Dirección General del Catastro, padrón urbano residencial por tipo de persona fiscal"
08180,2024,15126,14202,730,194,"Dirección General del Catastro, padrón urbano residencial por tipo de persona fiscal"
08180,2025,15177,14277,702,198,"Dirección General del Catastro, padrón urbano residencial por tipo de persona fiscal"
08184,2024,31818,29203,2228,387,"Dirección General del Catastro, padrón urbano residencial por tipo de persona fiscal"
08184,2025,31949,29389,2111,449,"Dirección General del Catastro, padrón urbano residencial por tipo de persona fiscal"
08187,2024,91776,83625,7086,1065,"Dirección General del Catastro, padrón urbano residencial por tipo de persona fiscal"
08187,2025,92354,84339,6871,1144,"Dirección General del Catastro, padrón urbano residencial por tipo de persona fiscal"
08194,2024,14943,13443,644,856,"Dirección General del Catastro, padrón urbano residencial por tipo de persona fiscal"
08194,2025,15022,13461,702,859,"Dirección General del Catastro, padrón urbano residencial por tipo de persona fiscal"
08196,2024,10176,9576,444,156,"Dirección General del Catastro, padrón urbano residencial por tipo de persona fiscal"
08196,2025,10183,9648,378,157,"Dirección General del Catastro, padrón urbano residencial por tipo de persona fiscal"
08200,2024,33635,31869,1465,301,"Dirección General del Catastro, padrón urbano residencial por tipo de persona fiscal"
08200,2025,33800,32092,1414,294,"Dirección General del Catastro, padrón urbano residencial por tipo de persona fiscal"
08205,2024,34545,30718,3653,174,"Dirección General del Catastro, padrón urbano residencial por tipo de persona fiscal"
08205,2025,34704,30930,3603,171,"Dirección General del Catastro, padrón urbano residencial por tipo de persona fiscal"
08211,2024,18560,17594,694,272,"Dirección General del Catastro, padrón urbano residencial por tipo de persona fiscal"
08211,2025,18590,17647,619,324,"Dirección General del Catastro, padrón urbano residencial por tipo de persona fiscal"
08217,2024,13806,12881,834,91,"Dirección General del Catastro, padrón urbano residencial por tipo de persona fiscal"
08217,2025,14074,12963,1025,86,"Dirección General del Catastro, padrón urbano residencial por tipo de persona fiscal"
08231,2024,14210,13008,859,343,"Dirección General del Catastro, padrón urbano residencial por tipo de persona fiscal"
08231,2025,14346,13143,830,373,"Dirección General del Catastro, padrón urbano residencial por tipo de persona fiscal"
08245,2024,46269,42749,2784,736,"Dirección General del Catastro, padrón urbano residencial por tipo de persona fiscal"
08245,2025,46352,42934,2610,808,"Dirección General del Catastro, padrón urbano residencial por tipo de persona fiscal"
08252,2024,13316,12514,617,185,"Dirección General del Catastro, padrón urbano residencial por tipo de persona fiscal"
08252,2025,13349,12611,549,189,"Dirección General del Catastro, padrón urbano residencial por tipo de persona fiscal"
08260,2024,9710,9085,437,188,"Dirección General del Catastro, padrón urbano residencial por tipo de persona fiscal"
08260,2025,9765,9184,389,192,"Dirección General del Catastro, padrón urbano residencial por tipo de persona fiscal"
08263,2024,10811,10422,321,68,"Dirección General del Catastro, padrón urbano residencial por tipo de persona fiscal"
08263,2025,10849,10460,315,74,"Dirección General del Catastro, padrón urbano residencial por tipo de persona fiscal"
08266,2024,23312,22117,925,270,"Dirección General del Catastro, padrón urbano residencial por tipo de persona fiscal"
08266,2025,23429,22225,935,269,"Dirección General del Catastro, padrón urbano residencial por tipo de persona fiscal"
08270,2024,18950,16330,2288,332,"Dirección General del Catastro, padrón urbano residencial por tipo de persona fiscal"
08270,2025,19022,16465,2219,338,"Dirección General del Catastro, padrón urbano residencial por tipo de persona fiscal"
08279,2024,98400,88248,8808,1344,"Dirección General del Catastro, padrón urbano residencial por tipo de persona fiscal"
08279,2025,98551,89029,8179,1343,"Dirección General del Catastro, padrón urbano residencial por tipo de persona fiscal"
08298,2024,19283,16838,2002,443,"Dirección General del Catastro, padrón urbano residencial por tipo de persona fiscal"
08298,2025,19447,16968,1948,531,"Dirección General del Catastro, padrón urbano residencial por tipo de persona fiscal"
08301,2024,26073,25060,907,106,"Dirección General del Catastro, padrón urbano residencial por tipo de persona fiscal"
08301,2025,26577,25498,961,118,"Dirección General del Catastro, padrón urbano residencial por tipo de persona fiscal"
08305,2024,17922,16232,1333,357,"Dirección General del Catastro, padrón urbano residencial por tipo de persona fiscal"
08305,2025,18092,16394,1324,374,"Dirección General del Catastro, padrón urbano residencial por tipo de persona fiscal"
08307,2024,31768,28916,2371,481,"Dirección General del Catastro, padrón urbano residencial por tipo de persona fiscal"
08307,2025,32488,29459,2459,570,"Dirección General del Catastro, padrón urbano residencial por tipo de persona fiscal"
09018,2024,19094,18382,532,180,"Dirección General del Catastro, padrón urbano residencial por tipo de persona fiscal"
09018,2025,19116,18498,434,184,"Dirección General del Catastro, padrón urbano residencial por tipo de persona fiscal"
09059,2024,94362,90211,2367,1784,"Dirección General del Catastro, padrón urbano residencial por tipo de persona fiscal"
09059,2025,95247,91070,2405,1772,"Dirección General del Catastro, padrón urbano residencial por tipo de persona fiscal"
09219,2024,20489,19878,404,207,"Dirección General del Catastro, padrón urbano residencial por tipo de persona fiscal"
09219,2025,20512,19905,402,205,"Dirección General del Catastro, padrón urbano residencial por tipo de persona fiscal"
10037,2024,54348,51105,977,2266,"Dirección General del Catastro, padrón urbano residencial por tipo de persona fiscal"
10037,2025,54556,51335,1017,2204,"Dirección General del Catastro, padrón urbano residencial por tipo de persona fiscal"
10148,2024,22006,20687,458,861,"Dirección General del Catastro, padrón urbano residencial por tipo de persona fiscal"
10148,2025,22041,20781,411,849,"Dirección General del Catastro, padrón urbano residencial por tipo de persona fiscal"
11004,2024,54738,49164,2265,3309,"Dirección General del Catastro, padrón urbano residencial por tipo de persona fiscal"
11004,2025,54862,49447,2160,3255,"Dirección General del Catastro, padrón urbano residencial por tipo de persona fiscal"
11006,2024,15399,14125,555,719,"Dirección General del Catastro, padrón urbano residencial por tipo de persona fiscal"
11006,2025,15467,14213,544,710,"Dirección General del Catastro, padrón urbano residencial por tipo de persona fiscal"
11012,2024,51825,47131,2210,2484,"Dirección General del Catastro, padrón urbano residencial por tipo de persona fiscal"
11012,2025,52092,47377,2212,2503,"Dirección General del Catastro, padrón urbano residencial por tipo de persona fiscal"
11015,2024,43210,39984,2527,699,"Dirección General del Catastro, padrón urbano residencial por tipo de persona fiscal"
11015,2025,43299,40211,2422,666,"Dirección General del Catastro, padrón urbano residencial por tipo de persona fiscal"
11020,2024,91100,84280,4281,2539,"Dirección General del Catastro, padrón urbano residencial por tipo de persona fiscal"
11020,2025,91708,85012,4298,2398,"Dirección General del Catastro, padrón urbano residencial por tipo de persona fiscal"
11022,2024,29362,26000,1461,1901,"Dirección General del Catastro, padrón urbano residencial por tipo de persona fiscal"
11022,2025,29428,26135,1398,1895,"Dirección General del Catastro, padrón urbano residencial por tipo de persona fiscal"
11027,2024,45956,42504,2089,1363,"Dirección General del Catastro, padrón urbano residencial por tipo de persona fiscal"
11027,2025,46205,42821,2027,1357,"Dirección General del Catastro, padrón urbano residencial por tipo de persona fiscal"
11028,2024,16526,15875,250,401,"Dirección General del Catastro, padrón urbano residencial por tipo de persona fiscal"
11028,2025,16674,15993,286,395,"Dirección General del Catastro, padrón urbano residencial por tipo de persona fiscal"
11030,2024,27252,25956,891,405,"Dirección General del Catastro, padrón urbano residencial por tipo de persona fiscal"
11030,2025,27439,26087,925,427,"Dirección General del Catastro, padrón urbano residencial por tipo de persona fiscal"
11031,2024,38987,37542,838,607,"Dirección General del Catastro, padrón urbano residencial por tipo de persona fiscal"
11031,2025,39064,37663,820,581,"Dirección General del Catastro, padrón urbano residencial por tipo de persona fiscal"
11032,2024,32223,30492,1052,679,"Dirección General del Catastro, padrón urbano residencial por tipo de persona fiscal"
11032,2025,32454,30747,981,726,"Dirección General del Catastro, padrón urbano residencial por tipo de persona fiscal"
11033,2024,18961,15977,2035,949,"Dirección General del Catastro, padrón urbano residencial por tipo de persona fiscal"
11033,2025,19028,16163,1958,907,"Dirección General del Catastro, padrón urbano residencial por tipo de persona fiscal"
12009,2024,15609,14554,855,200,"Dirección General del Catastro, padrón urbano residencial por tipo de persona fiscal"
12009,2025,15635,14676,759,200,"Dirección General del Catastro, padrón urbano residencial por tipo de persona fiscal"
12027,2024,17677,16291,1239,147,"Dirección General del Catastro, padrón urbano residencial por tipo de persona fiscal"
12027,2025,17761,16396,1223,142,"Dirección General del Catastro, padrón urbano residencial por tipo de persona fiscal"
12032,2024,20286,19170,788,328,"Dirección General del Catastro, padrón urbano residencial por tipo de persona fiscal"
12032,2025,20337,19280,724,333,"Dirección General del Catastro, padrón urbano residencial por tipo de persona fiscal"
12040,2024,86928,81493,4185,1250,"Dirección General del Catastro, padrón urbano residencial por tipo de persona fiscal"
12040,2025,87243,82018,3989,1236,"Dirección General del Catastro, padrón urbano residencial por tipo de persona fiscal"
12084,2024,14199,13430,639,130,"Dirección General del Catastro, padrón urbano residencial por tipo de persona fiscal"
12084,2025,14219,13490,602,127,"Dirección General del Catastro, padrón urbano residencial por tipo de persona fiscal"
12126,2024,14894,14311,404,179,"Dirección General del Catastro, padrón urbano residencial por tipo de persona fiscal"
12126,2025,14929,14423,329,177,"Dirección General del Catastro, padrón urbano residencial por tipo de persona fiscal"
12135,2024,24878,23645,1099,134,"Dirección General del Catastro, padrón urbano residencial por tipo de persona fiscal"
12135,2025,24891,23781,989,121,"Dirección General del Catastro, padrón urbano residencial por tipo de persona fiscal"
12138,2024,21021,19774,946,301,"Dirección General del Catastro, padrón urbano residencial por tipo de persona fiscal"
12138,2025,21086,19986,806,294,"Dirección General del Catastro, padrón urbano residencial por tipo de persona fiscal"
13005,2024,15935,14831,654,450,"Dirección General del Catastro, padrón urbano residencial por tipo de persona fiscal"
13005,2025,15954,14871,641,442,"Dirección General del Catastro, padrón urbano residencial por tipo de persona fiscal"
13034,2024,40467,38384,1260,823,"Dirección General del Catastro, padrón urbano residencial por tipo de persona fiscal"
13034,2025,40686,38587,1281,818,"Dirección General del Catastro, padrón urbano residencial por tipo de persona fiscal"
13071,2024,26355,24833,724,798,"Dirección General del Catastro, padrón urbano residencial por tipo de persona fiscal"
13071,2025,26353,24882,684,787,"Dirección General del Catastro, padrón urbano residencial por tipo de persona fiscal"
13082,2024,18799,17483,958,358,"Dirección General del Catastro, padrón urbano residencial por tipo de persona fiscal"
13082,2025,18785,17551,884,350,"Dirección General del Catastro, padrón urbano residencial por tipo de persona fiscal"
13087,2024,17029,15799,677,553,"Dirección General del Catastro, padrón urbano residencial por tipo de persona fiscal"
13087,2025,16986,15776,658,552,"Dirección General del Catastro, padrón urbano residencial por tipo de persona fiscal"
14021,2024,157025,147664,5111,4250,"Dirección General del Catastro, padrón urbano residencial por tipo de persona fiscal"
14021,2025,158277,148824,5234,4219,"Dirección General del Catastro, padrón urbano residencial por tipo de persona fiscal"
14038,2024,20201,18678,1133,390,"Dirección General del Catastro, padrón urbano residencial por tipo de persona fiscal"
14038,2025,20249,18820,1054,375,"Dirección General del Catastro, padrón urbano residencial por tipo de persona fiscal"
14056,2024,14627,13763,365,499,"Dirección General del Catastro, padrón urbano residencial por tipo de persona fiscal"
14056,2025,14652,13802,358,492,"Dirección General del Catastro, padrón urbano residencial por tipo de persona fiscal"
15002,2024,16526,16087,323,116,"Dirección General del Catastro, padrón urbano residencial por tipo de persona fiscal"
15002,2025,16683,16259,316,108,"Dirección General del Catastro, padrón urbano residencial por tipo de persona fiscal"
15005,2024,15545,15137,274,134,"Dirección General del Catastro, padrón urbano residencial por tipo de persona fiscal"
15005,2025,15591,15225,226,140,"Dirección General del Catastro, padrón urbano residencial por tipo de persona fiscal"
15019,2024,17119,16684,267,168,"Dirección General del Catastro, padrón urbano residencial por tipo de persona fiscal"
15019,2025,17157,16758,240,159,"Dirección General del Catastro, padrón urbano residencial por tipo de persona fiscal"
15030,2024,128057,122001,3951,2105,"Dirección General del Catastro, padrón urbano residencial por tipo de persona fiscal"
15030,2025,128727,122830,3930,1967,"Dirección General del Catastro, padrón urbano residencial por tipo de persona fiscal"
15031,2024,15400,14861,369,170,"Dirección General del Catastro, padrón urbano residencial por tipo de persona fiscal"
15031,2025,15418,14909,358,151,"Dirección General del Catastro, padrón urbano residencial por tipo de persona fiscal"
15036,2024,40784,37446,1021,2317,"Dirección General del Catastro, padrón urbano residencial por tipo de persona fiscal"
15036,2025,40832,37500,1036,2296,"Dirección General del Catastro, padrón urbano residencial por tipo de persona fiscal"
15054,2024,19380,18688,518,174,"Dirección General del Catastro, padrón urbano residencial por tipo de persona fiscal"
15054,2025,19443,18829,448,166,"Dirección General del Catastro, padrón urbano residencial por tipo de persona fiscal"
15058,2024,19357,18494,624,239,"Dirección General del Catastro, padrón urbano residencial por tipo de persona fiscal"
15058,2025,19471,18611,640,220,"Dirección General del Catastro, padrón urbano residencial por tipo de persona fiscal"
15073,2024,15993,15126,575,292,"Dirección General del Catastro, padrón urbano residencial por tipo de persona fiscal"
15073,2025,16056,15249,541,266,"Dirección General del Catastro, padrón urbano residencial por tipo de persona fiscal"
15078,2024,54141,52431,1215,495,"Dirección General del Catastro, padrón urbano residencial por tipo de persona fiscal"
15078,2025,54407,52699,1213,495,"Dirección General del Catastro, padrón urbano residencial por tipo de persona fiscal"
16078,2024,31034,29761,871,402,"Dirección General del Catastro, padrón urbano residencial por tipo de persona fiscal"
16078,2025,31113,30005,710,398,"Dirección General del Catastro, padrón urbano residencial por tipo de persona fiscal"
17023,2024,25263,23420,1507,336,"Dirección General del Catastro, padrón urbano residencial por tipo de persona fiscal"
17023,2025,25269,23496,1437,336,"Dirección General del Catastro, padrón urbano residencial por tipo de persona fiscal"
17066,2024,20800,17858,2396,546,"Dirección General del Catastro, padrón urbano residencial por tipo de persona fiscal"
17066,2025,20794,17935,2294,565,"Dirección General del Catastro, padrón urbano residencial por tipo de persona fiscal"
17079,2024,60101,52586,6342,1173,"Dirección General del Catastro, padrón urbano residencial por tipo de persona fiscal"
17079,2025,60025,52700,6040,1285,"Dirección General del Catastro, padrón urbano residencial por tipo de persona fiscal"
17095,2024,28804,25509,2656,639,"Dirección General del Catastro, padrón urbano residencial por tipo de persona fiscal"
17095,2025,28762,25641,2524,597,"Dirección General del Catastro, padrón urbano residencial por tipo de persona fiscal"
17114,2024,15343,14016,1130,197,"Dirección General del Catastro, padrón urbano residencial por tipo de persona fiscal"
17114,2025,15451,14140,1104,207,"Dirección General del Catastro, padrón urbano residencial por tipo de persona fiscal"
17155,2024,11726,9793,1561,372,"Dirección General del Catastro, padrón urbano residencial por tipo de persona fiscal"
17155,2025,11792,9951,1453,388,"Dirección General del Catastro, padrón urbano residencial por tipo de persona fiscal"
18017,2024,29909,27603,971,1335,"Dirección General del Catastro, padrón urbano residencial por tipo de persona fiscal"
18017,2025,29940,27735,935,1270,"Dirección General del Catastro, padrón urbano residencial por tipo de persona fiscal"
18087,2024,139524,128028,7093,4403,"Dirección General del Catastro, padrón urbano residencial por tipo de persona fiscal"
18087,2025,140392,128837,7183,4372,"Dirección General del Catastro, padrón urbano residencial por tipo de persona fiscal"
18140,2024,32622,30926,909,787,"Dirección General del Catastro, padrón urbano residencial por tipo de persona fiscal"
18140,2025,32774,31138,846,790,"Dirección General del Catastro, padrón urbano residencial por tipo de persona fiscal"
19046,2024,14140,13590,484,66,"Dirección General del Catastro, padrón urbano residencial por tipo de persona fiscal"
19046,2025,14412,13784,572,56,"Dirección General del Catastro, padrón urbano residencial por tipo de persona fiscal"
19130,2024,42444,40736,1297,411,"Dirección General del Catastro, padrón urbano residencial por tipo de persona fiscal"
19130,2025,42648,40943,1296,409,"Dirección General del Catastro, padrón urbano residencial por tipo de persona fiscal"
21041,2024,69335,62674,2288,4373,"Dirección General del Catastro, padrón urbano residencial por tipo de persona fiscal"
21041,2025,69448,62914,2201,4333,"Dirección General del Catastro, padrón urbano residencial por tipo de persona fiscal"
21044,2024,20940,19200,1155,585,"Dirección General del Catastro, padrón urbano residencial por tipo de persona fiscal"
21044,2025,20988,19346,1081,561,"Dirección General del Catastro, padrón urbano residencial por tipo de persona fiscal"
22125,2024,29285,28002,900,383,"Dirección General del Catastro, padrón urbano residencial por tipo de persona fiscal"
22125,2025,29460,28206,884,370,"Dirección General del Catastro, padrón urbano residencial por tipo de persona fiscal"
23005,2024,17360,16391,344,625,"Dirección General del Catastro, padrón urbano residencial por tipo de persona fiscal"
23005,2025,17371,16431,324,616,"Dirección General del Catastro, padrón urbano residencial por tipo de persona fiscal"
23050,2024,58227,55892,1109,1226,"Dirección General del Catastro, padrón urbano residencial por tipo de persona fiscal"
23050,2025,58363,56011,1143,1209,"Dirección General del Catastro, padrón urbano residencial por tipo de persona fiscal"
23055,2024,28912,26922,791,1199,"Dirección General del Catastro, padrón urbano residencial por tipo de persona fiscal"
23055,2025,28974,27044,739,1191,"Dirección General del Catastro, padrón urbano residencial por tipo de persona fiscal"
23092,2024,17557,16789,339,429,"Dirección General del Catastro, padrón urbano residencial por tipo de persona fiscal"
23092,2025,17609,16852,336,421,"Dirección General del Catastro, padrón urbano residencial por tipo de persona fiscal"
24089,2024,75941,72592,2682,667,"Dirección General del Catastro, padrón urbano residencial por tipo de persona fiscal"
24089,2025,76178,72963,2567,648,"Dirección General del Catastro, padrón urbano residencial por tipo de persona fiscal"
24115,2024,40311,39035,926,350,"Dirección General del Catastro, padrón urbano residencial por tipo de persona fiscal"
24115,2025,40422,39163,912,347,"Dirección General del Catastro, padrón urbano residencial por tipo de persona fiscal"
24142,2024,16544,16179,276,89,"Dirección General del Catastro, padrón urbano residencial por tipo de persona fiscal"
24142,2025,16559,16216,263,80,"Dirección General del Catastro, padrón urbano residencial por tipo de persona fiscal"
25120,2024,65688,58785,5751,1152,"Dirección General del Catastro, padrón urbano residencial por tipo de persona fiscal"
25120,2025,65976,59144,5609,1223,"Dirección General del Catastro, padrón urbano residencial por tipo de persona fiscal"
26089,2024,79241,76195,2494,552,"Dirección General del Catastro, padrón urbano residencial por tipo de persona fiscal"
26089,2025,79590,76840,2233,517,"Dirección General del Catastro, padrón urbano residencial por tipo de persona fiscal"
27028,2024,59402,57175,1308,919,"Dirección General del Catastro, padrón urbano residencial por tipo de persona fiscal"
27028,2025,59509,57278,1343,888,"Dirección General del Catastro, padrón urbano residencial por tipo de persona fiscal"
28005,2024,81451,76785,3016,1650,"Dirección General del Catastro, padrón urbano residencial por tipo de persona fiscal"
28005,2025,82100,77598,2829,1673,"Dirección General del Catastro, padrón urbano residencial por tipo de persona fiscal"
28006,2024,42224,38892,2752,580,"Dirección General del Catastro, padrón urbano residencial por tipo de persona fiscal"
28006,2025,42594,39147,2879,568,"Dirección General del Catastro, padrón urbano residencial por tipo de persona fiscal"
28007,2024,71079,68696,1408,975,"Dirección General del Catastro, padrón urbano residencial por tipo de persona fiscal"
28007,2025,71153,68781,1406,966,"Dirección General del Catastro, padrón urbano residencial por tipo de persona fiscal"
28013,2024,24853,22446,1779,628,"Dirección General del Catastro, padrón urbano residencial por tipo de persona fiscal"
28013,2025,25061,22668,1772,621,"Dirección General del Catastro, padrón urbano residencial por tipo de persona fiscal"
28014,2024,22351,20446,1608,297,"Dirección General del Catastro, padrón urbano residencial por tipo de persona fiscal"
28014,2025,22510,20752,1419,339,"Dirección General del Catastro, padrón urbano residencial por tipo de persona fiscal"
28022,2024,21274,19529,1698,47,"Dirección General del Catastro, padrón urbano residencial por tipo de persona fiscal"
28022,2025,21560,19890,1624,46,"Dirección General del Catastro, padrón urbano residencial por tipo de persona fiscal"
28045,2024,21279,20072,952,255,"Dirección General del Catastro, padrón urbano residencial por tipo de persona fiscal"
28045,2025,21950,20685,1010,255,"Dirección General del Catastro, padrón urbano residencial por tipo de persona fiscal"
28047,2024,27954,26040,1540,374,"Dirección General del Catastro, padrón urbano residencial por tipo de persona fiscal"
28047,2025,28215,26213,1633,369,"Dirección General del Catastro, padrón urbano residencial por tipo de persona fiscal"
28049,2024,31368,30525,636,207,"Dirección General del Catastro, padrón urbano residencial por tipo de persona fiscal"
28049,2025,31470,30641,624,205,"Dirección General del Catastro, padrón urbano residencial por tipo de persona fiscal"
28058,2024,71316,68829,1574,913,"Dirección General del Catastro, padrón urbano residencial por tipo de persona fiscal"
28058,2025,71505,69038,1561,906,"Dirección General del Catastro, padrón urbano residencial por tipo de persona fiscal"
28061,2024,14719,13893,658,168,"Dirección General del Catastro, padrón urbano residencial por tipo de persona fiscal"
28061,2025,14783,13999,615,169,"Dirección General del Catastro, padrón urbano residencial por tipo de persona fiscal"
28065,2024,80090,76068,3417,605,"Dirección General del Catastro, padrón urbano residencial por tipo de persona fiscal"
28065,2025,80649,76682,3368,599,"Dirección General del Catastro, padrón urbano residencial por tipo de persona fiscal"
28074,2024,77783,74761,1804,1218,"Dirección General del Catastro, padrón urbano residencial por tipo de persona fiscal"
28074,2025,78044,75045,1701,1298,"Dirección General del Catastro, padrón urbano residencial por tipo de persona fiscal"
28079,2024,1521253,1394632,100926,25695,"Dirección General del Catastro, padrón urbano residencial por tipo de persona fiscal"
28079,2025,1527232,1399969,101274,25989,"Dirección General del Catastro, padrón urbano residencial por tipo de persona fiscal"
28080,2024,26013,23639,2067,307,"Dirección General del Catastro, padrón urbano residencial por tipo de persona fiscal"
28080,2025,26132,23752,2077,303,"Dirección General del Catastro, padrón urbano residencial por tipo de persona fiscal"
28092,2024,82955,78734,3195,1026,"Dirección General del Catastro, padrón urbano residencial por tipo de persona fiscal"
28092,2025,83193,78995,3183,1015,"Dirección General del Catastro, padrón urbano residencial por tipo de persona fiscal"
28096,2024,11878,10799,788,291,"Dirección General del Catastro, padrón urbano residencial por tipo de persona fiscal"
28096,2025,12207,10971,947,289,"Dirección General del Catastro, padrón urbano residencial por tipo de persona fiscal"
28106,2024,47035,42389,3556,1090,"Dirección General del Catastro, padrón urbano residencial por tipo de persona fiscal"
28106,2025,47174,42616,3486,1072,"Dirección General del Catastro, padrón urbano residencial por tipo de persona fiscal"
28113,2024,21273,19580,1460,233,"Dirección General del Catastro, padrón urbano residencial por tipo de persona fiscal"
28113,2025,21390,19679,1484,227,"Dirección General del Catastro, padrón urbano residencial por tipo de persona fiscal"
28115,2024,31164,28398,2405,361,"Dirección General del Catastro, padrón urbano residencial por tipo de persona fiscal"
28115,2025,31237,28588,2364,285,"Dirección General del Catastro, padrón urbano residencial por tipo de persona fiscal"
28123,2024,35496,33494,1595,407,"Dirección General del Catastro, padrón urbano residencial por tipo de persona fiscal"
28123,2025,35879,33707,1768,404,"Dirección General del Catastro, padrón urbano residencial por tipo de persona fiscal"
28127,2024,35745,33193,2316,236,"Dirección General del Catastro, padrón urbano residencial por tipo de persona fiscal"
28127,2025,35948,33461,2264,223,"Dirección General del Catastro, padrón urbano residencial por tipo de persona fiscal"
28130,2024,15213,14489,554,170,"Dirección General del Catastro, padrón urbano residencial por tipo de persona fiscal"
28130,2025,15230,14516,544,170,"Dirección General del Catastro, padrón urbano residencial por tipo de persona fiscal"
28134,2024,35310,33423,1640,247,"Dirección General del Catastro, padrón urbano residencial por tipo de persona fiscal"
28134,2025,35432,33543,1538,351,"Dirección General del Catastro, padrón urbano residencial por tipo de persona fiscal"
28148,2024,52724,48689,3019,1016,"Dirección General del Catastro, padrón urbano residencial por tipo de persona fiscal"
28148,2025,53041,49354,2710,977,"Dirección General del Catastro, padrón urbano residencial por tipo de persona fiscal"
28161,2024,30343,27864,1859,620,"Dirección General del Catastro, padrón urbano residencial por tipo de persona fiscal"
28161,2025,31278,28364,2179,735,"Dirección General del Catastro, padrón urbano residencial por tipo de persona fiscal"
28181,2024,11124,10400,684,40,"Dirección General del Catastro, padrón urbano residencial por tipo de persona fiscal"
28181,2025,11455,10654,760,41,"Dirección General del Catastro, padrón urbano residencial por tipo de persona fiscal"
28903,2024,19757,18348,1176,233,"Dirección General del Catastro, padrón urbano residencial por tipo de persona fiscal"
28903,2025,20094,18729,1133,232,"Dirección General del Catastro, padrón urbano residencial por tipo de persona fiscal"
29007,2024,15226,14519,542,165,"Dirección General del Catastro, padrón urbano residencial por tipo de persona fiscal"
29007,2025,15466,14707,591,168,"Dirección General del Catastro, padrón urbano residencial por tipo de persona fiscal"
29015,2024,17623,16575,596,452,"Dirección General del Catastro, padrón urbano residencial por tipo de persona fiscal"
29015,2025,17645,16611,588,446,"Dirección General del Catastro, padrón urbano residencial por tipo de persona fiscal"
29025,2024,49740,43978,3570,2192,"Dirección General del Catastro, padrón urbano residencial por tipo de persona fiscal"
29025,2025,49957,44427,3427,2103,"Dirección General del Catastro, padrón urbano residencial por tipo de persona fiscal"
29051,2024,49980,44052,3996,1932,"Dirección General del Catastro, padrón urbano residencial por tipo de persona fiscal"
29051,2025,51142,45217,4079,1846,"Dirección General del Catastro, padrón urbano residencial por tipo de persona fiscal"
29054,2024,50485,45215,4033,1237,"Dirección General del Catastro, padrón urbano residencial por tipo de persona fiscal"
29054,2025,51018,45716,4119,1183,"Dirección General del Catastro, padrón urbano residencial por tipo de persona fiscal"
29067,2024,257000,237865,11298,7837,"Dirección General del Catastro, padrón urbano residencial por tipo de persona fiscal"
29067,2025,258554,239757,11234,7563,"Dirección General del Catastro, padrón urbano residencial por tipo de persona fiscal"
29069,2024,99078,84427,10786,3865,"Dirección General del Catastro, padrón urbano residencial por tipo de persona fiscal"
29069,2025,99632,85089,10771,3772,"Dirección General del Catastro, padrón urbano residencial por tipo de persona fiscal"
29070,2024,63488,56139,3901,3448,"Dirección General del Catastro, padrón urbano residencial por tipo de persona fiscal"
29070,2025,63856,57155,3748,2953,"Dirección General del Catastro, padrón urbano residencial por tipo de persona fiscal"
29082,2024,27006,25665,1016,325,"Dirección General del Catastro, padrón urbano residencial por tipo de persona fiscal"
29082,2025,27286,26014,962,310,"Dirección General del Catastro, padrón urbano residencial por tipo de persona fiscal"
29084,2024,16437,15512,443,482,"Dirección General del Catastro, padrón urbano residencial por tipo de persona fiscal"
29084,2025,16481,15545,471,465,"Dirección General del Catastro, padrón urbano residencial por tipo de persona fiscal"
29094,2024,46841,44682,1198,961,"Dirección General del Catastro, padrón urbano residencial por tipo de persona fiscal"
29094,2025,47222,45178,1112,932,"Dirección General del Catastro, padrón urbano residencial por tipo de persona fiscal"
29901,2024,44454,41090,2274,1090,"Dirección General del Catastro, padrón urbano residencial por tipo de persona fiscal"
29901,2025,45114,41638,2469,1007,"Dirección General del Catastro, padrón urbano residencial por tipo de persona fiscal"
30003,2024,24713,22711,1597,405,"Dirección General del Catastro, padrón urbano residencial por tipo de persona fiscal"
30003,2025,24801,22927,1491,383,"Dirección General del Catastro, padrón urbano residencial por tipo de persona fiscal"
30005,2024,17462,16289,953,220,"Dirección General del Catastro, padrón urbano residencial por tipo de persona fiscal"
30005,2025,17467,16352,897,218,"Dirección General del Catastro, padrón urbano residencial por tipo de persona fiscal"
30015,2024,12711,12156,340,215,"Dirección General del Catastro, padrón urbano residencial por tipo de persona fiscal"
30015,2025,12735,12198,321,216,"Dirección General del Catastro, padrón urbano residencial por tipo de persona fiscal"
30016,2024,125154,116319,7149,1686,"Dirección General del Catastro, padrón urbano residencial por tipo de persona fiscal"
30016,2025,125555,116994,6906,1655,"Dirección General del Catastro, padrón urbano residencial por tipo de persona fiscal"
30019,2024,16652,16144,292,216,"Dirección General del Catastro, padrón urbano residencial por tipo de persona fiscal"
30019,2025,16721,16215,288,218,"Dirección General del Catastro, padrón urbano residencial por tipo de persona fiscal"
30022,2024,13631,12887,434,310,"Dirección General del Catastro, padrón urbano residencial por tipo de persona fiscal"
30022,2025,13673,12957,414,302,"Dirección General del Catastro, padrón urbano residencial por tipo de persona fiscal"
30024,2024,41889,39034,2165,690,"Dirección General del Catastro, padrón urbano residencial por tipo de persona fiscal"
30024,2025,42002,39252,2114,636,"Dirección General del Catastro, padrón urbano residencial por tipo de persona fiscal"
30026,2024,29823,28410,982,431,"Dirección General del Catastro, padrón urbano residencial por tipo de persona fiscal"
30026,2025,29882,28556,967,359,"Dirección General del Catastro, padrón urbano residencial por tipo de persona fiscal"
30027,2024,30299,28648,1455,196,"Dirección General del Catastro, padrón urbano residencial por tipo de persona fiscal"
30027,2025,30452,28926,1347,179,"Dirección General del Catastro, padrón urbano residencial por tipo de persona fiscal"
30030,2024,206984,192139,12033,2812,"Dirección General del Catastro, padrón urbano residencial por tipo de persona fiscal"
30030,2025,208010,193762,11486,2762,"Dirección General del Catastro, padrón urbano residencial por tipo de persona fiscal"
30035,2024,42376,39497,2119,760,"Dirección General del Catastro, padrón urbano residencial por tipo de persona fiscal"
30035,2025,42531,39807,1982,742,"Dirección General del Catastro, padrón urbano residencial por tipo de persona fiscal"
30037,2024,21961,20475,1233,253,"Dirección General del Catastro, padrón urbano residencial por tipo de persona fiscal"
30037,2025,22191,20837,1082,272,"Dirección General del Catastro, padrón urbano residencial por tipo de persona fiscal"
30039,2024,15074,14267,597,210,"Dirección General del Catastro, padrón urbano residencial por tipo de persona fiscal"
30039,2025,15109,14327,580,202,"Dirección General del Catastro, padrón urbano residencial por tipo de persona fiscal"
30043,2024,19049,18339,550,160,"Dirección General del Catastro, padrón urbano residencial por tipo de persona fiscal"
30043,2025,19075,18421,501,153,"Dirección General del Catastro, padrón urbano residencial por tipo de persona fiscal"
32054,2024,66714,63564,2145,1005,"Dirección General del Catastro, padrón urbano residencial por tipo de persona fiscal"
32054,2025,66830,63810,2035,985,"Dirección General del Catastro, padrón urbano residencial por tipo de persona fiscal"
33004,2024,40521,38994,719,808,"Dirección General del Catastro, padrón urbano residencial por tipo de persona fiscal"
33004,2025,40636,39144,694,798,"Dirección General del Catastro, padrón urbano residencial por tipo de persona fiscal"
33024,2024,146821,141659,2966,2196,"Dirección General del Catastro, padrón urbano residencial por tipo de persona fiscal"
33024,2025,147478,142310,2977,2191,"Dirección General del Catastro, padrón urbano residencial por tipo de persona fiscal"
33031,2024,23992,22426,554,1012,"Dirección General del Catastro, padrón urbano residencial por tipo de persona fiscal"
33031,2025,23993,22494,494,1005,"Dirección General del Catastro, padrón urbano residencial por tipo de persona fiscal"
33037,2024,23726,21991,415,1320,"Dirección General del Catastro, padrón urbano residencial por tipo de persona fiscal"
33037,2025,23698,22007,382,1309,"Dirección General del Catastro, padrón urbano residencial por tipo de persona fiscal"
33044,2024,123306,117196,3649,2461,"Dirección General del Catastro, padrón urbano residencial por tipo de persona fiscal"
33044,2025,123962,117817,3718,2427,"Dirección General del Catastro, padrón urbano residencial por tipo de persona fiscal"
33066,2024,29502,28009,826,667,"Dirección General del Catastro, padrón urbano residencial por tipo de persona fiscal"
33066,2025,29673,28223,789,661,"Dirección General del Catastro, padrón urbano residencial por tipo de persona fiscal"
34120,2024,43450,41894,987,569,"Dirección General del Catastro, padrón urbano residencial por tipo de persona fiscal"
34120,2025,43582,42054,957,571,"Dirección General del Catastro, padrón urbano residencial por tipo de persona fiscal"
35002,2024,13492,12637,591,264,"Dirección General del Catastro, padrón urbano residencial por tipo de persona fiscal"
35002,2025,13569,12689,618,262,"Dirección General del Catastro, padrón urbano residencial por tipo de persona fiscal"
35004,2024,23893,20755,2291,847,"Dirección General del Catastro, padrón urbano residencial por tipo de persona fiscal"
35004,2025,24084,20867,2387,830,"Dirección General del Catastro, padrón urbano residencial por tipo de persona fiscal"
35006,2024,16561,15365,501,695,"Dirección General del Catastro, padrón urbano residencial por tipo de persona fiscal"
35006,2025,16591,15443,459,689,"Dirección General del Catastro, padrón urbano residencial por tipo de persona fiscal"
35011,2024,12337,11541,498,298,"Dirección General del Catastro, padrón urbano residencial por tipo de persona fiscal"
35011,2025,12500,11647,548,305,"Dirección General del Catastro, padrón urbano residencial por tipo de persona fiscal"
35014,2024,15634,12429,2872,333,"Dirección General del Catastro, padrón urbano residencial por tipo de persona fiscal"
35014,2025,15693,12538,2837,318,"Dirección General del Catastro, padrón urbano residencial por tipo de persona fiscal"
35016,2024,165748,148870,10652,6226,"Dirección General del Catastro, padrón urbano residencial por tipo de persona fiscal"
35016,2025,167074,150286,10712,6076,"Dirección General del Catastro, padrón urbano residencial por tipo de persona fiscal"
35017,2024,17809,15568,1853,388,"Dirección General del Catastro, padrón urbano residencial por tipo de persona fiscal"
35017,2025,17968,15735,1849,384,"Dirección General del Catastro, padrón urbano residencial por tipo de persona fiscal"
35019,2024,16982,15030,1214,738,"Dirección General del Catastro, padrón urbano residencial por tipo de persona fiscal"
35019,2025,17143,15090,1314,739,"Dirección General del Catastro, padrón urbano residencial por tipo de persona fiscal"
35022,2024,29045,26482,2179,384,"Dirección General del Catastro, padrón urbano residencial por tipo de persona fiscal"
35022,2025,29150,26632,2133,385,"Dirección General del Catastro, padrón urbano residencial por tipo de persona fiscal"
35026,2024,43303,38696,2777,1830,"Dirección General del Catastro, padrón urbano residencial por tipo de persona fiscal"
35026,2025,43531,39072,2682,1777,"Dirección General del Catastro, padrón urbano residencial por tipo de persona fiscal"
36008,2024,15325,14525,368,432,"Dirección General del Catastro, padrón urbano residencial por tipo de persona fiscal"
36008,2025,15415,14671,345,399,"Dirección General del Catastro, padrón urbano residencial por tipo de persona fiscal"
36026,2024,11781,11454,175,152,"Dirección General del Catastro, padrón urbano residencial por tipo de persona fiscal"
36026,2025,11806,11501,170,135,"Dirección General del Catastro, padrón urbano residencial por tipo de persona fiscal"
36038,2024,41511,39993,881,637,"Dirección General del Catastro, padrón urbano residencial por tipo de persona fiscal"
36038,2025,41848,40356,881,611,"Dirección General del Catastro, padrón urbano residencial por tipo de persona fiscal"
36045,2024,12812,12456,131,225,"Dirección General del Catastro, padrón urbano residencial por tipo de persona fiscal"
36045,2025,12888,12533,147,208,"Dirección General del Catastro, padrón urbano residencial por tipo de persona fiscal"
36057,2024,138085,132153,4255,1677,"Dirección General del Catastro, padrón urbano residencial por tipo de persona fiscal"
36057,2025,138585,132767,4191,1627,"Dirección General del Catastro, padrón urbano residencial por tipo de persona fiscal"
36060,2024,20112,19302,546,264,"Dirección General del Catastro, padrón urbano residencial por tipo de persona fiscal"
36060,2025,20156,19384,529,243,"Dirección General del Catastro, padrón urbano residencial por tipo de persona fiscal"
37274,2024,91829,88736,2213,880,"Dirección General del Catastro, padrón urbano residencial por tipo de persona fiscal"
37274,2025,92019,88906,2201,912,"Dirección General del Catastro, padrón urbano residencial por tipo de persona fiscal"
38001,2024,23346,19863,2490,993,"Dirección General del Catastro, padrón urbano residencial por tipo de persona fiscal"
38001,2025,23585,20046,2562,977,"Dirección General del Catastro, padrón urbano residencial por tipo de persona fiscal"
38006,2024,51476,42539,7525,1412,"Dirección General del Catastro, padrón urbano residencial por tipo de persona fiscal"
38006,2025,51852,42994,7521,1337,"Dirección General del Catastro, padrón urbano residencial por tipo de persona fiscal"
38011,2024,13584,12649,662,273,"Dirección General del Catastro, padrón urbano residencial por tipo de persona fiscal"
38011,2025,13634,12704,659,271,"Dirección General del Catastro, padrón urbano residencial por tipo de persona fiscal"
38017,2024,22679,19669,2468,542,"Dirección General del Catastro, padrón urbano residencial por tipo de persona fiscal"
38017,2025,22802,19920,2355,527,"Dirección General del Catastro, padrón urbano residencial por tipo de persona fiscal"
38023,2024,71363,65480,4148,1735,"Dirección General del Catastro, padrón urbano residencial por tipo de persona fiscal"
38023,2025,71641,65891,4060,1690,"Dirección General del Catastro, padrón urbano residencial por tipo de persona fiscal"
38026,2024,17335,15681,816,838,"Dirección General del Catastro, padrón urbano residencial por tipo de persona fiscal"
38026,2025,17441,15816,802,823,"Dirección General del Catastro, padrón urbano residencial por tipo de persona fiscal"
38028,2024,19665,17196,1742,727,"Dirección General del Catastro, padrón urbano residencial por tipo de persona fiscal"
38028,2025,19708,17279,1721,708,"Dirección General del Catastro, padrón urbano residencial por tipo de persona fiscal"
38031,2024,15934,14511,740,683,"Dirección General del Catastro, padrón urbano residencial por tipo de persona fiscal"
38031,2025,15980,14571,740,669,"Dirección General del Catastro, padrón urbano residencial por tipo de persona fiscal"
38038,2024,93341,82493,6176,4672,"Dirección General del Catastro, padrón urbano residencial por tipo de persona fiscal"
38038,2025,93684,82813,6256,4615,"Dirección General del Catastro, padrón urbano residencial por tipo de persona fiscal"
39016,2024,13646,13164,360,122,"Dirección General del Catastro, padrón urbano residencial por tipo de persona fiscal"
39016,2025,13655,13226,318,111,"Dirección General del Catastro, padrón urbano residencial por tipo de persona fiscal"
39020,2024,24467,23523,614,330,"Dirección General del Catastro, padrón urbano residencial por tipo de persona fiscal"
39020,2025,24476,23630,542,304,"Dirección General del Catastro, padrón urbano residencial por tipo de persona fiscal"
39075,2024,93463,89089,3431,943,"Dirección General del Catastro, padrón urbano residencial por tipo de persona fiscal"
39075,2025,93756,89461,3380,915,"Dirección General del Catastro, padrón urbano residencial por tipo de persona fiscal"
39087,2024,25819,24771,874,174,"Dirección General del Catastro, padrón urbano residencial por tipo de persona fiscal"
39087,2025,25828,24802,870,156,"Dirección General del Catastro, padrón urbano residencial por tipo de persona fiscal"
40194,2024,27941,26371,1119,451,"Dirección General del Catastro, padrón urbano residencial por tipo de persona fiscal"
40194,2025,27927,26349,1120,458,"Dirección General del Catastro, padrón urbano residencial por tipo de persona fiscal"
41004,2024,31209,29408,1127,674,"Dirección General del Catastro, padrón urbano residencial por tipo de persona fiscal"
41004,2025,31294,29552,1073,669,"Dirección General del Catastro, padrón urbano residencial por tipo de persona fiscal"
41021,2024,13718,12727,705,286,"Dirección General del Catastro, padrón urbano residencial por tipo de persona fiscal"
41021,2025,13851,12863,707,281,"Dirección General del Catastro, padrón urbano residencial por tipo de persona fiscal"
41024,2024,14795,13688,549,558,"Dirección General del Catastro, padrón urbano residencial por tipo de persona fiscal"
41024,2025,14881,13758,574,549,"Dirección General del Catastro, padrón urbano residencial por tipo de persona fiscal"
41034,2024,13222,12091,759,372,"Dirección General del Catastro, padrón urbano residencial por tipo de persona fiscal"
41034,2025,13246,12151,725,370,"Dirección General del Catastro, padrón urbano residencial por tipo de persona fiscal"
41038,2024,56798,53986,1880,932,"Dirección General del Catastro, padrón urbano residencial por tipo de persona fiscal"
41038,2025,58658,55390,2247,1021,"Dirección General del Catastro, padrón urbano residencial por tipo de persona fiscal"
41039,2024,18163,16924,591,648,"Dirección General del Catastro, padrón urbano residencial por tipo de persona fiscal"
41039,2025,18217,17028,543,646,"Dirección General del Catastro, padrón urbano residencial por tipo de persona fiscal"
41053,2024,12619,11251,1000,368,"Dirección General del Catastro, padrón urbano residencial por tipo de persona fiscal"
41053,2025,12681,11293,1025,363,"Dirección General del Catastro, padrón urbano residencial por tipo de persona fiscal"
41059,2024,19321,18566,556,199,"Dirección General del Catastro, padrón urbano residencial por tipo de persona fiscal"
41059,2025,19475,18723,557,195,"Dirección General del Catastro, padrón urbano residencial por tipo de persona fiscal"
41065,2024,12814,12100,285,429,"Dirección General del Catastro, padrón urbano residencial por tipo de persona fiscal"
41065,2025,12857,12144,286,427,"Dirección General del Catastro, padrón urbano residencial por tipo de persona fiscal"
41069,2024,14945,14024,433,488,"Dirección General del Catastro, padrón urbano residencial por tipo de persona fiscal"
41069,2025,14988,14121,394,473,"Dirección General del Catastro, padrón urbano residencial por tipo de persona fiscal"
41081,2024,15925,13860,981,1084,"Dirección General del Catastro, padrón urbano residencial por tipo de persona fiscal"
41081,2025,16317,14177,1050,1090,"Dirección General del Catastro, padrón urbano residencial por tipo de persona fiscal"
41091,2024,323446,299995,15953,7498,"Dirección General del Catastro, padrón urbano residencial por tipo de persona fiscal"
41091,2025,325898,301626,16764,7508,"Dirección General del Catastro, padrón urbano residencial por tipo de persona fiscal"
41095,2024,22633,20798,1109,726,"Dirección General del Catastro, padrón urbano residencial por tipo de persona fiscal"
41095,2025,22700,20931,1063,706,"Dirección General del Catastro, padrón urbano residencial por tipo de persona fiscal"
42173,2024,25646,24686,583,377,"Dirección General del Catastro, padrón urbano residencial por tipo de persona fiscal"
42173,2025,25690,24781,536,373,"Dirección General del Catastro, padrón urbano residencial por tipo de persona fiscal"
43038,2024,31858,28450,2359,1049,"Dirección General del Catastro, padrón urbano residencial por tipo de persona fiscal"
43038,2025,31971,28647,2322,1002,"Dirección General del Catastro, padrón urbano residencial por tipo de persona fiscal"
43123,2024,47534,43080,3528,926,"Dirección General del Catastro, padrón urbano residencial por tipo de persona fiscal"
43123,2025,47660,43381,3349,930,"Dirección General del Catastro, padrón urbano residencial por tipo de persona fiscal"
43148,2024,64592,58547,4627,1418,"Dirección General del Catastro, padrón urbano residencial por tipo de persona fiscal"
43148,2025,64791,58890,4480,1421,"Dirección General del Catastro, padrón urbano residencial por tipo de persona fiscal"
43155,2024,18811,17230,1132,449,"Dirección General del Catastro, padrón urbano residencial por tipo de persona fiscal"
43155,2025,18818,17328,1022,468,"Dirección General del Catastro, padrón urbano residencial por tipo de persona fiscal"
43163,2024,30431,28215,1731,485,"Dirección General del Catastro, padrón urbano residencial por tipo de persona fiscal"
43163,2025,30532,28392,1624,516,"Dirección General del Catastro, padrón urbano residencial por tipo de persona fiscal"
43905,2024,32353,28401,3446,506,"Dirección General del Catastro, padrón urbano residencial por tipo de persona fiscal"
43905,2025,32360,28543,3266,551,"Dirección General del Catastro, padrón urbano residencial por tipo de persona fiscal"
44216,2024,21174,20141,670,363,"Dirección General del Catastro, padrón urbano residencial por tipo de persona fiscal"
44216,2025,21251,20209,690,352,"Dirección General del Catastro, padrón urbano residencial por tipo de persona fiscal"
45081,2024,12693,11738,883,72,"Dirección General del Catastro, padrón urbano residencial por tipo de persona fiscal"
45081,2025,13080,12161,848,71,"Dirección General del Catastro, padrón urbano residencial por tipo de persona fiscal"
45165,2024,40963,38701,1750,512,"Dirección General del Catastro, padrón urbano residencial por tipo de persona fiscal"
45165,2025,41049,38883,1673,493,"Dirección General del Catastro, padrón urbano residencial por tipo de persona fiscal"
45168,2024,39519,36731,2269,519,"Dirección General del Catastro, padrón urbano residencial por tipo de persona fiscal"
45168,2025,39681,36909,2262,510,"Dirección General del Catastro, padrón urbano residencial por tipo de persona fiscal"
46005,2024,12959,12534,319,106,"Dirección General del Catastro, padrón urbano residencial por tipo de persona fiscal"
46005,2025,12985,12573,307,105,"Dirección General del Catastro, padrón urbano residencial por tipo de persona fiscal"
46017,2024,24186,22923,943,320,"Dirección General del Catastro, padrón urbano residencial por tipo de persona fiscal"
46017,2025,24201,23013,886,302,"Dirección General del Catastro, padrón urbano residencial por tipo de persona fiscal"
46021,2024,14038,13308,432,298,"Dirección General del Catastro, padrón urbano residencial por tipo de persona fiscal"
46021,2025,14102,13372,436,294,"Dirección General del Catastro, padrón urbano residencial por tipo de persona fiscal"
46029,2024,13285,12527,358,400,"Dirección General del Catastro, padrón urbano residencial por tipo de persona fiscal"
46029,2025,13205,12581,327,297,"Dirección General del Catastro, padrón urbano residencial por tipo de persona fiscal"
46078,2024,17741,16715,708,318,"Dirección General del Catastro, padrón urbano residencial por tipo de persona fiscal"
46078,2025,17774,16800,669,305,"Dirección General del Catastro, padrón urbano residencial por tipo de persona fiscal"
46094,2024,12384,11989,314,81,"Dirección General del Catastro, padrón urbano residencial por tipo de persona fiscal"
46094,2025,12466,12057,333,76,"Dirección General del Catastro, padrón urbano residencial por tipo de persona fiscal"
46102,2024,11798,11483,194,121,"Dirección General del Catastro, padrón urbano residencial por tipo de persona fiscal"
46102,2025,11970,11606,242,122,"Dirección General del Catastro, padrón urbano residencial por tipo de persona fiscal"
46110,2024,13424,12853,385,186,"Dirección General del Catastro, padrón urbano residencial por tipo de persona fiscal"
46110,2025,13434,12844,416,174,"Dirección General del Catastro, padrón urbano residencial por tipo de persona fiscal"
46131,2024,54102,50783,2155,1164,"Dirección General del Catastro, padrón urbano residencial por tipo de persona fiscal"
46131,2025,54173,50978,2072,1123,"Dirección General del Catastro, padrón urbano residencial por tipo de persona fiscal"
46145,2024,18134,17169,754,211,"Dirección General del Catastro, padrón urbano residencial por tipo de persona fiscal"
46145,2025,18186,17236,738,212,"Dirección General del Catastro, padrón urbano residencial por tipo de persona fiscal"
46159,2024,13978,13263,442,273,"Dirección General del Catastro, padrón urbano residencial por tipo de persona fiscal"
46159,2025,13992,13300,430,262,"Dirección General del Catastro, padrón urbano residencial por tipo de persona fiscal"
46169,2024,20155,19368,670,117,"Dirección General del Catastro, padrón urbano residencial por tipo de persona fiscal"
46169,2025,20256,19388,754,114,"Dirección General del Catastro, padrón urbano residencial por tipo de persona fiscal"
46181,2024,19682,18410,1046,226,"Dirección General del Catastro, padrón urbano residencial por tipo de persona fiscal"
46181,2025,19707,18522,965,220,"Dirección General del Catastro, padrón urbano residencial por tipo de persona fiscal"
46184,2024,19206,18181,644,381,"Dirección General del Catastro, padrón urbano residencial por tipo de persona fiscal"
46184,2025,19217,18188,648,381,"Dirección General del Catastro, padrón urbano residencial por tipo de persona fiscal"
46190,2024,31856,29089,1301,1466,"Dirección General del Catastro, padrón urbano residencial por tipo de persona fiscal"
46190,2025,32045,29240,1362,1443,"Dirección General del Catastro, padrón urbano residencial por tipo de persona fiscal"
46220,2024,40426,38157,1236,1033,"Dirección General del Catastro, padrón urbano residencial por tipo de persona fiscal"
46220,2025,40631,38477,1142,1012,"Dirección General del Catastro, padrón urbano residencial por tipo de persona fiscal"
46235,2024,23089,22361,449,279,"Dirección General del Catastro, padrón urbano residencial por tipo de persona fiscal"
46235,2025,23081,22390,427,264,"Dirección General del Catastro, padrón urbano residencial por tipo de persona fiscal"
46244,2024,37522,35799,1322,401,"Dirección General del Catastro, padrón urbano residencial por tipo de persona fiscal"
46244,2025,37644,35954,1289,401,"Dirección General del Catastro, padrón urbano residencial por tipo de persona fiscal"
46250,2024,418725,389973,22437,6315,"Dirección General del Catastro, padrón urbano residencial por tipo de persona fiscal"
46250,2025,421244,391504,23414,6326,"Dirección General del Catastro, padrón urbano residencial por tipo de persona fiscal"
47186,2024,159306,152969,5139,1198,"Dirección General del Catastro, padrón urbano residencial por tipo de persona fiscal"
47186,2025,160368,154192,5007,1169,"Dirección General del Catastro, padrón urbano residencial por tipo de persona fiscal"
49275,2024,38712,37519,778,415,"Dirección General del Catastro, padrón urbano residencial por tipo de persona fiscal"
49275,2025,38748,37583,752,413,"Dirección General del Catastro, padrón urbano residencial por tipo de persona fiscal"
50297,2024,330947,317401,12114,1432,"Dirección General del Catastro, padrón urbano residencial por tipo de persona fiscal"
50297,2025,332683,318864,12417,1402,"Dirección General del Catastro, padrón urbano residencial por tipo de persona fiscal"
51001,2024,24945,21372,835,2738,"Dirección General del Catastro, padrón urbano residencial por tipo de persona fiscal"
51001,2025,25086,21537,741,2808,"Dirección General del Catastro, padrón urbano residencial por tipo de persona fiscal"
52001,2024,26948,21986,919,4043,"Dirección General del Catastro, padrón urbano residencial por tipo de persona fiscal"
52001,2025,27179,22180,963,4036,"Dirección General del Catastro, padrón urbano residencial por tipo de persona fiscal"
