cod_ine,anio,indice_gini,ratio_p80_p20
01059,2020,30.9,2.7
01059,2021,30.8,2.6
01059,2022,31.2,2.7
01059,2023,28.9,2.5
02003,2015,34.3,3.2
02003,2016,33.8,2.9
02003,2017,33.1,2.8
02003,2018,32.5,2.8
02003,2019,31.8,2.8
02003,2020,31.9,2.8
02003,2021,31.3,2.7
02003,2022,31.1,2.7
02003,2023,30.7,2.6
02009,2015,31.1,2.4
02009,2016,30.6,2.3
02009,2017,29.9,2.4
02009,2018,29.2,2.3
02009,2019,28.4,2.3
02009,2020,28.7,2.3
02009,2021,28.4,2.3
02009,2022,27.6,2.3
02009,2023,27.1,2.2
02037,2015,34.5,2.8
02037,2016,33.5,2.8
02037,2017,31.9,2.6
02037,2018,31.4,2.4
02037,2019,30.7,2.5
02037,2020,30.5,2.4
02037,2021,29.9,2.5
02037,2022,29.4,2.4
02037,2023,29.3,2.5
02081,2015,30.4,2.6
02081,2016,30.2,2.4
02081,2017,29.0,2.3
02081,2018,28.3,2.4
02081,2019,27.6,2.4
02081,2020,28.0,2.4
02081,2021,27.0,2.3
02081,2022,27.5,2.2
02081,2023,27.2,2.3
03009,2015,32.9,2.7
03009,2016,32.7,2.8
03009,2017,31.5,2.7
03009,2018,30.7,2.5
03009,2019,29.9,2.4
03009,2020,30.0,2.4
03009,2021,29.3,2.6
03009,2022,29.4,2.5
03009,2023,29.6,2.4
03014,2015,39.7,3.8
03014,2016,39.5,3.8
03014,2017,38.1,3.5
03014,2018,37.8,3.6
03014,2019,37.0,3.5
03014,2020,36.7,3.5
03014,2021,36.0,3.3
03014,2022,35.9,3.4
03014,2023,35.7,3.3
03031,2015,36.7,3.1
03031,2016,37.2,3.5
03031,2017,34.7,3.0
03031,2018,34.2,2.8
03031,2019,33.4,2.8
03031,2020,34.7,3.0
03031,2021,33.3,2.9
03031,2022,32.5,2.8
03031,2023,32.6,2.8
03047,2015,36.8,3.4
03047,2016,39.1,3.8
03047,2017,35.2,3.2
03047,2018,34.8,3.0
03047,2019,34.5,3.1
03047,2020,34.7,3.0
03047,2021,34.2,2.9
03047,2022,34.2,3.1
03047,2023,34.9,3.0
03050,2015,38.9,3.7
03050,2016,38.9,3.8
03050,2017,37.6,3.5
03050,2018,36.6,3.3
03050,2019,36.1,3.1
03050,2020,35.4,3.2
03050,2021,34.7,3.1
03050,2022,34.3,2.9
03050,2023,34.2,2.9
03059,2015,34.4,3.0
03059,2016,33.7,3.1
03059,2017,32.6,2.9
03059,2018,31.8,2.7
03059,2019,31.0,2.8
03059,2020,30.8,2.5
03059,2021,30.2,2.6
03059,2022,30.4,2.6
03059,2023,29.9,2.5
03063,2015,38.4,3.7
03063,2016,37.7,3.4
03063,2017,36.8,3.1
03063,2018,35.9,3.2
03063,2019,35.0,3.0
03063,2020,35.0,2.8
03063,2021,34.3,2.9
03063,2022,34.6,2.8
03063,2023,34.1,2.8
03065,2015,35.0,2.9
03065,2016,34.6,3.0
03065,2017,33.5,2.8
03065,2018,33.0,2.6
03065,2019,32.3,2.7
03065,2020,32.3,2.8
03065,2021,31.3,2.7
03065,2022,30.9,2.6
03065,2023,30.7,2.6
03066,2015,34.8,3.1
03066,2016,34.8,2.9
03066,2017,33.7,3.0
03066,2018,33.1,2.8
03066,2019,32.2,2.6
03066,2020,32.1,2.6
03066,2021,31.5,2.6
03066,2022,31.0,2.7
03066,2023,30.7,2.6
03082,2015,40.6,4.1
03082,2016,40.6,3.7
03082,2017,39.4,3.8
03082,2018,38.7,3.5
03082,2019,38.4,3.5
03082,2020,38.1,3.6
03082,2021,37.7,3.1
03082,2022,38.1,3.4
03082,2023,37.3,3.3
03093,2015,33.8,2.8
03093,2016,32.9,2.5
03093,2017,32.0,2.6
03093,2018,31.1,2.6
03093,2019,30.5,2.7
03093,2020,30.6,2.4
03093,2021,29.2,2.3
03093,2022,29.1,2.5
03093,2023,29.1,2.4
03099,2015,37.8,3.4
03099,2016,37.7,3.4
03099,2017,35.8,3.1
03099,2018,35.0,3.0
03099,2019,34.0,2.7
03099,2020,33.6,2.8
03099,2021,33.6,2.9
03099,2022,33.5,2.7
03099,2023,33.0,2.9
03104,2015,31.9,2.8
03104,2016,31.3,2.6
03104,2017,30.3,2.4
03104,2018,29.6,2.5
03104,2019,28.9,2.4
03104,2020,28.9,2.4
03104,2021,28.0,2.4
03104,2022,27.5,2.3
03104,2023,26.9,2.2
03121,2015,36.1,3.1
03121,2016,36.3,3.1
03121,2017,34.9,2.9
03121,2018,34.2,2.8
03121,2019,33.7,2.9
03121,2020,33.8,2.9
03121,2021,32.8,2.7
03121,2022,32.6,2.7
03121,2023,32.2,2.8
03122,2015,33.1,3.0
03122,2016,32.4,2.8
03122,2017,31.3,2.7
03122,2018,30.7,2.5
03122,2019,29.8,2.6
03122,2020,29.9,2.5
03122,2021,29.0,2.4
03122,2022,28.8,2.5
03122,2023,28.3,2.5
03133,2015,41.0,4.3
03133,2016,40.4,4.3
03133,2017,38.8,3.8
03133,2018,38.4,3.9
03133,2019,37.1,3.5
03133,2020,36.4,3.5
03133,2021,35.7,3.2
03133,2022,36.4,3.4
03133,2023,37.2,3.5
03139,2015,34.3,2.8
03139,2016,33.6,2.9
03139,2017,32.3,2.7
03139,2018,31.6,2.6
03139,2019,30.7,2.7
03139,2020,31.9,2.7
03139,2021,31.0,2.5
03139,2022,30.6,2.5
03139,2023,30.4,2.5
03140,2015,32.5,2.6
03140,2016,31.8,2.7
03140,2017,31.0,2.5
03140,2018,30.2,2.4
03140,2019,29.2,2.5
03140,2020,29.2,2.4
03140,2021,28.5,2.4
03140,2022,28.3,2.4
03140,2023,27.7,2.3
04013,2015,37.8,3.6
04013,2016,37.9,3.7
04013,2017,37.0,3.4
04013,2018,36.2,3.5
04013,2019,35.5,3.3
04013,2020,35.2,3.4
04013,2021,34.2,3.2
04013,2022,34.1,3.1
04013,2023,33.5,3.0
04066,2015,35.5,3.2
04066,2016,34.2,3.0
04066,2017,32.6,2.7
04066,2018,32.5,2.7
04066,2019,31.2,2.5
04066,2020,30.5,2.5
04066,2021,29.9,2.5
04066,2022,29.9,2.3
04066,2023,29.4,2.5
04079,2015,38.8,4.1
04079,2016,38.4,3.5
04079,2017,36.9,3.2
04079,2018,36.1,3.4
04079,2019,34.8,3.1
04079,2020,34.5,2.9
04079,2021,34.2,3.0
04079,2022,34.0,2.8
04079,2023,33.0,2.8
04902,2015,36.4,3.5
04902,2016,35.4,3.0
04902,2017,34.2,2.8
04902,2018,33.1,2.9
04902,2019,31.5,2.7
04902,2020,30.6,2.5
04902,2021,30.8,2.5
04902,2022,30.8,2.6
04902,2023,30.5,2.4
05019,2015,34.2,3.0
05019,2016,34.2,3.1
05019,2017,32.3,2.8
05019,2018,31.9,2.8
05019,2019,31.3,2.9
05019,2020,31.6,2.7
05019,2021,30.4,2.6
05019,2022,30.5,2.7
05019,2023,30.1,2.7
06011,2015,36.7,3.3
06011,2016,35.6,3.3
06011,2017,33.8,3.0
06011,2018,33.4,2.8
06011,2019,32.2,2.6
06011,2020,31.9,2.6
06011,2021,30.9,2.6
06011,2022,30.4,2.4
06011,2023,30.1,2.6
06015,2015,35.4,3.1
06015,2016,35.2,3.2
06015,2017,34.2,3.2
06015,2018,33.9,3.0
06015,2019,33.2,2.8
06015,2020,33.1,2.9
06015,2021,32.3,2.8
06015,2022,31.8,2.9
06015,2023,31.3,2.7
06044,2015,33.4,2.9
06044,2016,33.0,2.7
06044,2017,31.8,2.5
06044,2018,31.8,2.6
06044,2019,30.7,2.5
06044,2020,31.0,2.5
06044,2021,30.3,2.4
06044,2022,30.2,2.6
06044,2023,29.6,2.4
06083,2015,34.4,3.2
06083,2016,34.1,2.9
06083,2017,33.3,3.0
06083,2018,32.6,2.8
06083,2019,31.8,2.7
06083,2020,32.4,2.9
06083,2021,31.3,2.8
06083,2022,30.7,2.8
06083,2023,30.2,2.7
06153,2015,32.5,2.8
06153,2016,32.5,2.8
06153,2017,31.1,2.5
06153,2018,30.9,2.6
06153,2019,29.9,2.5
06153,2020,29.9,2.6
06153,2021,28.9,2.4
06153,2022,28.7,2.3
06153,2023,28.2,2.3
07011,2015,37.1,3.0
07011,2016,37.5,3.1
07011,2017,35.6,2.8
07011,2018,35.0,2.7
07011,2019,34.3,2.7
07011,2020,36.4,3.0
07011,2021,34.8,2.7
07011,2022,34.1,2.6
07011,2023,33.4,2.5
07015,2015,31.0,2.4
07015,2016,30.5,2.5
07015,2017,28.9,2.2
07015,2018,28.7,2.3
07015,2019,28.1,2.2
07015,2020,30.3,2.6
07015,2021,28.6,2.2
07015,2022,27.9,2.1
07015,2023,27.9,2.2
07026,2015,33.2,2.6
07026,2016,32.7,2.8
07026,2017,32.1,2.5
07026,2018,32.0,2.5
07026,2019,31.7,2.6
07026,2020,33.5,2.8
07026,2021,31.8,2.6
07026,2022,31.3,2.5
07026,2023,31.5,2.4
07027,2015,32.8,2.8
07027,2016,31.5,2.7
07027,2017,30.1,2.4
07027,2018,29.6,2.4
07027,2019,29.0,2.5
07027,2020,30.3,2.6
07027,2021,29.6,2.6
07027,2022,28.5,2.4
07027,2023,27.9,2.4
07031,2015,33.7,2.8
07031,2016,33.7,2.8
07031,2017,31.8,2.5
07031,2018,31.6,2.7
07031,2019,30.7,2.6
07031,2020,32.0,2.8
07031,2021,30.9,2.6
07031,2022,30.0,2.4
07031,2023,29.3,2.3
07032,2015,32.6,2.8
07032,2016,32.3,2.6
07032,2017,31.4,2.5
07032,2018,30.8,2.6
07032,2019,30.2,2.6
07032,2020,31.8,2.7
07032,2021,30.4,2.5
07032,2022,29.8,2.5
07032,2023,29.8,2.3
07033,2015,31.7,2.6
07033,2016,31.3,2.7
07033,2017,30.3,2.5
07033,2018,30.1,2.5
07033,2019,29.3,2.4
07033,2020,30.9,2.6
07033,2021,30.3,2.6
07033,2022,29.4,2.4
07033,2023,28.9,2.4
07036,2015,28.9,2.5
07036,2016,28.4,2.4
07036,2017,27.7,2.3
07036,2018,27.2,2.2
07036,2019,26.9,2.2
07036,2020,27.6,2.4
07036,2021,26.6,2.2
07036,2022,26.2,2.2
07036,2023,26.1,2.1
07040,2015,35.6,3.1
07040,2016,35.3,3.1
07040,2017,33.5,2.8
07040,2018,33.0,2.7
07040,2019,32.5,2.6
07040,2020,33.5,2.9
07040,2021,32.7,2.7
07040,2022,31.9,2.6
07040,2023,31.3,2.5
07054,2015,35.6,2.8
07054,2016,35.5,2.9
07054,2017,33.8,2.7
07054,2018,33.7,2.7
07054,2019,33.6,2.6
07054,2020,34.7,2.8
07054,2021,33.5,2.7
07054,2022,33.1,2.5
07054,2023,32.9,2.5
08015,2015,32.7,2.9
08015,2016,32.4,2.7
08015,2017,31.4,2.8
08015,2018,30.8,2.7
08015,2019,30.5,2.8
08015,2020,30.9,2.8
08015,2021,30.7,2.7
08015,2022,30.3,2.6
08015,2023,30.0,2.6
08019,2015,36.8,3.2
08019,2016,37.0,3.3
08019,2017,36.4,3.1
08019,2018,36.2,3.2
08019,2019,35.8,3.1
08019,2020,35.7,3.1
08019,2021,35.1,3.1
08019,2022,35.1,3.0
08019,2023,34.9,3.0
08056,2015,37.1,3.1
08056,2016,37.1,3.2
08056,2017,36.2,3.1
08056,2018,35.9,3.0
08056,2019,35.7,3.1
08056,2020,35.1,3.1
08056,2021,34.6,2.9
08056,2022,35.1,3.0
08056,2023,34.7,3.0
08073,2015,30.5,2.7
08073,2016,30.5,2.8
08073,2017,29.3,2.6
08073,2018,28.9,2.5
08073,2019,28.7,2.5
08073,2020,29.2,2.7
08073,2021,29.0,2.6
08073,2022,28.7,2.5
08073,2023,28.6,2.5
08077,2015,33.9,2.7
08077,2016,33.9,2.8
08077,2017,33.2,2.7
08077,2018,32.8,2.7
08077,2019,32.3,2.5
08077,2020,32.3,2.7
08077,2021,32.3,2.7
08077,2022,32.3,2.6
08077,2023,32.3,2.5
08089,2015,33.1,2.8
08089,2016,32.8,2.7
08089,2017,31.9,2.7
08089,2018,31.3,2.6
08089,2019,30.8,2.6
08089,2020,31.0,2.6
08089,2021,31.0,2.5
08089,2022,30.5,2.5
08089,2023,30.5,2.5
08096,2015,34.3,2.9
08096,2016,34.1,3.0
08096,2017,32.6,2.8
08096,2018,31.9,2.7
08096,2019,31.3,2.6
08096,2020,31.4,2.6
08096,2021,30.6,2.6
08096,2022,30.2,2.5
08096,2023,29.8,2.5
08101,2015,32.6,3.0
08101,2016,32.5,3.1
08101,2017,31.5,2.8
08101,2018,30.9,2.8
08101,2019,30.6,2.6
08101,2020,31.1,2.8
08101,2021,30.5,2.7
08101,2022,30.5,2.6
08101,2023,30.3,2.7
08102,2015,32.5,2.8
08102,2016,32.9,2.9
08102,2017,31.4,2.8
08102,2018,31.0,2.7
08102,2019,30.5,2.7
08102,2020,30.8,2.7
08102,2021,30.3,2.7
08102,2022,30.0,2.6
08102,2023,29.9,2.6
08113,2015,35.2,3.4
08113,2016,34.8,3.2
08113,2017,33.2,2.9
08113,2018,32.7,3.0
08113,2019,32.4,2.9
08113,2020,32.6,2.9
08113,2021,32.1,3.0
08113,2022,32.1,2.9
08113,2023,31.4,2.8
08114,2015,31.3,2.8
08114,2016,31.1,2.8
08114,2017,29.9,2.7
08114,2018,29.8,2.8
08114,2019,29.2,2.7
08114,2020,29.5,2.7
08114,2021,29.5,2.6
08114,2022,28.8,2.5
08114,2023,28.5,2.5
08121,2015,34.5,3.1
08121,2016,33.6,2.9
08121,2017,32.5,2.9
08121,2018,31.8,2.8
08121,2019,31.4,2.7
08121,2020,31.8,2.7
08121,2021,31.0,2.7
08121,2022,30.6,2.6
08121,2023,30.0,2.5
08124,2015,29.5,2.5
08124,2016,29.1,2.6
08124,2017,28.4,2.4
08124,2018,27.5,2.4
08124,2019,27.2,2.3
08124,2020,27.3,2.3
08124,2021,26.7,2.3
08124,2022,26.7,2.2
08124,2023,26.5,2.4
08125,2015,31.4,2.7
08125,2016,31.4,2.8
08125,2017,30.0,2.6
08125,2018,29.7,2.7
08125,2019,29.6,2.6
08125,2020,29.9,2.6
08125,2021,29.5,2.6
08125,2022,28.6,2.5
08125,2023,28.2,2.4
08163,2015,33.4,2.7
08163,2016,32.7,2.8
08163,2017,31.4,2.7
08163,2018,30.4,2.5
08163,2019,30.1,2.5
08163,2020,31.4,2.6
08163,2021,29.8,2.6
08163,2022,29.2,2.5
08163,2023,28.9,2.5
08169,2015,28.6,2.4
08169,2016,28.1,2.4
08169,2017,27.4,2.4
08169,2018,27.1,2.3
08169,2019,27.1,2.3
08169,2020,27.5,2.3
08169,2021,27.3,2.3
08169,2022,26.7,2.3
08169,2023,26.3,2.3
08172,2015,33.9,3.0
08172,2016,33.6,3.1
08172,2017,32.5,2.9
08172,2018,31.6,2.8
08172,2019,30.8,2.7
08172,2020,30.8,2.7
08172,2021,30.9,2.6
08172,2022,30.5,2.6
08172,2023,30.1,2.6
08180,2015,30.2,2.6
08180,2016,29.8,2.5
08180,2017,28.6,2.6
08180,2018,28.1,2.5
08180,2019,27.7,2.4
08180,2020,28.1,2.4
08180,2021,27.5,2.5
08180,2022,26.9,2.4
08180,2023,26.8,2.4
08184,2015,31.0,2.8
08184,2016,31.0,2.8
08184,2017,29.4,2.6
08184,2018,29.0,2.6
08184,2019,28.4,2.5
08184,2020,28.4,2.5
08184,2021,28.7,2.5
08184,2022,27.8,2.4
08184,2023,27.6,2.5
08187,2015,32.8,2.8
08187,2016,32.3,2.6
08187,2017,31.4,2.7
08187,2018,30.8,2.7
08187,2019,30.5,2.6
08187,2020,30.6,2.7
08187,2021,30.0,2.5
08187,2022,29.8,2.6
08187,2023,29.6,2.5
08194,2015,33.8,3.3
08194,2016,33.5,3.0
08194,2017,32.4,2.8
08194,2018,31.8,2.9
08194,2019,31.3,2.8
08194,2020,31.5,2.8
08194,2021,30.8,2.8
08194,2022,30.5,2.8
08194,2023,30.3,2.7
08196,2015,28.8,2.4
08196,2016,28.1,2.4
08196,2017,26.7,2.4
08196,2018,26.4,2.3
08196,2019,25.8,2.3
08196,2020,26.2,2.3
08196,2021,26.2,2.2
08196,2022,25.7,2.1
08196,2023,25.3,2.2
08200,2015,28.9,2.5
08200,2016,28.3,2.4
08200,2017,27.7,2.4
08200,2018,27.2,2.4
08200,2019,26.9,2.3
08200,2020,27.0,2.3
08200,2021,26.9,2.3
08200,2022,26.7,2.2
08200,2023,26.4,2.2
08205,2015,36.7,3.2
08205,2016,36.8,3.3
08205,2017,36.2,3.2
08205,2018,35.7,3.1
08205,2019,35.7,3.1
08205,2020,35.1,2.9
08205,2021,34.6,2.9
08205,2022,34.8,2.9
08205,2023,34.5,2.9
08211,2015,30.0,2.5
08211,2016,29.8,2.4
08211,2017,28.9,2.5
08211,2018,28.6,2.4
08211,2019,28.3,2.4
08211,2020,28.5,2.4
08211,2021,28.4,2.3
08211,2022,28.4,2.3
08211,2023,28.3,2.4
08217,2015,31.0,2.5
08217,2016,30.8,2.5
08217,2017,30.2,2.4
08217,2018,29.6,2.4
08217,2019,29.0,2.3
08217,2020,29.3,2.3
08217,2021,29.2,2.4
08217,2022,28.6,2.3
08217,2023,28.3,2.3
08231,2015,36.3,3.0
08231,2016,35.9,3.0
08231,2017,34.5,2.9
08231,2018,33.7,2.8
08231,2019,32.7,2.7
08231,2020,32.7,2.7
08231,2021,32.5,2.6
08231,2022,32.7,2.8
08231,2023,32.3,2.6
08245,2015,31.8,2.8
08245,2016,31.3,2.8
08245,2017,30.6,2.7
08245,2018,29.9,2.7
08245,2019,29.5,2.6
08245,2020,30.0,2.6
08245,2021,29.3,2.5
08245,2022,29.0,2.6
08245,2023,28.6,2.5
08252,2015,27.4,2.3
08252,2016,27.3,2.4
08252,2017,26.3,2.3
08252,2018,26.0,2.2
08252,2019,25.7,2.1
08252,2020,25.9,2.2
08252,2021,25.2,2.1
08252,2022,25.2,2.1
08252,2023,25.0,2.1
08260,2015,29.6,2.6
08260,2016,29.3,2.4
08260,2017,28.7,2.5
08260,2018,27.9,2.5
08260,2019,27.6,2.4
08260,2020,27.7,2.4
08260,2021,27.2,2.3
08260,2022,26.7,2.3
08260,2023,25.9,2.2
08263,2015,29.2,2.5
08263,2016,28.5,2.6
08263,2017,27.8,2.4
08263,2018,27.1,2.4
08263,2019,26.4,2.3
08263,2020,26.5,2.3
08263,2021,26.4,2.3
08263,2022,25.8,2.2
08263,2023,25.5,2.2
08266,2015,31.6,2.5
08266,2016,31.9,2.7
08266,2017,30.7,2.5
08266,2018,30.1,2.5
08266,2019,29.9,2.4
08266,2020,29.8,2.5
08266,2021,29.8,2.4
08266,2022,29.5,2.4
08266,2023,29.4,2.4
08270,2015,40.8,3.6
08270,2016,40.9,3.7
08270,2017,40.1,3.6
08270,2018,40.1,3.4
08270,2019,39.5,3.3
08270,2020,39.8,3.6
08270,2021,38.8,3.3
08270,2022,39.6,3.3
08270,2023,38.9,3.3
08279,2015,32.5,2.8
08279,2016,32.1,2.8
08279,2017,31.0,2.7
08279,2018,30.3,2.6
08279,2019,29.8,2.6
08279,2020,29.8,2.6
08279,2021,29.4,2.6
08279,2022,29.1,2.6
08279,2023,28.9,2.5
08298,2015,32.8,2.8
08298,2016,32.3,2.7
08298,2017,31.6,2.7
08298,2018,31.4,2.6
08298,2019,31.6,2.7
08298,2020,31.2,2.7
08298,2021,30.6,2.6
08298,2022,30.3,2.5
08298,2023,30.3,2.5
08301,2015,28.8,2.4
08301,2016,28.7,2.4
08301,2017,27.7,2.4
08301,2018,27.2,2.3
08301,2019,26.9,2.3
08301,2020,27.0,2.3
08301,2021,26.9,2.2
08301,2022,26.5,2.2
08301,2023,26.0,2.2
08305,2015,33.3,2.8
08305,2016,32.9,2.8
08305,2017,31.5,2.7
08305,2018,30.9,2.7
08305,2019,30.1,2.7
08305,2020,30.3,2.7
08305,2021,30.3,2.7
08305,2022,29.6,2.6
08305,2023,29.6,2.5
08307,2015,32.9,2.9
08307,2016,32.4,2.8
08307,2017,31.5,2.8
08307,2018,30.7,2.7
08307,2019,30.0,2.7
08307,2020,30.2,2.7
08307,2021,29.6,2.6
08307,2022,29.9,2.6
08307,2023,29.8,2.6
09018,2015,31.7,2.7
09018,2016,31.4,2.8
09018,2017,30.5,2.6
09018,2018,29.9,2.7
09018,2019,29.3,2.5
09018,2020,29.8,2.5
09018,2021,29.0,2.6
09018,2022,29.3,2.6
09018,2023,28.8,2.5
09059,2015,30.8,2.7
09059,2016,30.4,2.6
09059,2017,29.7,2.4
09059,2018,29.2,2.4
09059,2019,28.8,2.5
09059,2020,29.1,2.5
09059,2021,28.3,2.4
09059,2022,28.2,2.4
09059,2023,28.2,2.4
09219,2015,30.8,2.7
09219,2016,30.4,2.6
09219,2017,29.8,2.4
09219,2018,29.4,2.4
09219,2019,28.6,2.4
09219,2020,28.8,2.4
09219,2021,28.0,2.5
09219,2022,28.2,2.5
09219,2023,28.0,2.4
10037,2015,33.0,3.0
10037,2016,32.9,2.8
10037,2017,32.2,2.8
10037,2018,31.6,2.7
10037,2019,31.0,2.8
10037,2020,30.8,2.7
10037,2021,29.9,2.6
10037,2022,29.9,2.7
10037,2023,29.3,2.5
10148,2015,35.7,3.2
10148,2016,35.3,3.2
10148,2017,34.0,3.0
10148,2018,33.0,2.8
10148,2019,32.6,2.9
10148,2020,32.5,2.9
10148,2021,31.3,2.6
10148,2022,31.0,2.7
10148,2023,30.6,2.7
11004,2015,39.1,4.2
11004,2016,38.0,3.7
11004,2017,37.2,3.8
11004,2018,36.3,3.5
11004,2019,35.5,3.3
11004,2020,35.9,3.6
11004,2021,34.7,3.4
11004,2022,34.4,3.3
11004,2023,33.7,3.1
11006,2015,31.0,2.4
11006,2016,30.5,2.4
11006,2017,28.8,2.3
11006,2018,28.0,2.1
11006,2019,27.4,2.1
11006,2020,28.2,2.3
11006,2021,27.3,2.2
11006,2022,26.9,2.2
11006,2023,25.9,2.2
11012,2015,33.7,2.9
11012,2016,33.8,3.0
11012,2017,33.0,2.8
11012,2018,32.2,2.7
11012,2019,31.5,2.9
11012,2020,31.7,2.9
11012,2021,31.0,2.7
11012,2022,30.8,2.7
11012,2023,30.2,2.7
11015,2015,36.2,3.3
11015,2016,36.1,3.4
11015,2017,34.5,3.0
11015,2018,33.3,2.9
11015,2019,32.2,2.7
11015,2020,32.6,2.7
11015,2021,31.7,2.7
11015,2022,31.3,2.6
11015,2023,30.3,2.6
11020,2015,35.8,3.1
11020,2016,35.3,3.2
11020,2017,34.4,2.9
11020,2018,33.5,2.8
11020,2019,32.6,2.7
11020,2020,32.7,2.7
11020,2021,31.8,2.7
11020,2022,31.3,2.7
11020,2023,30.5,2.6
11022,2015,40.6,4.8
11022,2016,40.8,4.8
11022,2017,39.9,4.2
11022,2018,39.3,3.8
11022,2019,38.4,3.9
11022,2020,38.0,3.9
11022,2021,37.2,3.7
11022,2022,37.0,3.5
11022,2023,36.1,3.4
11027,2015,37.0,3.5
11027,2016,37.0,3.5
11027,2017,35.7,3.2
11027,2018,34.8,3.1
11027,2019,34.0,2.9
11027,2020,34.2,2.9
11027,2021,33.5,2.8
11027,2022,33.1,2.7
11027,2023,32.5,2.7
11028,2015,32.3,2.9
11028,2016,31.9,2.7
11028,2017,30.2,2.6
11028,2018,29.6,2.4
11028,2019,28.8,2.3
11028,2020,28.9,2.3
11028,2021,28.5,2.4
11028,2022,28.3,2.4
11028,2023,27.2,2.2
11030,2015,33.3,2.9
11030,2016,33.1,3.0
11030,2017,32.0,2.8
11030,2018,31.1,2.7
11030,2019,30.1,2.5
11030,2020,30.5,2.5
11030,2021,30.2,2.5
11030,2022,29.8,2.6
11030,2023,29.3,2.4
11031,2015,32.2,2.7
11031,2016,32.1,2.8
11031,2017,31.1,2.6
11031,2018,30.4,2.7
11031,2019,30.0,2.6
11031,2020,30.1,2.6
11031,2021,29.4,2.5
11031,2022,29.0,2.5
11031,2023,28.2,2.4
11032,2015,35.7,3.2
11032,2016,34.9,2.9
11032,2017,33.7,2.5
11032,2018,32.9,2.8
11032,2019,31.7,2.6
11032,2020,31.6,2.6
11032,2021,31.0,2.4
11032,2022,30.8,2.6
11032,2023,29.6,2.4
11033,2015,38.1,3.7
11033,2016,38.0,3.2
11033,2017,36.7,3.4
11033,2018,35.9,3.2
11033,2019,35.3,3.1
11033,2020,36.3,3.1
11033,2021,36.4,3.0
11033,2022,36.4,3.0
11033,2023,35.7,2.9
12009,2015,33.1,2.8
12009,2016,32.3,2.8
12009,2017,31.0,2.7
12009,2018,30.0,2.6
12009,2019,29.2,2.5
12009,2020,28.9,2.5
12009,2021,28.5,2.4
12009,2022,28.1,2.5
12009,2023,28.6,2.4
12027,2015,34.8,2.9
12027,2016,34.1,3.0
12027,2017,33.0,2.8
12027,2018,32.3,2.9
12027,2019,31.7,2.7
12027,2020,32.2,2.7
12027,2021,31.5,2.8
12027,2022,31.8,2.7
12027,2023,31.8,2.8
12032,2015,33.8,3.0
12032,2016,33.1,2.8
12032,2017,32.1,2.7
12032,2018,31.6,2.5
12032,2019,31.1,2.6
12032,2020,30.8,2.7
12032,2021,30.6,2.6
12032,2022,30.4,2.5
12032,2023,30.6,2.6
12040,2015,35.8,3.2
12040,2016,35.0,2.9
12040,2017,33.5,2.8
12040,2018,32.9,2.6
12040,2019,32.4,2.8
12040,2020,32.0,2.8
12040,2021,31.1,2.7
12040,2022,31.2,2.6
12040,2023,31.3,2.7
12084,2015,31.8,2.6
12084,2016,31.0,2.6
12084,2017,29.5,2.5
12084,2018,28.6,2.4
12084,2019,28.2,2.3
12084,2020,27.6,2.4
12084,2021,27.0,2.4
12084,2022,27.4,2.3
12084,2023,27.9,2.4
12126,2015,31.7,2.6
12126,2016,31.5,2.6
12126,2017,29.7,2.6
12126,2018,28.9,2.4
12126,2019,27.8,2.3
12126,2020,27.6,2.2
12126,2021,27.1,2.4
12126,2022,27.4,2.3
12126,2023,27.3,2.3
12135,2015,32.3,2.8
12135,2016,31.6,2.7
12135,2017,30.3,2.6
12135,2018,29.6,2.5
12135,2019,29.2,2.4
12135,2020,29.1,2.4
12135,2021,28.5,2.4
12135,2022,28.4,2.3
12135,2023,28.3,2.5
12138,2015,34.6,2.9
12138,2016,33.6,3.0
12138,2017,32.5,2.8
12138,2018,31.7,2.7
12138,2019,31.2,2.5
12138,2020,31.3,2.5
12138,2021,30.7,2.5
12138,2022,30.2,2.6
12138,2023,30.1,2.6
13005,2015,32.9,2.9
13005,2016,33.3,2.9
13005,2017,31.5,2.8
13005,2018,31.0,2.7
13005,2019,30.5,2.6
13005,2020,31.0,2.6
13005,2021,30.0,2.5
13005,2022,29.7,2.5
13005,2023,29.7,2.6
13034,2015,33.9,3.3
13034,2016,33.7,3.0
13034,2017,33.1,3.1
13034,2018,32.7,2.9
13034,2019,32.1,2.8
13034,2020,32.3,2.9
13034,2021,31.5,2.7
13034,2022,31.1,2.7
13034,2023,30.8,2.7
13071,2015,35.6,3.3
13071,2016,35.7,3.0
13071,2017,34.4,3.1
13071,2018,33.8,2.9
13071,2019,32.7,2.8
13071,2020,32.9,2.8
13071,2021,32.1,2.8
13071,2022,32.0,2.8
13071,2023,31.5,2.7
13082,2015,33.0,2.6
13082,2016,32.9,2.8
13082,2017,31.2,2.6
13082,2018,30.9,2.5
13082,2019,30.1,2.4
13082,2020,30.5,2.4
13082,2021,30.0,2.5
13082,2022,29.6,2.4
13082,2023,29.7,2.5
13087,2015,33.7,2.9
13087,2016,33.5,3.0
13087,2017,32.6,2.7
13087,2018,32.1,2.6
13087,2019,31.6,2.7
13087,2020,31.8,2.7
13087,2021,30.9,2.6
13087,2022,30.6,2.6
13087,2023,30.5,2.5
14021,2015,35.2,3.0
14021,2016,35.3,3.1
14021,2017,34.5,3.2
14021,2018,33.8,3.0
14021,2019,33.0,2.8
14021,2020,33.0,2.8
14021,2021,32.0,2.8
14021,2022,32.0,2.7
14021,2023,31.3,2.7
14038,2015,33.0,2.6
14038,2016,32.9,2.7
14038,2017,31.2,2.5
14038,2018,30.3,2.4
14038,2019,29.7,2.5
14038,2020,29.9,2.5
14038,2021,28.5,2.3
14038,2022,28.3,2.4
14038,2023,27.8,2.3
14056,2015,31.2,2.6
14056,2016,31.7,2.6
14056,2017,30.5,2.5
14056,2018,30.4,2.4
14056,2019,29.2,2.3
14056,2020,29.4,2.3
14056,2021,28.2,2.3
14056,2022,28.4,2.4
14056,2023,28.0,2.3
15002,2015,32.2,2.7
15002,2016,31.7,2.8
15002,2017,31.1,2.6
15002,2018,30.9,2.6
15002,2019,30.4,2.6
15002,2020,30.2,2.6
15002,2021,29.4,2.5
15002,2022,29.2,2.5
15002,2023,28.5,2.4
15005,2015,30.3,2.6
15005,2016,30.1,2.6
15005,2017,29.4,2.4
15005,2018,28.9,2.4
15005,2019,28.5,2.5
15005,2020,28.4,2.4
15005,2021,27.9,2.4
15005,2022,28.1,2.4
15005,2023,27.9,2.4
15019,2015,30.4,2.5
15019,2016,30.1,2.6
15019,2017,29.3,2.4
15019,2018,27.7,2.2
15019,2019,27.3,2.3
15019,2020,27.3,2.3
15019,2021,26.4,2.2
15019,2022,26.5,2.2
15019,2023,26.0,2.2
15030,2015,33.9,3.0
15030,2016,34.1,2.9
15030,2017,33.4,2.9
15030,2018,33.3,2.8
15030,2019,33.0,2.9
15030,2020,32.7,2.9
15030,2021,32.1,2.8
15030,2022,32.3,2.8
15030,2023,32.3,2.7
15031,2015,31.1,2.6
15031,2016,30.7,2.7
15031,2017,30.4,2.6
15031,2018,30.0,2.6
15031,2019,29.2,2.5
15031,2020,29.5,2.5
15031,2021,28.7,2.5
15031,2022,28.5,2.5
15031,2023,28.7,2.4
15036,2015,31.9,2.7
15036,2016,32.3,2.7
15036,2017,31.7,2.7
15036,2018,31.1,2.6
15036,2019,30.9,2.7
15036,2020,30.7,2.7
15036,2021,30.0,2.6
15036,2022,29.9,2.6
15036,2023,29.7,2.5
15054,2015,28.8,2.4
15054,2016,28.4,2.4
15054,2017,27.6,2.3
15054,2018,27.3,2.4
15054,2019,27.2,2.4
15054,2020,26.6,2.4
15054,2021,26.6,2.3
15054,2022,26.2,2.3
15054,2023,26.0,2.2
15058,2015,35.9,3.1
15058,2016,35.9,2.9
15058,2017,35.4,2.8
15058,2018,35.4,2.9
15058,2019,35.0,2.8
15058,2020,34.4,2.8
15058,2021,33.3,2.8
15058,2022,34.2,2.6
15058,2023,34.0,2.7
15073,2015,30.3,2.4
15073,2016,30.2,2.5
15073,2017,29.6,2.4
15073,2018,29.3,2.4
15073,2019,28.5,2.3
15073,2020,28.0,2.3
15073,2021,27.7,2.2
15073,2022,28.0,2.4
15073,2023,27.7,2.3
15078,2015,32.7,2.9
15078,2016,32.3,2.7
15078,2017,31.8,2.8
15078,2018,31.5,2.7
15078,2019,31.2,2.6
15078,2020,31.5,2.6
15078,2021,30.9,2.5
15078,2022,30.9,2.6
15078,2023,30.8,2.5
16078,2015,33.3,3.0
16078,2016,33.6,3.0
16078,2017,32.5,2.8
16078,2018,31.7,2.8
16078,2019,30.9,2.7
16078,2020,30.8,2.7
16078,2021,30.2,2.6
16078,2022,30.0,2.7
16078,2023,30.0,2.6
17023,2015,33.7,2.9
17023,2016,32.7,2.7
17023,2017,31.5,2.5
17023,2018,30.8,2.7
17023,2019,30.4,2.6
17023,2020,31.9,2.7
17023,2021,30.4,2.6
17023,2022,29.9,2.6
17023,2023,29.2,2.6
17066,2015,37.8,3.5
17066,2016,37.4,3.2
17066,2017,35.7,3.2
17066,2018,34.5,3.0
17066,2019,33.7,2.8
17066,2020,34.1,3.1
17066,2021,33.4,2.9
17066,2022,32.1,2.8
17066,2023,31.2,2.7
17079,2015,36.2,3.4
17079,2016,36.0,3.2
17079,2017,34.9,3.1
17079,2018,34.6,3.2
17079,2019,34.4,3.0
17079,2020,34.1,3.1
17079,2021,33.4,2.9
17079,2022,33.1,2.9
17079,2023,32.9,2.8
17095,2015,35.8,3.2
17095,2016,35.7,3.0
17095,2017,34.1,2.8
17095,2018,33.7,2.9
17095,2019,33.1,2.7
17095,2020,35.6,3.2
17095,2021,33.4,2.8
17095,2022,33.0,2.8
17095,2023,33.1,2.7
17114,2015,30.9,2.7
17114,2016,31.0,2.6
17114,2017,29.2,2.4
17114,2018,29.0,2.4
17114,2019,28.7,2.4
17114,2020,28.5,2.4
17114,2021,28.0,2.4
17114,2022,27.8,2.3
17114,2023,27.5,2.3
17155,2015,38.3,4.2
17155,2016,37.9,4.2
17155,2017,34.8,3.4
17155,2018,33.4,3.1
17155,2019,32.4,2.9
17155,2020,32.6,3.2
17155,2021,31.3,3.0
17155,2022,31.1,2.8
17155,2023,29.7,2.8
18017,2015,37.3,3.5
18017,2016,36.7,3.0
18017,2017,35.0,2.9
18017,2018,33.5,2.6
18017,2019,32.4,2.5
18017,2020,33.9,2.8
18017,2021,32.8,2.7
18017,2022,32.4,2.7
18017,2023,31.9,2.5
18087,2015,38.7,3.8
18087,2016,38.6,3.9
18087,2017,37.7,3.7
18087,2018,37.3,3.8
18087,2019,36.6,3.5
18087,2020,36.8,3.6
18087,2021,35.7,3.5
18087,2022,35.4,3.4
18087,2023,34.9,3.3
18140,2015,35.1,3.3
18140,2016,35.1,3.0
18140,2017,33.7,2.8
18140,2018,32.7,2.9
18140,2019,31.6,2.7
18140,2020,31.4,2.7
18140,2021,31.2,2.7
18140,2022,30.8,2.5
18140,2023,30.4,2.5
19046,2015,31.4,2.7
19046,2016,30.4,2.6
19046,2017,29.5,2.7
19046,2018,28.5,2.5
19046,2019,27.8,2.5
19046,2020,28.3,2.5
19046,2021,27.4,2.4
19046,2022,26.8,2.3
19046,2023,26.3,2.3
19130,2015,33.4,2.9
19130,2016,32.7,2.9
19130,2017,32.1,2.8
19130,2018,31.6,2.7
19130,2019,31.2,2.7
19130,2020,31.1,2.8
19130,2021,30.5,2.7
19130,2022,30.5,2.6
19130,2023,30.1,2.6
20030,2016,32.0,2.7
20030,2017,30.3,2.6
20030,2018,30.4,2.6
20030,2019,30.4,2.7
20030,2020,30.1,2.7
20030,2021,30.1,2.6
20030,2022,30.3,2.6
20030,2023,28.1,2.5
20045,2016,32.5,2.9
20045,2017,30.7,2.8
20045,2018,30.3,2.7
20045,2019,30.2,2.6
20045,2020,30.6,2.6
20045,2021,30.4,2.7
20045,2022,30.3,2.5
20045,2023,28.2,2.4
20067,2016,27.9,2.3
20067,2017,26.6,2.4
20067,2018,26.3,2.3
20067,2019,26.2,2.2
20067,2020,26.4,2.2
20067,2021,26.3,2.3
20067,2022,26.2,2.3
20067,2023,24.7,2.2
20069,2016,34.0,2.9
20069,2017,32.6,2.8
20069,2018,32.2,2.7
20069,2019,32.2,2.6
20069,2020,32.3,2.6
20069,2021,32.2,2.7
20069,2022,32.4,2.6
20069,2023,30.1,2.5
21041,2015,36.0,3.2
21041,2016,35.6,3.2
21041,2017,34.3,3.0
21041,2018,33.5,2.8
21041,2019,32.4,3.0
21041,2020,32.6,3.0
21041,2021,31.8,2.8
21041,2022,31.7,2.8
21041,2023,31.0,2.7
21044,2015,33.4,2.9
21044,2016,32.5,2.6
21044,2017,30.6,2.4
21044,2018,30.3,2.6
21044,2019,28.7,2.4
21044,2020,28.9,2.3
21044,2021,28.4,2.4
21044,2022,28.0,2.3
21044,2023,27.5,2.3
22125,2015,32.6,2.8
22125,2016,32.0,2.9
22125,2017,31.2,2.7
22125,2018,30.3,2.7
22125,2019,30.1,2.6
22125,2020,30.6,2.7
22125,2021,29.7,2.6
22125,2022,29.5,2.6
22125,2023,29.6,2.5
23005,2015,33.3,2.8
23005,2016,33.0,2.9
23005,2017,31.7,2.6
23005,2018,30.9,2.5
23005,2019,29.9,2.4
23005,2020,30.5,2.4
23005,2021,29.3,2.6
23005,2022,29.1,2.4
23005,2023,28.4,2.4
23050,2015,33.7,2.9
23050,2016,33.7,3.0
23050,2017,32.8,2.8
23050,2018,32.4,2.9
23050,2019,31.5,2.8
23050,2020,32.0,2.8
23050,2021,31.0,2.7
23050,2022,31.0,2.6
23050,2023,30.6,2.6
23055,2015,33.9,2.9
23055,2016,33.6,3.0
23055,2017,32.9,2.7
23055,2018,32.6,2.8
23055,2019,31.6,2.7
23055,2020,31.8,2.7
23055,2021,31.1,2.7
23055,2022,30.6,2.6
23055,2023,30.2,2.7
23092,2015,34.6,2.9
23092,2016,34.4,2.8
23092,2017,33.2,2.8
23092,2018,32.4,2.7
23092,2019,31.9,2.7
23092,2020,32.4,2.8
23092,2021,31.1,2.6
23092,2022,31.4,2.6
23092,2023,30.9,2.6
24089,2015,33.3,3.0
24089,2016,33.6,3.0
24089,2017,32.5,2.9
24089,2018,32.1,2.7
24089,2019,31.6,2.8
24089,2020,31.7,2.9
24089,2021,30.9,2.7
24089,2022,31.1,2.7
24089,2023,30.8,2.7
24115,2015,33.3,2.7
24115,2016,33.2,2.7
24115,2017,32.2,2.6
24115,2018,31.6,2.7
24115,2019,30.8,2.6
24115,2020,31.1,2.6
24115,2021,29.9,2.5
24115,2022,30.0,2.4
24115,2023,29.3,2.4
24142,2015,29.9,2.7
24142,2016,30.1,2.5
24142,2017,29.0,2.5
24142,2018,28.7,2.4
24142,2019,27.8,2.4
24142,2020,28.1,2.4
24142,2021,27.3,2.3
24142,2022,27.5,2.4
24142,2023,27.0,2.3
25120,2015,36.8,3.4
25120,2016,36.1,3.5
25120,2017,34.7,3.2
25120,2018,34.2,3.0
25120,2019,33.6,2.9
25120,2020,33.4,2.9
25120,2021,32.7,2.9
25120,2022,32.7,2.9
25120,2023,32.3,2.9
26089,2015,33.4,2.8
26089,2016,33.1,3.0
26089,2017,32.2,2.8
26089,2018,31.6,2.7
26089,2019,31.0,2.6
26089,2020,30.6,2.6
26089,2021,29.7,2.5
26089,2022,29.6,2.5
26089,2023,29.4,2.5
27028,2015,33.7,3.0
27028,2016,33.5,2.8
27028,2017,32.9,2.8
27028,2018,32.5,2.7
27028,2019,32.1,2.8
27028,2020,31.5,2.9
27028,2021,31.0,2.7
27028,2022,31.2,2.7
27028,2023,30.9,2.6
28005,2015,33.3,3.1
28005,2016,34.0,3.1
28005,2017,31.8,2.7
28005,2018,31.1,2.7
28005,2019,30.4,2.6
28005,2020,30.8,2.6
28005,2021,30.2,2.7
28005,2022,30.1,2.6
28005,2023,29.7,2.5
28006,2015,42.9,3.5
28006,2016,43.5,3.6
28006,2017,42.7,3.4
28006,2018,42.7,3.3
28006,2019,42.4,3.2
28006,2020,42.5,3.5
28006,2021,41.8,3.4
28006,2022,42.6,3.4
28006,2023,42.1,3.4
28007,2015,31.3,2.7
28007,2016,31.7,2.9
28007,2017,30.4,2.6
28007,2018,29.9,2.7
28007,2019,29.2,2.6
28007,2020,29.7,2.6
28007,2021,29.1,2.5
28007,2022,29.0,2.5
28007,2023,28.8,2.5
28013,2015,34.0,3.2
28013,2016,34.0,3.2
28013,2017,32.4,2.8
28013,2018,32.0,2.8
28013,2019,31.3,2.8
28013,2020,31.5,2.8
28013,2021,30.7,2.7
28013,2022,30.8,2.7
28013,2023,30.8,2.8
28014,2015,31.8,2.7
28014,2016,31.5,2.8
28014,2017,30.2,2.6
28014,2018,29.7,2.5
28014,2019,29.0,2.5
28014,2020,29.2,2.5
28014,2021,28.8,2.5
28014,2022,28.4,2.4
28014,2023,28.0,2.4
28022,2015,36.6,3.2
28022,2016,36.0,3.0
28022,2017,35.5,3.0
28022,2018,35.0,2.9
28022,2019,34.6,2.9
28022,2020,34.5,2.9
28022,2021,34.1,2.7
28022,2022,33.7,2.7
28022,2023,33.7,2.7
28045,2015,34.4,3.0
28045,2016,34.0,3.0
28045,2017,33.3,2.9
28045,2018,32.6,2.8
28045,2019,32.2,2.8
28045,2020,32.1,2.8
28045,2021,31.4,2.7
28045,2022,31.4,2.7
28045,2023,31.4,2.7
28047,2015,34.1,3.4
28047,2016,34.6,3.4
28047,2017,33.1,3.2
28047,2018,32.5,3.0
28047,2019,31.8,2.9
28047,2020,31.8,2.9
28047,2021,31.2,2.8
28047,2022,31.1,2.7
28047,2023,30.7,2.7
28049,2015,32.2,3.0
28049,2016,32.3,2.8
28049,2017,30.1,2.7
28049,2018,29.4,2.6
28049,2019,28.5,2.5
28049,2020,28.8,2.5
28049,2021,28.3,2.4
28049,2022,28.1,2.4
28049,2023,27.7,2.4
28058,2015,30.5,2.8
28058,2016,30.4,2.6
28058,2017,28.7,2.4
28058,2018,28.0,2.4
28058,2019,27.4,2.3
28058,2020,27.5,2.3
28058,2021,26.7,2.2
28058,2022,26.3,2.2
28058,2023,26.0,2.3
28061,2015,38.0,3.5
28061,2016,38.2,3.6
28061,2017,36.4,3.3
28061,2018,35.8,3.2
28061,2019,35.1,3.3
28061,2020,34.9,3.1
28061,2021,34.3,3.0
28061,2022,33.9,3.0
28061,2023,33.6,3.0
28065,2015,32.5,2.8
28065,2016,32.4,2.9
28065,2017,31.2,2.8
28065,2018,30.8,2.7
28065,2019,30.1,2.6
28065,2020,30.0,2.6
28065,2021,29.4,2.6
28065,2022,29.4,2.5
28065,2023,29.4,2.6
28074,2015,30.9,2.7
28074,2016,30.6,2.7
28074,2017,29.9,2.6
28074,2018,29.6,2.6
28074,2019,29.1,2.5
28074,2020,29.2,2.6
28074,2021,28.7,2.5
28074,2022,28.9,2.5
28074,2023,28.9,2.6
28079,2015,38.8,3.6
28079,2016,38.9,3.6
28079,2017,38.6,3.4
28079,2018,38.5,3.3
28079,2019,38.1,3.4
28079,2020,38.1,3.4
28079,2021,37.5,3.3
28079,2022,37.7,3.3
28079,2023,37.5,3.2
28080,2015,38.6,3.6
28080,2016,38.7,3.7
28080,2017,38.0,3.5
28080,2018,37.8,3.4
28080,2019,37.4,3.3
28080,2020,37.5,3.3
28080,2021,37.0,3.2
28080,2022,37.0,3.3
28080,2023,37.1,3.4
28092,2015,31.0,2.8
28092,2016,30.7,2.6
28092,2017,29.6,2.7
28092,2018,29.0,2.6
28092,2019,28.5,2.5
28092,2020,28.6,2.5
28092,2021,28.0,2.4
28092,2022,27.9,2.4
28092,2023,27.6,2.4
28096,2015,33.2,2.9
28096,2016,32.9,3.0
28096,2017,31.4,2.8
28096,2018,31.1,2.7
28096,2019,30.1,2.8
28096,2020,30.3,2.7
28096,2021,29.6,2.6
28096,2022,29.2,2.6
28096,2023,28.8,2.5
28106,2015,33.2,2.9
28106,2016,32.8,2.9
28106,2017,31.3,2.7
28106,2018,30.6,2.6
28106,2019,30.0,2.7
28106,2020,30.1,2.7
28106,2021,29.4,2.5
28106,2022,29.2,2.5
28106,2023,28.8,2.5
28113,2015,30.5,2.6
28113,2016,30.4,2.6
28113,2017,29.4,2.5
28113,2018,29.0,2.4
28113,2019,28.8,2.4
28113,2020,28.9,2.6
28113,2021,28.4,2.5
28113,2022,28.3,2.4
28113,2023,28.2,2.3
28115,2015,41.1,3.6
28115,2016,41.1,3.4
28115,2017,40.4,3.4
28115,2018,40.8,3.3
28115,2019,40.7,3.3
28115,2020,40.4,3.3
28115,2021,40.4,3.3
28115,2022,39.9,3.2
28115,2023,39.7,3.3
28123,2015,31.9,2.9
28123,2016,31.6,2.7
28123,2017,30.6,2.6
28123,2018,30.0,2.6
28123,2019,29.4,2.5
28123,2020,29.4,2.4
28123,2021,28.8,2.4
28123,2022,28.6,2.4
28123,2023,28.4,2.4
28127,2015,35.7,3.1
28127,2016,36.0,3.1
28127,2017,34.9,3.0
28127,2018,35.0,2.9
28127,2019,34.3,2.8
28127,2020,33.9,2.8
28127,2021,33.3,2.8
28127,2022,33.2,2.7
28127,2023,32.7,2.6
28130,2015,30.1,2.7
28130,2016,29.7,2.5
28130,2017,28.6,2.4
28130,2018,28.0,2.5
28130,2019,27.1,2.4
28130,2020,27.6,2.4
28130,2021,27.4,2.3
28130,2022,26.7,2.3
28130,2023,26.1,2.2
28134,2015,35.0,3.1
28134,2016,34.8,2.9
28134,2017,34.1,2.8
28134,2018,34.0,2.9
28134,2019,33.5,2.7
28134,2020,33.7,2.9
28134,2021,33.0,2.8
28134,2022,33.5,2.8
28134,2023,33.5,2.7
28148,2015,32.2,2.8
28148,2016,32.8,3.2
28148,2017,30.4,2.8
28148,2018,29.8,2.6
28148,2019,29.1,2.5
28148,2020,29.3,2.5
28148,2021,28.7,2.5
28148,2022,28.5,2.5
28148,2023,28.1,2.4
28161,2015,30.3,2.6
28161,2016,30.3,2.6
28161,2017,29.0,2.5
28161,2018,28.6,2.4
28161,2019,28.0,2.4
28161,2020,28.1,2.4
28161,2021,27.6,2.4
28161,2022,27.5,2.4
28161,2023,27.2,2.3
28181,2015,35.7,3.1
28181,2016,35.7,2.9
28181,2017,35.6,2.9
28181,2018,34.9,3.0
28181,2019,34.4,3.0
28181,2020,34.4,3.0
28181,2021,33.9,2.8
28181,2022,33.7,2.8
28181,2023,34.0,2.9
28903,2015,31.5,2.6
28903,2016,31.0,2.6
28903,2017,30.2,2.5
28903,2018,30.2,2.5
28903,2019,29.2,2.4
28903,2020,29.3,2.4
28903,2021,28.7,2.4
28903,2022,28.3,2.4
28903,2023,28.3,2.3
29007,2015,34.2,2.9
29007,2016,34.0,3.0
29007,2017,33.0,2.8
29007,2018,32.0,2.7
29007,2019,31.1,2.6
29007,2020,31.5,2.6
29007,2021,30.8,2.6
29007,2022,30.5,2.6
29007,2023,30.0,2.6
29015,2015,32.6,2.6
29015,2016,32.6,2.6
29015,2017,31.2,2.5
29015,2018,30.4,2.4
29015,2019,29.8,2.4
29015,2020,29.9,2.4
29015,2021,29.0,2.4
29015,2022,28.7,2.3
29015,2023,28.1,2.3
29025,2015,40.2,3.9
29025,2016,39.4,4.1
29025,2017,37.7,3.7
29025,2018,37.0,3.5
29025,2019,36.2,3.2
29025,2020,36.9,3.5
29025,2021,36.3,3.3
29025,2022,36.0,3.3
29025,2023,35.4,3.2
29051,2015,36.0,3.1
29051,2016,35.8,3.1
29051,2017,34.1,2.9
29051,2018,33.4,2.8
29051,2019,32.7,2.7
29051,2020,33.5,2.8
29051,2021,33.0,2.7
29051,2022,32.8,2.8
29051,2023,32.5,2.5
29054,2015,39.9,4.1
29054,2016,40.5,4.1
29054,2017,38.1,3.4
29054,2018,37.8,3.5
29054,2019,37.2,3.6
29054,2020,37.8,3.6
29054,2021,36.9,3.3
29054,2022,36.7,3.2
29054,2023,36.0,3.2
29067,2015,37.0,3.5
29067,2016,36.9,3.2
29067,2017,35.8,3.3
29067,2018,34.8,3.1
29067,2019,34.0,3.0
29067,2020,34.3,3.0
29067,2021,33.7,2.9
29067,2022,33.2,2.9
29067,2023,32.5,2.8
29069,2015,37.5,3.4
29069,2016,37.0,3.4
29069,2017,36.2,3.1
29069,2018,35.6,2.9
29069,2019,35.4,3.1
29069,2020,36.1,3.0
29069,2021,35.7,2.9
29069,2022,35.9,2.9
29069,2023,35.4,2.9
29070,2015,38.4,3.8
29070,2016,38.2,3.8
29070,2017,36.6,3.4
29070,2018,35.6,3.2
29070,2019,34.6,3.0
29070,2020,35.0,2.9
29070,2021,34.6,2.8
29070,2022,34.1,2.7
29070,2023,33.1,2.8
29082,2015,35.4,3.2
29082,2016,34.5,3.3
29082,2017,33.8,3.1
29082,2018,32.7,2.9
29082,2019,31.8,2.8
29082,2020,32.1,2.9
29082,2021,31.9,2.8
29082,2022,32.4,2.8
29082,2023,32.3,2.8
29084,2015,34.3,2.9
29084,2016,34.2,3.0
29084,2017,32.7,2.8
29084,2018,32.1,2.7
29084,2019,31.0,2.5
29084,2020,31.9,2.7
29084,2021,30.6,2.6
29084,2022,30.2,2.6
29084,2023,30.0,2.4
29094,2015,36.9,3.4
29094,2016,36.9,3.4
29094,2017,34.9,3.2
29094,2018,33.8,3.0
29094,2019,32.5,2.8
29094,2020,32.8,2.9
29094,2021,31.9,2.7
29094,2022,31.6,2.7
29094,2023,31.1,2.6
29901,2015,38.9,4.1
29901,2016,38.8,3.7
29901,2017,37.5,3.8
29901,2018,36.7,3.5
29901,2019,35.8,3.3
29901,2020,36.5,3.5
29901,2021,35.5,3.1
29901,2022,35.1,3.1
29901,2023,34.2,3.0
30003,2015,32.9,2.9
30003,2016,32.1,2.6
30003,2017,31.0,2.4
30003,2018,30.3,2.5
30003,2019,29.6,2.4
30003,2020,30.2,2.5
30003,2021,29.9,2.6
30003,2022,29.5,2.4
30003,2023,29.6,2.4
30005,2015,34.3,3.1
30005,2016,34.0,3.2
30005,2017,32.5,2.9
30005,2018,31.8,2.7
30005,2019,31.1,2.7
30005,2020,31.0,2.7
30005,2021,30.6,2.7
30005,2022,30.3,2.7
30005,2023,30.1,2.6
30015,2015,32.2,2.6
30015,2016,32.6,2.6
30015,2017,30.4,2.4
30015,2018,29.8,2.4
30015,2019,29.3,2.5
30015,2020,29.6,2.4
30015,2021,28.7,2.4
30015,2022,29.0,2.3
30015,2023,28.6,2.3
30016,2015,34.9,3.2
30016,2016,34.2,2.9
30016,2017,33.4,3.0
30016,2018,32.7,2.8
30016,2019,32.2,2.9
30016,2020,32.4,2.8
30016,2021,31.9,2.8
30016,2022,31.7,2.8
30016,2023,31.3,2.7
30019,2015,30.1,2.3
30019,2016,29.6,2.3
30019,2017,28.4,2.2
30019,2018,28.4,2.4
30019,2019,27.7,2.2
30019,2020,27.9,2.4
30019,2021,27.6,2.3
30019,2022,27.8,2.3
30019,2023,27.3,2.3
30022,2015,33.0,2.8
30022,2016,32.0,2.8
30022,2017,30.3,2.6
30022,2018,29.7,2.4
30022,2019,29.1,2.3
30022,2020,28.9,2.4
30022,2021,28.4,2.3
30022,2022,28.3,2.4
30022,2023,28.2,2.3
30024,2015,31.2,2.4
30024,2016,30.9,2.4
30024,2017,29.9,2.3
30024,2018,29.4,2.4
30024,2019,29.0,2.3
30024,2020,29.0,2.4
30024,2021,28.7,2.4
30024,2022,28.8,2.3
30024,2023,28.7,2.3
30026,2015,34.4,3.0
30026,2016,34.4,3.0
30026,2017,31.6,2.5
30026,2018,31.3,2.6
30026,2019,30.7,2.5
30026,2020,30.5,2.5
30026,2021,30.4,2.6
30026,2022,30.6,2.5
30026,2023,30.0,2.4
30027,2015,35.3,3.0
30027,2016,35.4,3.0
30027,2017,33.4,2.8
30027,2018,33.1,2.7
30027,2019,32.6,2.8
30027,2020,32.4,2.6
30027,2021,32.3,2.8
30027,2022,32.3,2.7
30027,2023,31.9,2.7
30030,2015,36.2,3.4
30030,2016,35.7,3.1
30030,2017,34.8,2.9
30030,2018,34.3,3.0
30030,2019,33.8,2.8
30030,2020,33.7,2.9
30030,2021,33.3,2.8
30030,2022,33.1,2.9
30030,2023,32.7,2.9
30035,2015,35.7,3.4
30035,2016,35.3,3.1
30035,2017,34.1,2.9
30035,2018,33.5,2.9
30035,2019,32.9,2.8
30035,2020,33.0,2.8
30035,2021,32.7,2.9
30035,2022,33.1,2.8
30035,2023,33.0,2.8
30037,2015,33.1,2.9
30037,2016,32.6,2.9
30037,2017,31.0,2.7
30037,2018,30.5,2.5
30037,2019,30.3,2.6
30037,2020,30.1,2.5
30037,2021,29.6,2.5
30037,2022,29.8,2.7
30037,2023,30.0,2.6
30039,2015,27.6,2.2
30039,2016,28.1,2.3
30039,2017,26.4,2.2
30039,2018,26.2,2.1
30039,2019,26.1,2.2
30039,2020,26.5,2.3
30039,2021,25.9,2.2
30039,2022,26.0,2.1
30039,2023,25.7,2.2
30043,2015,30.7,2.4
30043,2016,30.3,2.5
30043,2017,28.9,2.3
30043,2018,28.5,2.2
30043,2019,28.0,2.4
30043,2020,27.9,2.2
30043,2021,27.5,2.2
30043,2022,27.9,2.3
30043,2023,27.6,2.2
31201,2021,32.0,2.8
31201,2022,32.1,2.8
31201,2023,32.1,2.8
31232,2021,31.9,2.7
31232,2022,31.9,2.7
31232,2023,32.3,2.7
32054,2015,33.9,2.9
32054,2016,33.8,3.0
32054,2017,33.0,2.8
32054,2018,32.8,2.8
32054,2019,32.5,2.8
32054,2020,32.1,2.8
32054,2021,31.7,2.7
32054,2022,31.8,2.8
32054,2023,31.2,2.7
33004,2015,30.6,2.6
33004,2016,30.6,2.6
33004,2017,30.2,2.4
33004,2018,29.9,2.5
33004,2019,29.3,2.4
33004,2020,29.2,2.4
33004,2021,28.6,2.5
33004,2022,28.3,2.5
33004,2023,28.6,2.5
33024,2015,32.3,2.8
33024,2016,32.3,2.9
33024,2017,31.7,2.7
33024,2018,31.4,2.6
33024,2019,30.8,2.6
33024,2020,30.8,2.7
33024,2021,30.0,2.6
33024,2022,30.0,2.6
33024,2023,29.9,2.5
33031,2015,30.2,2.6
33031,2016,29.9,2.6
33031,2017,29.8,2.5
33031,2018,29.4,2.6
33031,2019,29.3,2.5
33031,2020,28.8,2.5
33031,2021,28.2,2.5
33031,2022,27.6,2.5
33031,2023,27.7,2.4
33037,2015,29.5,2.5
33037,2016,29.2,2.5
33037,2017,28.8,2.6
33037,2018,28.6,2.5
33037,2019,27.7,2.4
33037,2020,27.5,2.4
33037,2021,26.8,2.3
33037,2022,26.7,2.4
33037,2023,26.5,2.3
33044,2015,34.2,3.2
33044,2016,34.1,2.9
33044,2017,33.6,3.0
33044,2018,33.2,2.9
33044,2019,32.6,2.7
33044,2020,32.6,2.9
33044,2021,31.6,2.8
33044,2022,31.5,2.8
33044,2023,31.5,2.7
33066,2015,30.9,2.6
33066,2016,30.7,2.6
33066,2017,30.3,2.4
33066,2018,29.8,2.5
33066,2019,29.5,2.4
33066,2020,29.1,2.5
33066,2021,28.8,2.4
33066,2022,28.5,2.4
33066,2023,28.5,2.4
34120,2015,31.2,2.6
34120,2016,30.7,2.6
34120,2017,30.0,2.4
34120,2018,29.6,2.5
34120,2019,29.1,2.5
34120,2020,29.7,2.5
34120,2021,29.0,2.6
34120,2022,29.1,2.5
34120,2023,28.7,2.5
35002,2015,31.2,2.6
35002,2016,30.5,2.7
35002,2017,29.5,2.6
35002,2018,28.9,2.4
35002,2019,28.2,2.4
35002,2020,29.4,2.5
35002,2021,28.6,2.5
35002,2022,28.0,2.3
35002,2023,27.1,2.3
35004,2015,33.0,2.7
35004,2016,32.1,2.8
35004,2017,30.6,2.6
35004,2018,30.1,2.5
35004,2019,30.2,2.4
35004,2020,31.9,2.7
35004,2021,31.5,2.6
35004,2022,29.5,2.4
35004,2023,28.7,2.4
35006,2015,32.6,2.8
35006,2016,32.1,2.9
35006,2017,30.7,2.7
35006,2018,30.2,2.6
35006,2019,29.6,2.6
35006,2020,29.6,2.6
35006,2021,29.2,2.5
35006,2022,28.8,2.5
35006,2023,27.9,2.5
35011,2015,29.9,2.5
35011,2016,29.0,2.4
35011,2017,28.0,2.5
35011,2018,28.0,2.4
35011,2019,27.4,2.3
35011,2020,27.8,2.4
35011,2021,27.5,2.3
35011,2022,26.6,2.2
35011,2023,25.9,2.2
35014,2015,38.0,3.9
35014,2016,38.4,3.9
35014,2017,35.6,3.2
35014,2018,35.4,3.0
35014,2019,35.0,3.1
35014,2020,36.1,3.4
35014,2021,36.1,3.2
35014,2022,34.9,3.0
35014,2023,34.3,2.9
35016,2015,38.5,3.5
35016,2016,38.1,3.5
35016,2017,37.0,3.3
35016,2018,36.5,3.2
35016,2019,35.9,3.0
35016,2020,35.8,3.0
35016,2021,35.0,3.2
35016,2022,34.8,3.1
35016,2023,34.2,2.9
35017,2015,34.1,2.9
35017,2016,33.4,2.9
35017,2017,31.7,2.7
35017,2018,31.3,2.6
35017,2019,31.6,2.8
35017,2020,32.6,2.9
35017,2021,32.3,2.8
35017,2022,31.0,2.7
35017,2023,30.3,2.6
35019,2015,36.2,3.2
35019,2016,36.3,3.0
35019,2017,34.7,2.8
35019,2018,34.1,3.0
35019,2019,33.5,2.8
35019,2020,34.1,2.9
35019,2021,34.6,2.8
35019,2022,33.3,2.6
35019,2023,32.7,2.6
35022,2015,31.5,2.6
35022,2016,31.2,2.6
35022,2017,29.8,2.5
35022,2018,29.3,2.5
35022,2019,29.0,2.5
35022,2020,29.9,2.6
35022,2021,29.5,2.5
35022,2022,28.4,2.5
35022,2023,27.3,2.3
35026,2015,33.8,2.9
35026,2016,33.0,3.0
35026,2017,32.0,2.8
35026,2018,31.3,2.7
35026,2019,30.6,2.5
35026,2020,30.8,2.5
35026,2021,30.4,2.5
35026,2022,29.8,2.5
35026,2023,28.9,2.5
36008,2015,29.8,2.5
36008,2016,29.5,2.4
36008,2017,28.6,2.4
36008,2018,28.1,2.3
36008,2019,27.6,2.2
36008,2020,27.2,2.3
36008,2021,26.8,2.2
36008,2022,27.0,2.2
36008,2023,26.3,2.2
36026,2015,31.6,2.7
36026,2016,31.1,2.5
36026,2017,30.2,2.6
36026,2018,29.3,2.4
36026,2019,28.6,2.3
36026,2020,28.6,2.3
36026,2021,27.7,2.4
36026,2022,27.6,2.4
36026,2023,27.1,2.2
36038,2015,34.4,3.0
36038,2016,34.2,3.1
36038,2017,33.6,2.8
36038,2018,32.9,2.7
36038,2019,32.4,2.9
36038,2020,32.0,2.9
36038,2021,31.2,2.8
36038,2022,31.1,2.7
36038,2023,30.8,2.7
36045,2015,27.3,2.4
36045,2016,26.8,2.3
36045,2017,26.1,2.1
36045,2018,25.3,2.0
36045,2019,24.8,2.2
36045,2020,24.6,2.0
36045,2021,24.4,2.1
36045,2022,24.3,2.1
36045,2023,23.9,2.0
36057,2015,32.5,2.8
36057,2016,32.6,2.8
36057,2017,31.8,2.6
36057,2018,31.1,2.5
36057,2019,30.6,2.6
36057,2020,30.2,2.6
36057,2021,29.9,2.6
36057,2022,30.0,2.5
36057,2023,29.7,2.5
36060,2015,32.9,2.6
36060,2016,32.1,2.7
36060,2017,31.1,2.6
36060,2018,30.3,2.4
36060,2019,29.8,2.5
36060,2020,29.6,2.5
36060,2021,28.9,2.5
36060,2022,28.8,2.5
36060,2023,28.4,2.4
37274,2015,35.1,3.0
37274,2016,35.2,3.1
37274,2017,34.0,2.8
37274,2018,33.6,2.9
37274,2019,33.1,2.8
37274,2020,33.5,2.8
37274,2021,32.5,2.9
37274,2022,32.7,2.8
37274,2023,32.3,2.8
38001,2015,37.7,3.4
38001,2016,38.0,3.4
38001,2017,36.0,3.2
38001,2018,35.6,3.0
38001,2019,34.9,3.1
38001,2020,35.8,3.1
38001,2021,35.9,3.0
38001,2022,34.8,2.8
38001,2023,33.9,2.8
38006,2015,36.6,3.6
38006,2016,37.0,3.6
38006,2017,34.4,2.9
38006,2018,34.0,3.0
38006,2019,32.9,2.9
38006,2020,33.9,3.0
38006,2021,34.0,2.8
38006,2022,32.6,2.9
38006,2023,31.9,2.8
38011,2015,35.1,3.1
38011,2016,34.7,3.2
38011,2017,33.4,3.0
38011,2018,32.7,2.9
38011,2019,32.1,2.8
38011,2020,32.3,2.9
38011,2021,31.2,2.7
38011,2022,30.5,2.7
38011,2023,30.1,2.5
38017,2015,34.2,2.9
38017,2016,34.1,2.9
38017,2017,32.0,2.7
38017,2018,31.6,2.6
38017,2019,31.2,2.7
38017,2020,31.9,2.5
38017,2021,32.2,2.7
38017,2022,30.8,2.5
38017,2023,29.5,2.5
38023,2015,36.7,3.2
38023,2016,36.3,3.3
38023,2017,35.2,3.1
38023,2018,34.9,3.2
38023,2019,34.2,3.1
38023,2020,34.2,3.1
38023,2021,33.3,3.0
38023,2022,32.8,2.9
38023,2023,31.9,2.7
38026,2015,34.2,3.0
38026,2016,33.3,2.7
38026,2017,31.9,2.5
38026,2018,31.4,2.5
38026,2019,30.7,2.6
38026,2020,30.7,2.6
38026,2021,30.3,2.4
38026,2022,29.6,2.5
38026,2023,28.6,2.3
38028,2015,37.6,3.4
38028,2016,38.1,3.4
38028,2017,36.3,3.1
38028,2018,36.2,2.9
38028,2019,35.6,3.1
38028,2020,35.9,3.1
38028,2021,35.0,2.9
38028,2022,34.9,2.9
38028,2023,34.4,2.9
38031,2015,31.2,2.8
38031,2016,30.8,2.5
38031,2017,29.0,2.3
38031,2018,28.7,2.3
38031,2019,28.0,2.2
38031,2020,28.4,2.4
38031,2021,28.0,2.3
38031,2022,27.2,2.3
38031,2023,26.3,2.2
38038,2015,39.0,3.9
38038,2016,38.5,3.6
38038,2017,37.8,3.4
38038,2018,37.4,3.5
38038,2019,36.2,3.3
38038,2020,36.1,3.4
38038,2021,35.2,3.2
38038,2022,34.7,3.2
38038,2023,33.9,2.9
39016,2015,29.1,2.4
39016,2016,28.8,2.4
39016,2017,27.7,2.3
39016,2018,27.4,2.2
39016,2019,27.0,2.3
39016,2020,27.2,2.4
39016,2021,26.7,2.3
39016,2022,26.4,2.3
39016,2023,26.2,2.2
39020,2015,34.7,3.1
39020,2016,33.8,2.9
39020,2017,33.1,2.9
39020,2018,32.6,2.8
39020,2019,32.3,2.9
39020,2020,32.6,2.9
39020,2021,31.7,2.8
39020,2022,31.0,2.7
39020,2023,30.8,2.7
39075,2015,34.5,3.0
39075,2016,34.5,3.1
39075,2017,33.7,2.9
39075,2018,33.4,2.9
39075,2019,33.1,2.9
39075,2020,32.9,2.9
39075,2021,32.4,2.9
39075,2022,32.2,2.9
39075,2023,32.1,2.8
39087,2015,31.6,2.6
39087,2016,30.8,2.6
39087,2017,30.0,2.4
39087,2018,29.7,2.5
39087,2019,29.3,2.5
39087,2020,29.2,2.5
39087,2021,28.5,2.6
39087,2022,28.5,2.5
39087,2023,28.4,2.4
40194,2015,33.0,2.8
40194,2016,33.0,2.8
40194,2017,32.3,2.9
40194,2018,31.9,2.8
40194,2019,31.5,2.7
40194,2020,31.9,2.9
40194,2021,31.0,2.7
40194,2022,31.2,2.8
40194,2023,31.5,2.8
41004,2015,33.8,3.1
41004,2016,33.7,2.8
41004,2017,32.5,2.9
41004,2018,31.7,2.7
41004,2019,30.5,2.6
41004,2020,30.4,2.7
41004,2021,29.4,2.3
41004,2022,29.1,2.5
41004,2023,28.1,2.2
41021,2015,34.3,2.9
41021,2016,34.0,3.0
41021,2017,32.9,2.7
41021,2018,32.3,2.9
41021,2019,31.3,2.7
41021,2020,31.2,2.7
41021,2021,30.6,2.6
41021,2022,29.9,2.5
41021,2023,29.2,2.5
41024,2015,32.5,2.8
41024,2016,31.8,2.6
41024,2017,30.7,2.7
41024,2018,29.9,2.5
41024,2019,28.9,2.4
41024,2020,29.4,2.5
41024,2021,28.7,2.4
41024,2022,28.6,2.3
41024,2023,27.8,2.3
41034,2015,34.3,3.1
41034,2016,34.2,3.1
41034,2017,33.2,2.9
41034,2018,31.9,2.7
41034,2019,30.9,2.5
41034,2020,31.2,2.8
41034,2021,29.8,2.4
41034,2022,29.4,2.6
41034,2023,28.2,2.3
41038,2015,33.2,3.0
41038,2016,33.1,2.8
41038,2017,32.0,2.9
41038,2018,31.3,2.7
41038,2019,30.4,2.6
41038,2020,30.3,2.7
41038,2021,29.6,2.6
41038,2022,29.4,2.6
41038,2023,28.6,2.4
41039,2015,32.8,2.6
41039,2016,32.6,2.8
41039,2017,31.3,2.5
41039,2018,30.5,2.4
41039,2019,29.1,2.3
41039,2020,29.6,2.3
41039,2021,28.7,2.3
41039,2022,28.6,2.4
41039,2023,27.6,2.2
41053,2015,33.2,2.9
41053,2016,32.8,2.5
41053,2017,31.4,2.6
41053,2018,30.7,2.6
41053,2019,29.2,2.4
41053,2020,29.3,2.4
41053,2021,27.8,2.2
41053,2022,28.0,2.3
41053,2023,27.3,2.3
41059,2015,34.6,3.4
41059,2016,34.8,3.2
41059,2017,33.8,2.9
41059,2018,33.3,3.1
41059,2019,32.0,2.7
41059,2020,32.2,3.0
41059,2021,31.3,2.7
41059,2022,31.2,2.6
41059,2023,30.7,2.7
41065,2015,30.5,2.5
41065,2016,30.1,2.6
41065,2017,28.8,2.3
41065,2018,28.0,2.2
41065,2019,27.1,2.4
41065,2020,27.5,2.4
41065,2021,26.8,2.3
41065,2022,26.9,2.2
41065,2023,25.9,2.2
41069,2015,32.2,2.6
41069,2016,31.8,2.7
41069,2017,30.5,2.5
41069,2018,29.7,2.4
41069,2019,27.9,2.3
41069,2020,28.0,2.3
41069,2021,27.1,2.2
41069,2022,27.0,2.1
41069,2023,26.0,2.1
41081,2015,31.9,2.9
41081,2016,31.9,2.7
41081,2017,30.9,2.7
41081,2018,29.8,2.5
41081,2019,28.7,2.5
41081,2020,28.8,2.5
41081,2021,27.5,2.4
41081,2022,27.0,2.3
41081,2023,26.3,2.2
41091,2015,37.2,3.6
41091,2016,37.2,3.4
41091,2017,36.5,3.4
41091,2018,35.9,3.3
41091,2019,35.2,3.1
41091,2020,35.4,3.4
41091,2021,34.6,3.2
41091,2022,34.3,3.2
41091,2023,33.8,2.9
41095,2015,33.7,3.1
41095,2016,33.1,2.9
41095,2017,32.2,2.7
41095,2018,31.5,2.5
41095,2019,30.3,2.5
41095,2020,30.3,2.5
41095,2021,29.5,2.6
41095,2022,29.4,2.5
41095,2023,28.1,2.3
42173,2015,31.0,2.7
42173,2016,30.7,2.7
42173,2017,29.8,2.6
42173,2018,29.1,2.5
42173,2019,29.1,2.4
42173,2020,30.2,2.6
42173,2021,28.6,2.5
42173,2022,29.1,2.5
42173,2023,29.4,2.5
43038,2015,38.1,3.5
43038,2016,37.1,3.2
43038,2017,36.6,3.3
43038,2018,36.2,3.2
43038,2019,35.6,3.2
43038,2020,36.0,3.2
43038,2021,35.0,3.2
43038,2022,33.7,2.9
43038,2023,33.3,2.8
43123,2015,35.2,3.2
43123,2016,34.6,2.9
43123,2017,33.2,2.8
43123,2018,32.7,2.8
43123,2019,31.9,2.7
43123,2020,32.3,2.9
43123,2021,31.7,2.9
43123,2022,31.4,2.7
43123,2023,30.9,2.7
43148,2015,36.0,3.3
43148,2016,36.2,3.3
43148,2017,34.7,3.2
43148,2018,34.3,3.0
43148,2019,33.8,3.1
43148,2020,34.2,3.1
43148,2021,33.3,3.0
43148,2022,33.1,2.9
43148,2023,32.9,3.0
43155,2015,35.2,3.1
43155,2016,34.9,3.2
43155,2017,33.8,3.0
43155,2018,33.2,3.1
43155,2019,32.8,3.0
43155,2020,32.8,3.0
43155,2021,32.7,2.9
43155,2022,32.6,2.9
43155,2023,32.2,2.9
43163,2015,35.5,3.2
43163,2016,34.6,3.0
43163,2017,33.1,2.8
43163,2018,32.3,2.9
43163,2019,31.5,2.8
43163,2020,31.6,2.8
43163,2021,30.5,2.7
43163,2022,30.3,2.6
43163,2023,29.9,2.6
43905,2015,36.7,3.3
43905,2016,35.9,3.1
43905,2017,35.1,2.9
43905,2018,34.6,3.0
43905,2019,34.2,3.1
43905,2020,37.3,3.6
43905,2021,34.2,2.9
43905,2022,33.6,2.9
43905,2023,33.3,2.8
44216,2015,30.5,2.7
44216,2016,29.9,2.6
44216,2017,29.2,2.4
44216,2018,28.6,2.5
44216,2019,28.1,2.5
44216,2020,28.4,2.5
44216,2021,27.8,2.4
44216,2022,27.7,2.4
44216,2023,27.7,2.4
45081,2015,32.9,2.9
45081,2016,32.5,2.9
45081,2017,31.2,2.7
45081,2018,30.6,2.6
45081,2019,30.1,2.6
45081,2020,30.3,2.6
45081,2021,29.5,2.5
45081,2022,28.8,2.5
45081,2023,28.4,2.5
45165,2015,35.8,3.1
45165,2016,35.2,3.1
45165,2017,34.2,2.9
45165,2018,33.3,2.7
45165,2019,32.7,2.9
45165,2020,33.1,2.9
45165,2021,32.3,2.7
45165,2022,31.9,2.7
45165,2023,31.5,2.8
45168,2015,32.1,2.9
45168,2016,32.0,2.7
45168,2017,31.5,2.8
45168,2018,31.2,2.7
45168,2019,31.0,2.8
45168,2020,31.2,2.8
45168,2021,30.4,2.8
45168,2022,30.1,2.7
45168,2023,29.9,2.5
46005,2015,31.1,2.5
46005,2016,30.5,2.6
46005,2017,29.2,2.5
46005,2018,28.8,2.4
46005,2019,28.1,2.3
46005,2020,27.6,2.3
46005,2021,26.8,2.2
46005,2022,26.6,2.2
46005,2023,26.8,2.4
46017,2015,33.0,2.7
46017,2016,32.5,2.8
46017,2017,31.5,2.7
46017,2018,30.9,2.5
46017,2019,30.5,2.5
46017,2020,30.2,2.5
46017,2021,29.5,2.6
46017,2022,29.5,2.5
46017,2023,29.3,2.5
46021,2015,30.6,2.6
46021,2016,30.2,2.6
46021,2017,29.0,2.5
46021,2018,28.3,2.4
46021,2019,27.5,2.3
46021,2020,27.5,2.3
46021,2021,26.8,2.2
46021,2022,26.9,2.2
46021,2023,26.5,2.2
46029,2015,33.5,3.0
46029,2016,32.9,2.8
46029,2017,32.2,2.9
46029,2018,31.8,2.7
46029,2019,30.4,2.6
46029,2020,30.2,2.5
46029,2021,29.7,2.6
46029,2022,29.6,2.5
46029,2023,29.6,2.5
46078,2015,33.1,2.8
46078,2016,32.8,2.9
46078,2017,31.3,2.7
46078,2018,30.5,2.6
46078,2019,29.9,2.7
46078,2020,29.4,2.4
46078,2021,28.8,2.3
46078,2022,28.9,2.5
46078,2023,29.1,2.5
46094,2015,33.1,2.8
46094,2016,33.0,2.9
46094,2017,31.9,2.7
46094,2018,31.4,2.6
46094,2019,30.7,2.5
46094,2020,30.4,2.6
46094,2021,30.1,2.6
46094,2022,30.1,2.6
46094,2023,30.3,2.5
46102,2015,30.2,2.6
46102,2016,29.5,2.5
46102,2017,28.9,2.4
46102,2018,27.7,2.3
46102,2019,27.3,2.3
46102,2020,27.0,2.3
46102,2021,26.5,2.2
46102,2022,26.8,2.2
46102,2023,27.0,2.2
46110,2015,32.4,2.8
46110,2016,32.1,2.9
46110,2017,31.3,2.7
46110,2018,31.2,2.8
46110,2019,30.0,2.7
46110,2020,30.0,2.7
46110,2021,29.4,2.5
46110,2022,29.3,2.5
46110,2023,29.1,2.6
46131,2015,36.5,3.2
46131,2016,35.8,3.4
46131,2017,34.6,3.1
46131,2018,34.1,2.9
46131,2019,33.2,2.7
46131,2020,33.2,2.8
46131,2021,32.4,2.9
46131,2022,32.6,2.8
46131,2023,33.0,2.9
46145,2015,34.7,3.1
46145,2016,34.2,2.9
46145,2017,32.7,2.7
46145,2018,31.9,2.6
46145,2019,31.3,2.8
46145,2020,30.9,2.6
46145,2021,30.3,2.7
46145,2022,30.5,2.7
46145,2023,30.1,2.6
46159,2015,32.1,2.8
46159,2016,31.7,2.6
46159,2017,30.8,2.7
46159,2018,30.1,2.6
46159,2019,29.4,2.5
46159,2020,29.0,2.5
46159,2021,28.3,2.4
46159,2022,27.8,2.4
46159,2023,28.1,2.4
46169,2015,32.5,2.8
46169,2016,32.1,2.9
46169,2017,30.8,2.7
46169,2018,30.7,2.6
46169,2019,30.1,2.7
46169,2020,29.8,2.5
46169,2021,29.0,2.6
46169,2022,29.2,2.6
46169,2023,28.6,2.6
46181,2015,34.7,3.1
46181,2016,34.4,2.8
46181,2017,33.2,2.6
46181,2018,32.7,2.8
46181,2019,31.7,2.7
46181,2020,31.5,2.7
46181,2021,31.3,2.6
46181,2022,30.6,2.5
46181,2023,30.4,2.5
46184,2015,33.0,2.5
46184,2016,32.1,2.6
46184,2017,31.1,2.5
46184,2018,30.6,2.4
46184,2019,29.7,2.5
46184,2020,29.8,2.3
46184,2021,28.9,2.3
46184,2022,29.2,2.5
46184,2023,29.2,2.4
46190,2015,37.4,3.4
46190,2016,36.4,3.2
46190,2017,35.1,3.0
46190,2018,34.4,2.8
46190,2019,33.5,2.9
46190,2020,33.0,2.8
46190,2021,32.2,2.7
46190,2022,32.3,2.8
46190,2023,32.0,2.7
46220,2015,33.8,3.0
46220,2016,34.0,3.1
46220,2017,32.5,2.9
46220,2018,31.7,2.8
46220,2019,31.1,2.6
46220,2020,30.9,2.6
46220,2021,30.5,2.8
46220,2022,30.7,2.7
46220,2023,30.5,2.6
46235,2015,33.7,2.7
46235,2016,33.7,2.8
46235,2017,31.9,2.7
46235,2018,31.0,2.6
46235,2019,30.5,2.5
46235,2020,30.3,2.5
46235,2021,29.7,2.6
46235,2022,29.6,2.6
46235,2023,29.4,2.6
46244,2015,36.0,3.4
46244,2016,35.3,3.1
46244,2017,33.8,2.9
46244,2018,33.1,2.7
46244,2019,32.4,2.8
46244,2020,32.1,2.7
46244,2021,32.6,2.8
46244,2022,31.4,2.7
46244,2023,31.3,2.7
46250,2015,37.3,3.5
46250,2016,37.0,3.2
46250,2017,36.1,3.3
46250,2018,35.4,3.2
46250,2019,34.6,3.0
46250,2020,34.3,3.1
46250,2021,33.6,2.9
46250,2022,33.5,2.9
46250,2023,33.4,2.9
47186,2015,32.7,2.7
47186,2016,32.4,2.8
47186,2017,31.6,2.7
47186,2018,31.1,2.7
47186,2019,30.7,2.6
47186,2020,30.9,2.6
47186,2021,30.3,2.5
47186,2022,30.5,2.6
47186,2023,30.5,2.6
48013,2015,29.8,2.7
48013,2016,30.0,2.7
48013,2017,30.0,2.6
48013,2018,29.4,2.6
48013,2019,29.4,2.6
48013,2020,30.3,2.6
48013,2021,29.9,2.6
48013,2022,30.0,2.6
48013,2023,27.6,2.4
48015,2015,27.9,2.4
48015,2016,28.0,2.5
48015,2017,28.1,2.4
48015,2018,27.6,2.4
48015,2019,27.8,2.3
48015,2020,28.6,2.5
48015,2021,28.2,2.4
48015,2022,28.5,2.4
48015,2023,26.2,2.3
48020,2015,35.1,3.2
48020,2016,35.1,3.2
48020,2017,35.1,3.2
48020,2018,34.8,3.1
48020,2019,34.9,3.2
48020,2020,35.6,3.2
48020,2021,35.0,3.1
48020,2022,35.1,3.1
48020,2023,32.6,2.9
48027,2015,29.6,2.4
48027,2016,29.6,2.5
48027,2017,29.3,2.5
48027,2018,29.0,2.5
48027,2019,28.4,2.4
48027,2020,29.6,2.6
48027,2021,29.0,2.5
48027,2022,29.1,2.4
48027,2023,27.4,2.3
48036,2015,27.9,2.3
48036,2016,27.8,2.4
48036,2017,27.5,2.3
48036,2018,26.7,2.2
48036,2019,26.5,2.3
48036,2020,27.4,2.3
48036,2021,27.1,2.3
48036,2022,27.1,2.3
48036,2023,25.5,2.1
48044,2015,35.2,3.0
48044,2016,35.3,3.1
48044,2017,35.8,3.0
48044,2018,35.2,2.9
48044,2019,35.0,2.8
48044,2020,35.6,3.0
48044,2021,35.3,2.9
48044,2022,35.3,2.8
48044,2023,33.6,2.7
48054,2015,31.0,2.6
48054,2016,31.1,2.6
48054,2017,30.9,2.7
48054,2018,30.4,2.5
48054,2019,30.5,2.5
48054,2020,31.1,2.6
48054,2021,30.5,2.5
48054,2022,30.2,2.5
48054,2023,28.4,2.4
48078,2015,29.1,2.6
48078,2016,29.1,2.4
48078,2017,28.9,2.5
48078,2018,28.5,2.4
48078,2019,28.8,2.5
48078,2020,29.7,2.5
48078,2021,29.4,2.6
48078,2022,29.6,2.5
48078,2023,27.3,2.4
48082,2015,30.1,2.6
48082,2016,29.7,2.7
48082,2017,29.7,2.6
48082,2018,29.1,2.4
48082,2019,29.0,2.6
48082,2020,29.7,2.6
48082,2021,29.2,2.5
48082,2022,29.4,2.5
48082,2023,27.0,2.4
48084,2015,29.4,2.6
48084,2016,29.4,2.7
48084,2017,29.4,2.7
48084,2018,29.3,2.6
48084,2019,29.8,2.6
48084,2020,31.0,2.6
48084,2021,31.0,2.7
48084,2022,31.1,2.7
48084,2023,28.1,2.5
49275,2015,33.7,2.8
49275,2016,33.4,2.9
49275,2017,32.5,2.7
49275,2018,31.8,2.8
49275,2019,31.4,2.7
49275,2020,31.4,2.7
49275,2021,30.2,2.7
49275,2022,30.4,2.6
49275,2023,30.1,2.5
50297,2015,32.8,2.7
50297,2016,33.3,2.9
50297,2017,31.5,2.7
50297,2018,31.0,2.6
50297,2019,30.6,2.6
50297,2020,30.5,2.6
50297,2021,29.7,2.5
50297,2022,29.6,2.5
50297,2023,29.5,2.5
51001,2015,43.1,5.0
51001,2016,43.6,5.0
51001,2017,43.3,5.0
51001,2018,42.9,4.8
51001,2019,42.4,4.6
51001,2020,42.3,4.4
51001,2021,40.5,4.2
51001,2022,40.6,4.2
51001,2023,39.9,3.9
52001,2015,44.8,5.6
52001,2016,44.6,5.8
52001,2017,44.1,5.0
52001,2018,43.3,4.7
52001,2019,42.5,4.6
52001,2020,42.4,4.4
52001,2021,40.3,4.1
52001,2022,39.9,4.2
52001,2023,39.6,4.1
