cod_ine,anio,pct_renta_alta_200,pct_renta_baja_60
01059,2020,16.4,15.1
01059,2021,15.8,15.2
01059,2022,14.8,16.5
01059,2023,13.7,14.5
02003,2015,12.8,22.7
02003,2016,13.4,21.3
02003,2017,12.6,21.0
02003,2018,11.9,20.6
02003,2019,11.5,20.1
02003,2020,12.1,19.8
02003,2021,11.9,19.0
02003,2022,10.4,20.1
02003,2023,9.1,20.7
02009,2015,6.5,24.0
02009,2016,6.9,22.0
02009,2017,6.5,22.4
02009,2018,6.2,21.0
02009,2019,5.7,20.6
02009,2020,5.9,21.0
02009,2021,5.9,20.9
02009,2022,5.3,21.4
02009,2023,4.5,22.2
02037,2015,4.6,36.2
02037,2016,5.0,34.2
02037,2017,4.4,33.3
02037,2018,3.9,33.4
02037,2019,3.7,32.9
02037,2020,4.1,31.2
02037,2021,4.0,30.8
02037,2022,3.1,31.8
02037,2023,2.8,32.8
02081,2015,4.3,28.6
02081,2016,4.9,26.2
02081,2017,4.7,24.8
02081,2018,4.2,24.4
02081,2019,4.2,23.8
02081,2020,4.2,24.0
02081,2021,3.9,22.5
02081,2022,3.4,24.7
02081,2023,3.0,26.1
03009,2015,8.0,24.5
03009,2016,8.5,23.1
03009,2017,8.0,22.5
03009,2018,7.4,21.5
03009,2019,7.0,21.6
03009,2020,7.4,21.2
03009,2021,7.2,20.5
03009,2022,6.0,22.3
03009,2023,5.5,24.1
03014,2015,12.9,30.1
03014,2016,13.4,29.3
03014,2017,12.3,28.8
03014,2018,11.6,28.7
03014,2019,11.0,28.3
03014,2020,11.3,28.2
03014,2021,10.9,28.0
03014,2022,9.7,29.1
03014,2023,8.8,30.1
03031,2015,6.8,32.8
03031,2016,6.9,33.4
03031,2017,6.6,29.7
03031,2018,6.2,29.8
03031,2019,5.8,29.6
03031,2020,5.3,35.0
03031,2021,5.1,32.8
03031,2022,4.7,31.3
03031,2023,4.5,31.6
03047,2015,6.4,34.2
03047,2016,5.4,39.9
03047,2017,5.9,32.0
03047,2018,5.4,32.4
03047,2019,5.0,32.4
03047,2020,4.5,35.9
03047,2021,5.2,32.6
03047,2022,5.0,32.5
03047,2023,4.6,34.5
03050,2015,12.4,28.4
03050,2016,12.3,27.9
03050,2017,12.2,27.0
03050,2018,11.5,25.6
03050,2019,11.0,25.7
03050,2020,11.3,25.2
03050,2021,11.4,23.7
03050,2022,10.3,24.5
03050,2023,9.3,24.7
03059,2015,3.1,38.5
03059,2016,3.5,36.0
03059,2017,3.1,35.6
03059,2018,3.1,33.9
03059,2019,2.7,34.2
03059,2020,2.9,33.8
03059,2021,3.2,32.9
03059,2022,2.7,34.3
03059,2023,2.6,34.2
03063,2015,8.7,33.3
03063,2016,9.1,31.1
03063,2017,8.5,30.7
03063,2018,8.0,30.1
03063,2019,7.6,29.5
03063,2020,8.0,29.2
03063,2021,8.2,27.7
03063,2022,7.5,29.2
03063,2023,6.9,29.5
03065,2015,5.5,34.3
03065,2016,6.0,32.5
03065,2017,5.5,31.6
03065,2018,5.4,30.8
03065,2019,5.2,30.5
03065,2020,5.7,30.0
03065,2021,5.4,28.8
03065,2022,4.9,29.4
03065,2023,4.5,29.9
03066,2015,4.7,35.0
03066,2016,5.1,33.3
03066,2017,4.7,33.0
03066,2018,4.4,32.9
03066,2019,4.1,32.7
03066,2020,4.3,32.2
03066,2021,4.1,31.6
03066,2022,3.5,32.4
03066,2023,3.1,33.4
03082,2015,8.2,36.2
03082,2016,8.2,35.6
03082,2017,7.8,35.9
03082,2018,7.6,35.4
03082,2019,7.6,35.6
03082,2020,7.4,35.7
03082,2021,8.1,32.9
03082,2022,8.0,33.4
03082,2023,7.5,34.4
03093,2015,6.4,28.5
03093,2016,6.7,26.3
03093,2017,6.1,26.1
03093,2018,5.8,25.7
03093,2019,5.7,25.9
03093,2020,6.1,24.8
03093,2021,5.3,24.1
03093,2022,4.5,25.6
03093,2023,4.1,26.7
03099,2015,6.3,35.6
03099,2016,6.5,35.0
03099,2017,6.0,33.3
03099,2018,5.8,32.2
03099,2019,5.3,32.2
03099,2020,5.4,31.7
03099,2021,5.3,31.9
03099,2022,4.6,33.1
03099,2023,4.1,33.5
03104,2015,3.8,32.9
03104,2016,4.3,30.4
03104,2017,3.8,29.4
03104,2018,3.7,28.5
03104,2019,3.6,27.9
03104,2020,3.8,27.7
03104,2021,3.8,25.8
03104,2022,3.3,25.9
03104,2023,3.1,26.0
03121,2015,7.0,33.0
03121,2016,7.6,31.5
03121,2017,6.6,31.0
03121,2018,6.8,29.6
03121,2019,6.3,30.3
03121,2020,6.5,30.8
03121,2021,6.0,29.2
03121,2022,5.2,30.1
03121,2023,4.9,30.2
03122,2015,7.6,25.9
03122,2016,8.2,23.7
03122,2017,7.3,23.3
03122,2018,7.1,22.5
03122,2019,6.7,21.7
03122,2020,7.1,21.4
03122,2021,6.8,20.3
03122,2022,6.1,21.2
03122,2023,5.2,21.5
03133,2015,4.3,45.8
03133,2016,4.6,44.0
03133,2017,4.1,43.3
03133,2018,4.0,43.3
03133,2019,3.6,42.3
03133,2020,3.7,42.4
03133,2021,3.5,41.7
03133,2022,3.1,44.0
03133,2023,2.6,46.4
03139,2015,6.7,29.4
03139,2016,6.9,27.1
03139,2017,6.4,26.1
03139,2018,6.2,25.8
03139,2019,5.6,25.3
03139,2020,6.1,27.5
03139,2021,5.9,26.9
03139,2022,5.1,26.7
03139,2023,4.8,26.5
03140,2015,4.6,30.8
03140,2016,5.0,28.1
03140,2017,4.5,27.5
03140,2018,4.4,26.3
03140,2019,3.9,25.9
03140,2020,4.4,25.2
03140,2021,4.2,24.8
03140,2022,3.8,25.5
03140,2023,3.3,26.2
04013,2015,10.9,31.1
04013,2016,11.7,30.3
04013,2017,10.4,30.3
04013,2018,9.9,29.1
04013,2019,9.5,29.2
04013,2020,10.3,27.8
04013,2021,9.9,27.1
04013,2022,8.8,28.3
04013,2023,8.2,27.8
04066,2015,2.4,48.0
04066,2016,2.2,47.5
04066,2017,2.0,45.2
04066,2018,2.3,43.0
04066,2019,1.6,46.1
04066,2020,2.1,39.7
04066,2021,2.2,41.1
04066,2022,1.8,45.3
04066,2023,1.8,43.6
04079,2015,7.0,38.1
04079,2016,7.4,37.0
04079,2017,6.9,35.8
04079,2018,6.5,34.7
04079,2019,5.9,33.3
04079,2020,6.6,32.1
04079,2021,6.1,32.6
04079,2022,5.3,34.4
04079,2023,4.9,33.3
04902,2015,3.5,44.1
04902,2016,3.8,41.3
04902,2017,3.8,39.6
04902,2018,3.6,38.6
04902,2019,3.3,37.1
04902,2020,3.7,33.8
04902,2021,3.3,36.6
04902,2022,2.9,38.9
04902,2023,3.0,37.3
05019,2015,14.6,20.7
05019,2016,14.8,20.4
05019,2017,13.4,19.2
05019,2018,12.8,18.5
05019,2019,11.9,18.8
05019,2020,12.9,18.4
05019,2021,12.4,17.7
05019,2022,10.7,18.9
05019,2023,9.4,19.8
06011,2015,5.4,37.7
06011,2016,5.6,35.8
06011,2017,4.7,34.6
06011,2018,4.5,34.1
06011,2019,4.2,33.5
06011,2020,4.3,33.3
06011,2021,4.2,32.1
06011,2022,3.6,32.9
06011,2023,3.4,33.4
06015,2015,12.5,25.2
06015,2016,13.1,24.7
06015,2017,11.5,24.4
06015,2018,11.0,24.2
06015,2019,10.4,24.2
06015,2020,10.6,23.9
06015,2021,10.2,23.0
06015,2022,8.8,24.0
06015,2023,8.0,23.7
06044,2015,7.7,27.8
06044,2016,8.6,25.9
06044,2017,7.5,25.5
06044,2018,7.2,25.8
06044,2019,6.8,24.8
06044,2020,7.0,24.7
06044,2021,7.0,23.8
06044,2022,6.0,25.3
06044,2023,5.7,25.3
06083,2015,9.5,26.6
06083,2016,10.1,25.8
06083,2017,8.9,25.7
06083,2018,8.4,25.1
06083,2019,8.1,24.6
06083,2020,8.3,25.4
06083,2021,8.0,24.1
06083,2022,7.0,24.6
06083,2023,6.2,24.6
06153,2015,6.4,29.7
06153,2016,6.3,29.6
06153,2017,5.6,28.5
06153,2018,5.3,28.4
06153,2019,4.8,27.5
06153,2020,5.2,27.2
06153,2021,4.9,25.7
06153,2022,4.2,27.4
06153,2023,4.0,27.3
07011,2015,15.0,20.5
07011,2016,15.5,20.4
07011,2017,15.5,17.3
07011,2018,15.2,16.4
07011,2019,14.3,17.1
07011,2020,12.6,22.7
07011,2021,13.3,18.8
07011,2022,13.2,17.3
07011,2023,12.5,16.8
07015,2015,9.7,17.4
07015,2016,10.2,16.0
07015,2017,10.1,14.0
07015,2018,9.6,13.8
07015,2019,9.4,13.9
07015,2020,8.9,18.5
07015,2021,9.9,13.3
07015,2022,9.4,13.1
07015,2023,9.4,12.7
07026,2015,16.2,15.9
07026,2016,17.8,13.5
07026,2017,17.5,13.1
07026,2018,17.8,12.9
07026,2019,17.1,12.8
07026,2020,15.0,17.8
07026,2021,15.9,14.1
07026,2022,16.1,13.4
07026,2023,15.1,13.5
07027,2015,8.4,23.4
07027,2016,9.2,20.6
07027,2017,8.3,19.2
07027,2018,7.7,19.2
07027,2019,7.5,19.1
07027,2020,6.7,23.1
07027,2021,6.7,21.7
07027,2022,6.3,19.9
07027,2023,6.0,19.3
07031,2015,14.1,18.6
07031,2016,14.7,18.7
07031,2017,14.6,15.1
07031,2018,14.5,15.0
07031,2019,14.0,14.6
07031,2020,12.4,19.0
07031,2021,12.5,16.6
07031,2022,11.7,15.1
07031,2023,10.9,14.3
07032,2015,14.4,17.1
07032,2016,15.3,15.9
07032,2017,14.8,14.9
07032,2018,14.1,14.6
07032,2019,13.7,14.9
07032,2020,13.1,17.4
07032,2021,13.2,14.2
07032,2022,12.3,14.2
07032,2023,11.7,14.5
07033,2015,9.0,21.3
07033,2016,9.5,19.8
07033,2017,9.3,18.7
07033,2018,8.9,18.5
07033,2019,8.9,17.7
07033,2020,7.6,22.7
07033,2021,7.8,21.5
07033,2022,7.6,19.8
07033,2023,7.0,19.1
07036,2015,19.2,10.6
07036,2016,20.5,9.4
07036,2017,19.1,8.8
07036,2018,19.2,8.4
07036,2019,18.8,8.2
07036,2020,17.4,9.2
07036,2021,17.3,8.8
07036,2022,16.6,8.1
07036,2023,16.2,7.9
07040,2015,15.6,20.7
07040,2016,16.2,19.6
07040,2017,16.0,16.8
07040,2018,15.8,15.9
07040,2019,15.2,16.0
07040,2020,14.1,19.1
07040,2021,14.1,17.6
07040,2022,13.4,16.8
07040,2023,12.8,16.3
07054,2015,12.4,21.9
07054,2016,13.8,20.2
07054,2017,14.8,16.9
07054,2018,14.3,16.7
07054,2019,14.4,16.2
07054,2020,12.6,20.3
07054,2021,14.6,16.5
07054,2022,15.1,15.0
07054,2023,14.6,15.1
08015,2015,11.9,20.4
08015,2016,12.9,19.0
08015,2017,11.7,19.1
08015,2018,11.1,18.7
08015,2019,10.7,18.8
08015,2020,11.1,19.6
08015,2021,10.9,19.0
08015,2022,9.5,19.9
08015,2023,8.5,20.3
08019,2015,26.0,15.8
08019,2016,27.1,15.4
08019,2017,25.6,15.4
08019,2018,24.6,15.4
08019,2019,23.8,15.3
08019,2020,23.9,16.0
08019,2021,23.4,15.3
08019,2022,21.5,16.1
08019,2023,20.0,16.5
08056,2015,24.6,16.7
08056,2016,25.9,15.9
08056,2017,24.6,15.5
08056,2018,23.7,15.1
08056,2019,23.3,15.1
08056,2020,23.4,15.1
08056,2021,23.3,14.4
08056,2022,21.7,15.3
08056,2023,20.1,15.8
08073,2015,12.4,17.5
08073,2016,13.4,16.3
08073,2017,12.0,16.0
08073,2018,11.5,15.8
08073,2019,11.1,15.9
08073,2020,11.4,16.6
08073,2021,11.0,16.4
08073,2022,9.2,17.7
08073,2023,8.3,18.3
08077,2015,20.8,13.8
08077,2016,21.9,12.7
08077,2017,20.3,12.8
08077,2018,19.4,12.8
08077,2019,19.0,12.6
08077,2020,19.0,13.0
08077,2021,18.8,12.5
08077,2022,16.7,13.9
08077,2023,15.3,14.8
08089,2015,18.0,15.4
08089,2016,19.2,14.6
08089,2017,17.4,14.2
08089,2018,16.9,13.6
08089,2019,16.4,13.4
08089,2020,17.1,13.4
08089,2021,17.0,13.0
08089,2022,14.8,13.7
08089,2023,13.7,14.3
08096,2015,16.4,19.0
08096,2016,17.6,17.7
08096,2017,16.0,17.2
08096,2018,15.5,16.4
08096,2019,15.1,16.2
08096,2020,15.3,16.1
08096,2021,14.8,15.0
08096,2022,13.2,15.9
08096,2023,11.7,16.2
08101,2015,10.4,22.9
08101,2016,11.0,22.1
08101,2017,9.6,21.8
08101,2018,9.0,21.4
08101,2019,8.4,21.6
08101,2020,8.7,22.7
08101,2021,8.4,21.7
08101,2022,6.9,23.8
08101,2023,6.1,24.8
08102,2015,15.4,18.0
08102,2016,16.9,17.5
08102,2017,15.0,16.9
08102,2018,14.2,16.4
08102,2019,13.9,16.8
08102,2020,14.1,16.9
08102,2021,13.7,16.3
08102,2022,11.8,16.8
08102,2023,11.0,17.8
08113,2015,15.4,21.7
08113,2016,16.3,20.3
08113,2017,14.7,20.2
08113,2018,13.5,20.1
08113,2019,12.7,21.2
08113,2020,13.1,21.1
08113,2021,12.6,21.1
08113,2022,10.5,22.4
08113,2023,9.3,22.6
08114,2015,13.5,17.9
08114,2016,14.2,17.3
08114,2017,13.2,16.7
08114,2018,12.8,17.0
08114,2019,11.8,16.6
08114,2020,11.9,17.4
08114,2021,11.7,17.2
08114,2022,9.5,17.9
08114,2023,8.6,17.9
08121,2015,11.5,23.6
08121,2016,12.5,21.6
08121,2017,11.2,21.4
08121,2018,10.6,20.7
08121,2019,10.3,20.7
08121,2020,10.7,21.3
08121,2021,10.6,19.8
08121,2022,9.2,20.4
08121,2023,8.5,20.6
08124,2015,12.1,15.9
08124,2016,13.2,14.4
08124,2017,11.9,14.5
08124,2018,10.9,14.1
08124,2019,10.7,13.8
08124,2020,10.9,13.7
08124,2021,10.4,13.0
08124,2022,8.6,14.4
08124,2023,7.5,15.1
08125,2015,12.4,18.3
08125,2016,13.2,17.5
08125,2017,11.6,17.3
08125,2018,11.0,17.1
08125,2019,10.6,17.3
08125,2020,10.9,17.9
08125,2021,10.9,17.0
08125,2022,8.8,17.7
08125,2023,7.7,17.9
08163,2015,8.3,25.7
08163,2016,8.7,22.6
08163,2017,7.8,22.7
08163,2018,7.5,20.9
08163,2019,7.4,21.3
08163,2020,7.7,24.5
08163,2021,7.3,21.7
08163,2022,6.6,21.3
08163,2023,6.2,21.4
08169,2015,13.3,13.8
08169,2016,14.3,12.4
08169,2017,12.7,12.7
08169,2018,12.0,12.4
08169,2019,11.5,13.0
08169,2020,11.5,13.6
08169,2021,11.6,12.4
08169,2022,9.9,13.2
08169,2023,8.7,13.8
08172,2015,17.8,18.1
08172,2016,18.8,16.9
08172,2017,17.1,16.5
08172,2018,17.0,15.3
08172,2019,16.0,15.1
08172,2020,16.1,15.3
08172,2021,16.0,15.0
08172,2022,14.2,15.7
08172,2023,13.0,15.8
08180,2015,11.2,17.3
08180,2016,11.6,16.1
08180,2017,10.1,15.9
08180,2018,9.3,15.9
08180,2019,8.6,16.0
08180,2020,9.2,15.9
08180,2021,8.8,15.8
08180,2022,7.2,16.3
08180,2023,6.4,17.2
08184,2015,12.7,18.0
08184,2016,13.9,16.9
08184,2017,12.4,16.1
08184,2018,11.8,15.6
08184,2019,11.0,15.4
08184,2020,11.2,15.6
08184,2021,11.7,15.0
08184,2022,9.1,16.1
08184,2023,8.0,17.0
08187,2015,14.8,17.9
08187,2016,16.0,16.4
08187,2017,14.5,16.3
08187,2018,13.9,15.8
08187,2019,13.4,16.1
08187,2020,13.7,16.5
08187,2021,13.3,15.6
08187,2022,11.6,16.5
08187,2023,10.4,17.3
08194,2015,8.9,25.2
08194,2016,9.8,24.1
08194,2017,8.6,23.8
08194,2018,8.1,23.9
08194,2019,7.6,23.7
08194,2020,7.8,24.2
08194,2021,7.5,23.7
08194,2022,6.7,24.1
08194,2023,5.9,24.9
08196,2015,13.6,14.3
08196,2016,14.5,12.5
08196,2017,12.7,11.8
08196,2018,12.3,11.6
08196,2019,11.2,11.7
08196,2020,11.6,11.8
08196,2021,11.3,11.9
08196,2022,9.4,12.2
08196,2023,8.4,12.3
08200,2015,12.2,15.2
08200,2016,13.5,13.5
08200,2017,12.2,13.6
08200,2018,11.5,12.9
08200,2019,11.0,13.2
08200,2020,11.4,13.4
08200,2021,10.9,13.1
08200,2022,9.3,14.1
08200,2023,8.0,14.6
08205,2015,43.2,10.1
08205,2016,45.1,9.3
08205,2017,43.4,9.2
08205,2018,43.1,9.0
08205,2019,42.0,9.0
08205,2020,42.6,8.3
08205,2021,42.5,8.0
08205,2022,40.4,8.5
08205,2023,38.3,9.0
08211,2015,19.5,11.5
08211,2016,20.9,10.5
08211,2017,19.6,10.1
08211,2018,18.9,9.7
08211,2019,18.5,9.7
08211,2020,18.9,10.1
08211,2021,18.7,9.7
08211,2022,16.6,10.5
08211,2023,15.1,10.9
08217,2015,23.3,10.8
08217,2016,24.9,10.1
08217,2017,22.6,10.2
08217,2018,22.3,9.6
08217,2019,21.0,9.3
08217,2020,21.2,10.0
08217,2021,21.4,9.5
08217,2022,18.6,10.2
08217,2023,17.0,10.5
08231,2015,14.8,21.8
08231,2016,14.9,20.9
08231,2017,14.5,19.7
08231,2018,14.3,18.6
08231,2019,13.4,17.9
08231,2020,13.5,18.2
08231,2021,13.7,17.6
08231,2022,12.9,18.4
08231,2023,11.8,18.4
08245,2015,6.7,25.0
08245,2016,7.4,23.8
08245,2017,6.3,23.9
08245,2018,5.9,22.9
08245,2019,5.5,23.6
08245,2020,5.8,24.2
08245,2021,5.6,23.2
08245,2022,4.5,24.8
08245,2023,3.9,25.3
08252,2015,14.2,12.3
08252,2016,15.2,11.2
08252,2017,13.6,10.7
08252,2018,13.3,10.6
08252,2019,12.2,10.4
08252,2020,13.0,10.3
08252,2021,12.4,9.5
08252,2022,10.5,10.9
08252,2023,9.1,11.5
08260,2015,14.0,15.1
08260,2016,15.0,13.7
08260,2017,14.1,14.1
08260,2018,12.9,13.3
08260,2019,12.3,13.2
08260,2020,12.4,13.2
08260,2021,12.1,12.7
08260,2022,10.1,13.4
08260,2023,9.0,12.8
08263,2015,10.5,15.9
08263,2016,12.2,14.3
08263,2017,11.4,13.6
08263,2018,10.8,12.4
08263,2019,10.1,12.5
08263,2020,10.4,12.6
08263,2021,10.2,12.8
08263,2022,8.4,13.2
08263,2023,7.8,13.3
08266,2015,21.2,12.3
08266,2016,23.3,11.3
08266,2017,21.0,11.0
08266,2018,20.4,10.6
08266,2019,19.8,10.4
08266,2020,20.5,10.7
08266,2021,19.9,10.2
08266,2022,17.4,11.2
08266,2023,16.1,11.6
08270,2015,27.2,18.8
08270,2016,28.4,17.8
08270,2017,27.9,17.2
08270,2018,27.0,17.1
08270,2019,26.8,16.7
08270,2020,26.6,17.3
08270,2021,27.2,16.5
08270,2022,25.6,16.9
08270,2023,24.6,17.1
08279,2015,14.1,18.7
08279,2016,15.3,17.4
08279,2017,13.8,17.0
08279,2018,13.3,16.3
08279,2019,12.6,16.3
08279,2020,12.8,16.3
08279,2021,12.8,15.9
08279,2022,10.7,16.9
08279,2023,9.5,17.3
08298,2015,15.0,17.4
08298,2016,16.3,15.8
08298,2017,14.5,16.4
08298,2018,14.0,16.4
08298,2019,13.2,18.1
08298,2020,13.6,17.1
08298,2021,12.9,16.0
08298,2022,11.4,16.7
08298,2023,10.5,18.4
08301,2015,13.7,13.8
08301,2016,15.2,12.7
08301,2017,13.6,12.5
08301,2018,13.1,11.9
08301,2019,12.1,12.1
08301,2020,12.5,11.9
08301,2021,12.7,11.2
08301,2022,10.5,12.4
08301,2023,9.5,12.4
08305,2015,14.8,19.0
08305,2016,15.6,17.7
08305,2017,14.1,17.6
08305,2018,13.5,16.4
08305,2019,12.5,16.4
08305,2020,12.7,16.2
08305,2021,13.0,15.8
08305,2022,10.9,17.4
08305,2023,9.9,17.8
08307,2015,16.4,17.4
08307,2016,17.5,16.5
08307,2017,16.2,16.0
08307,2018,15.4,15.1
08307,2019,14.9,14.5
08307,2020,15.7,14.8
08307,2021,15.2,14.1
08307,2022,14.1,14.6
08307,2023,12.8,15.6
09018,2015,11.8,18.7
09018,2016,13.3,17.6
09018,2017,11.6,17.5
09018,2018,11.0,17.1
09018,2019,9.8,17.5
09018,2020,10.1,18.3
09018,2021,9.4,17.7
09018,2022,8.3,19.5
09018,2023,7.2,19.8
09059,2015,16.9,14.2
09059,2016,17.6,13.0
09059,2017,16.0,12.8
09059,2018,15.1,12.4
09059,2019,14.0,12.7
09059,2020,14.3,12.9
09059,2021,13.6,12.5
09059,2022,12.1,13.6
09059,2023,10.9,14.2
09219,2015,12.6,16.7
09219,2016,13.9,15.2
09219,2017,12.6,15.2
09219,2018,12.3,14.1
09219,2019,10.5,15.4
09219,2020,10.6,15.7
09219,2021,9.8,15.9
09219,2022,8.6,17.2
09219,2023,7.6,17.6
10037,2015,14.1,19.6
10037,2016,14.9,19.0
10037,2017,13.1,19.4
10037,2018,12.0,18.9
10037,2019,11.6,18.7
10037,2020,11.8,18.5
10037,2021,11.2,17.6
10037,2022,9.7,18.6
10037,2023,8.8,18.7
10148,2015,9.9,27.4
10148,2016,10.3,26.6
10148,2017,8.9,25.9
10148,2018,8.3,25.2
10148,2019,8.0,24.9
10148,2020,8.1,25.1
10148,2021,8.0,23.3
10148,2022,6.8,24.6
10148,2023,6.2,25.0
11004,2015,11.4,31.9
11004,2016,11.8,29.9
11004,2017,10.3,30.2
11004,2018,9.4,29.3
11004,2019,8.9,28.7
11004,2020,9.1,29.8
11004,2021,8.3,29.6
11004,2022,7.3,30.8
11004,2023,6.4,30.5
11006,2015,2.7,40.9
11006,2016,2.9,38.9
11006,2017,2.5,36.8
11006,2018,2.4,34.3
11006,2019,2.3,33.3
11006,2020,2.5,34.8
11006,2021,2.5,32.8
11006,2022,2.3,33.3
11006,2023,2.0,31.6
11012,2015,13.8,21.1
11012,2016,14.8,20.5
11012,2017,13.4,20.3
11012,2018,12.8,19.5
11012,2019,12.2,18.8
11012,2020,12.6,19.2
11012,2021,12.2,18.5
11012,2022,11.1,19.2
11012,2023,10.2,18.9
11015,2015,5.5,37.1
11015,2016,5.9,35.8
11015,2017,5.1,35.1
11015,2018,4.9,32.9
11015,2019,4.9,31.2
11015,2020,5.1,32.5
11015,2021,5.3,30.5
11015,2022,4.5,31.3
11015,2023,4.3,30.2
11020,2015,6.8,32.8
11020,2016,7.3,31.5
11020,2017,6.6,31.2
11020,2018,6.4,29.9
11020,2019,6.1,29.1
11020,2020,6.3,29.7
11020,2021,6.2,28.6
11020,2022,5.6,29.3
11020,2023,5.2,28.5
11022,2015,6.6,40.2
11022,2016,6.7,40.5
11022,2017,6.2,40.0
11022,2018,6.0,39.4
11022,2019,6.0,38.8
11022,2020,6.3,38.9
11022,2021,6.3,37.2
11022,2022,5.9,38.3
11022,2023,5.5,37.7
11027,2015,9.7,30.4
11027,2016,10.5,29.6
11027,2017,9.3,28.6
11027,2018,9.0,27.1
11027,2019,8.5,26.9
11027,2020,8.9,27.6
11027,2021,8.7,26.6
11027,2022,8.3,27.1
11027,2023,7.8,26.5
11028,2015,6.6,26.0
11028,2016,7.3,24.3
11028,2017,6.4,22.1
11028,2018,6.1,21.6
11028,2019,5.8,21.4
11028,2020,5.9,21.4
11028,2021,5.9,21.4
11028,2022,5.1,22.8
11028,2023,4.6,21.3
11030,2015,7.0,27.8
11030,2016,7.6,26.5
11030,2017,7.1,25.7
11030,2018,6.4,24.9
11030,2019,6.0,24.4
11030,2020,6.1,25.1
11030,2021,6.3,24.1
11030,2022,5.7,24.4
11030,2023,5.0,24.8
11031,2015,7.0,25.2
11031,2016,7.7,24.3
11031,2017,6.8,24.0
11031,2018,6.5,22.9
11031,2019,6.3,22.9
11031,2020,6.6,23.1
11031,2021,6.4,22.5
11031,2022,5.4,23.5
11031,2023,4.9,23.0
11032,2015,3.6,45.4
11032,2016,4.0,42.4
11032,2017,3.6,42.5
11032,2018,3.3,40.8
11032,2019,3.2,38.9
11032,2020,3.4,38.7
11032,2021,3.5,38.0
11032,2022,3.0,39.7
11032,2023,2.7,38.6
11033,2015,8.1,32.5
11033,2016,8.3,32.0
11033,2017,8.0,31.1
11033,2018,8.0,29.4
11033,2019,8.2,28.5
11033,2020,8.7,29.5
11033,2021,9.6,28.2
11033,2022,9.4,28.2
11033,2023,9.1,27.5
12009,2015,7.3,25.1
12009,2016,8.2,22.9
12009,2017,7.4,22.0
12009,2018,7.0,20.5
12009,2019,6.4,20.6
12009,2020,6.5,20.0
12009,2021,6.3,19.6
12009,2022,5.1,20.8
12009,2023,4.8,22.7
12027,2015,7.8,30.0
12027,2016,7.8,28.0
12027,2017,7.3,27.3
12027,2018,6.8,27.4
12027,2019,6.5,27.2
12027,2020,6.8,28.0
12027,2021,6.4,27.8
12027,2022,5.4,30.4
12027,2023,5.1,31.9
12032,2015,7.9,26.0
12032,2016,8.7,24.1
12032,2017,8.3,23.4
12032,2018,8.1,22.4
12032,2019,7.6,22.7
12032,2020,8.1,22.2
12032,2021,8.0,21.9
12032,2022,6.9,23.3
12032,2023,6.1,24.8
12040,2015,13.0,23.6
12040,2016,13.8,21.8
12040,2017,12.5,20.7
12040,2018,12.1,19.6
12040,2019,11.5,19.9
12040,2020,11.6,19.5
12040,2021,11.3,18.5
12040,2022,10.1,20.2
12040,2023,8.9,21.8
12084,2015,7.7,22.2
12084,2016,8.4,19.8
12084,2017,7.6,18.5
12084,2018,7.3,18.0
12084,2019,6.9,17.6
12084,2020,7.3,16.9
12084,2021,7.3,16.0
12084,2022,6.2,17.2
12084,2023,5.5,19.4
12126,2015,6.3,24.1
12126,2016,6.8,23.2
12126,2017,6.2,21.3
12126,2018,6.0,20.3
12126,2019,5.8,18.6
12126,2020,6.3,18.1
12126,2021,6.1,17.2
12126,2022,5.6,18.8
12126,2023,4.9,20.1
12135,2015,8.7,21.9
12135,2016,9.5,19.9
12135,2017,9.1,18.5
12135,2018,8.9,17.8
12135,2019,8.2,17.9
12135,2020,8.3,18.0
12135,2021,7.9,17.5
12135,2022,6.9,18.3
12135,2023,6.3,19.6
12138,2015,7.9,28.2
12138,2016,8.0,26.3
12138,2017,7.1,25.5
12138,2018,6.6,24.7
12138,2019,6.7,24.0
12138,2020,7.2,24.2
12138,2021,6.9,23.6
12138,2022,5.7,24.8
12138,2023,5.8,25.0
13005,2015,9.9,23.4
13005,2016,10.1,23.5
13005,2017,9.5,21.4
13005,2018,9.0,20.4
13005,2019,8.6,20.4
13005,2020,9.1,20.6
13005,2021,8.9,20.2
13005,2022,7.5,20.8
13005,2023,7.0,21.5
13034,2015,17.3,19.5
13034,2016,18.0,18.9
13034,2017,16.8,18.6
13034,2018,15.9,18.3
13034,2019,14.9,18.1
13034,2020,15.7,18.2
13034,2021,15.0,17.7
13034,2022,13.1,18.4
13034,2023,12.0,18.8
13071,2015,11.1,25.9
13071,2016,11.2,25.2
13071,2017,10.1,25.3
13071,2018,9.6,24.3
13071,2019,8.8,24.0
13071,2020,9.2,24.4
13071,2021,8.5,24.4
13071,2022,7.7,25.2
13071,2023,6.7,26.1
13082,2015,3.9,37.2
13082,2016,4.4,35.0
13082,2017,4.2,32.2
13082,2018,4.5,30.4
13082,2019,3.9,31.1
13082,2020,4.1,31.2
13082,2021,4.0,31.4
13082,2022,3.3,32.4
13082,2023,3.0,33.5
13087,2015,7.4,29.1
13087,2016,7.9,27.3
13087,2017,7.2,27.6
13087,2018,6.8,27.1
13087,2019,6.2,27.3
13087,2020,6.6,27.8
13087,2021,6.3,26.6
13087,2022,5.7,27.7
13087,2023,4.9,28.9
14021,2015,11.5,25.7
14021,2016,12.1,24.8
14021,2017,11.1,24.6
14021,2018,10.6,23.7
14021,2019,10.0,23.3
14021,2020,10.7,23.2
14021,2021,10.4,21.9
14021,2022,9.4,23.2
14021,2023,8.5,23.0
14038,2015,3.7,36.8
14038,2016,4.0,34.7
14038,2017,3.6,34.0
14038,2018,3.6,31.4
14038,2019,3.2,31.4
14038,2020,3.5,32.2
14038,2021,3.5,28.5
14038,2022,3.2,30.3
14038,2023,2.9,29.9
14056,2015,3.3,33.9
14056,2016,4.0,32.6
14056,2017,3.5,31.7
14056,2018,3.2,30.9
14056,2019,3.0,30.0
14056,2020,3.3,30.4
14056,2021,3.4,28.3
14056,2022,3.0,30.4
14056,2023,2.9,30.2
15002,2015,12.3,19.2
15002,2016,13.2,17.9
15002,2017,11.7,17.8
15002,2018,11.0,18.2
15002,2019,10.4,18.0
15002,2020,10.8,17.8
15002,2021,10.6,16.5
15002,2022,9.9,17.0
15002,2023,8.9,17.0
15005,2015,6.9,20.6
15005,2016,7.8,19.4
15005,2017,7.3,19.1
15005,2018,6.8,18.8
15005,2019,6.4,18.8
15005,2020,6.5,19.2
15005,2021,6.5,18.7
15005,2022,6.0,19.7
15005,2023,5.9,19.8
15019,2015,5.0,24.0
15019,2016,5.5,22.6
15019,2017,4.8,22.4
15019,2018,4.7,19.5
15019,2019,4.6,19.7
15019,2020,5.1,19.8
15019,2021,4.9,19.0
15019,2022,4.5,19.9
15019,2023,4.1,19.7
15030,2015,18.1,16.8
15030,2016,19.0,16.2
15030,2017,17.4,16.5
15030,2018,16.7,16.5
15030,2019,16.0,16.8
15030,2020,16.2,16.9
15030,2021,15.5,16.7
15030,2022,14.2,17.8
15030,2023,13.4,18.0
15031,2015,11.9,17.2
15031,2016,12.4,16.2
15031,2017,10.9,16.8
15031,2018,10.3,16.7
15031,2019,9.5,16.7
15031,2020,10.0,16.6
15031,2021,9.5,16.2
15031,2022,8.5,16.9
15031,2023,8.0,17.2
15036,2015,12.1,18.6
15036,2016,12.8,18.6
15036,2017,11.2,19.1
15036,2018,10.5,18.5
15036,2019,10.6,18.6
15036,2020,10.5,19.1
15036,2021,9.6,19.6
15036,2022,8.5,20.1
15036,2023,7.6,21.1
15054,2015,7.1,18.0
15054,2016,7.8,16.7
15054,2017,6.6,16.9
15054,2018,6.5,16.3
15054,2019,6.9,16.4
15054,2020,6.6,16.0
15054,2021,6.3,16.4
15054,2022,5.1,17.3
15054,2023,4.6,17.9
15058,2015,22.9,15.1
15058,2016,24.6,14.1
15058,2017,23.0,14.0
15058,2018,22.1,13.8
15058,2019,21.6,13.2
15058,2020,21.8,13.0
15058,2021,21.2,12.9
15058,2022,20.7,13.2
15058,2023,19.6,13.0
15073,2015,6.0,22.2
15073,2016,6.6,20.6
15073,2017,6.4,20.9
15073,2018,6.0,20.5
15073,2019,5.3,20.2
15073,2020,5.4,20.2
15073,2021,5.5,19.8
15073,2022,5.1,21.0
15073,2023,4.5,21.3
15078,2015,19.1,14.8
15078,2016,19.9,13.8
15078,2017,18.8,13.7
15078,2018,17.6,13.9
15078,2019,17.2,13.8
15078,2020,17.6,14.7
15078,2021,17.3,14.2
15078,2022,16.1,14.6
15078,2023,14.9,15.1
16078,2015,14.2,20.4
16078,2016,14.6,20.6
16078,2017,13.7,19.4
16078,2018,12.6,18.8
16078,2019,12.2,18.2
16078,2020,13.0,17.7
16078,2021,12.7,17.0
16078,2022,10.3,18.8
16078,2023,9.3,20.0
17023,2015,9.8,23.4
17023,2016,10.3,21.0
17023,2017,9.4,20.6
17023,2018,9.0,20.0
17023,2019,8.5,19.9
17023,2020,8.8,23.2
17023,2021,8.1,21.6
17023,2022,6.9,21.7
17023,2023,6.4,21.4
17066,2015,9.7,29.8
17066,2016,10.3,28.2
17066,2017,9.3,29.0
17066,2018,8.5,27.8
17066,2019,7.8,27.5
17066,2020,7.8,28.5
17066,2021,7.6,28.0
17066,2022,6.1,28.0
17066,2023,5.5,28.0
17079,2015,20.8,19.7
17079,2016,22.0,18.3
17079,2017,20.4,18.2
17079,2018,19.3,18.2
17079,2019,18.7,18.1
17079,2020,19.0,17.9
17079,2021,18.6,16.7
17079,2022,16.3,17.4
17079,2023,14.7,18.1
17095,2015,7.6,29.4
17095,2016,8.5,28.3
17095,2017,7.9,27.3
17095,2018,7.4,27.2
17095,2019,7.0,27.1
17095,2020,6.4,34.2
17095,2021,6.7,29.0
17095,2022,6.0,29.1
17095,2023,5.5,29.3
17114,2015,12.9,17.0
17114,2016,13.8,15.7
17114,2017,12.8,13.8
17114,2018,12.2,13.5
17114,2019,11.1,14.3
17114,2020,11.3,13.8
17114,2021,10.9,13.1
17114,2022,9.3,14.1
17114,2023,8.0,15.7
17155,2015,5.7,36.9
17155,2016,6.2,36.0
17155,2017,5.4,34.5
17155,2018,4.8,33.1
17155,2019,4.6,32.1
17155,2020,4.9,32.4
17155,2021,4.3,31.2
17155,2022,3.5,32.7
17155,2023,2.8,31.9
18017,2015,4.9,40.6
18017,2016,5.1,38.7
18017,2017,4.7,37.8
18017,2018,4.3,36.1
18017,2019,4.2,34.4
18017,2020,4.7,36.5
18017,2021,4.7,34.4
18017,2022,4.3,35.3
18017,2023,4.1,34.6
18087,2015,17.4,25.7
18087,2016,18.4,24.8
18087,2017,16.8,24.8
18087,2018,16.2,24.4
18087,2019,15.3,24.4
18087,2020,15.8,25.1
18087,2021,15.5,23.9
18087,2022,14.2,24.6
18087,2023,13.2,24.3
18140,2015,5.2,34.8
18140,2016,5.6,33.8
18140,2017,5.1,32.9
18140,2018,5.0,31.0
18140,2019,4.6,30.2
18140,2020,4.9,29.6
18140,2021,4.9,29.5
18140,2022,4.2,31.0
18140,2023,3.8,30.8
19046,2015,9.9,21.4
19046,2016,10.1,18.8
19046,2017,9.4,18.0
19046,2018,8.5,17.2
19046,2019,7.9,16.8
19046,2020,8.1,17.4
19046,2021,7.7,16.7
19046,2022,6.5,17.2
19046,2023,5.7,16.9
19130,2015,16.5,18.0
19130,2016,17.0,16.9
19130,2017,15.7,16.8
19130,2018,14.8,16.0
19130,2019,14.3,16.7
19130,2020,14.5,16.6
19130,2021,13.9,16.1
19130,2022,11.8,17.5
19130,2023,10.6,18.1
20030,2016,24.8,13.4
20030,2017,22.0,12.8
20030,2018,20.9,13.2
20030,2019,18.5,14.1
20030,2020,18.7,13.6
20030,2021,17.5,14.3
20030,2022,17.0,15.0
20030,2023,15.7,12.6
20045,2016,16.8,17.3
20045,2017,14.7,16.2
20045,2018,13.8,15.5
20045,2019,13.0,15.9
20045,2020,13.6,16.1
20045,2021,12.5,16.3
20045,2022,12.0,16.7
20045,2023,11.2,14.8
20067,2016,14.4,12.2
20067,2017,12.0,11.9
20067,2018,11.2,11.6
20067,2019,10.6,11.8
20067,2020,11.2,12.4
20067,2021,10.0,13.2
20067,2022,9.3,13.4
20067,2023,8.1,12.5
20069,2016,32.7,11.1
20069,2017,30.6,10.5
20069,2018,29.0,10.3
20069,2019,28.0,10.4
20069,2020,27.7,11.1
20069,2021,26.7,11.2
20069,2022,26.1,11.6
20069,2023,24.6,9.5
21041,2015,10.1,28.1
21041,2016,10.8,27.2
21041,2017,9.7,26.5
21041,2018,9.0,25.6
21041,2019,8.5,24.9
21041,2020,8.9,25.1
21041,2021,8.4,24.3
21041,2022,7.4,25.8
21041,2023,6.6,26.0
21044,2015,3.3,39.9
21044,2016,3.6,36.3
21044,2017,3.3,34.5
21044,2018,3.1,33.9
21044,2019,3.1,31.2
21044,2020,3.3,30.4
21044,2021,3.3,29.6
21044,2022,2.6,31.2
21044,2023,2.5,31.4
22125,2015,15.4,17.7
22125,2016,16.0,16.7
22125,2017,15.0,16.2
22125,2018,13.8,15.2
22125,2019,12.8,15.8
22125,2020,13.3,16.5
22125,2021,12.2,15.6
22125,2022,10.4,17.1
22125,2023,9.5,18.3
23005,2015,4.2,35.4
23005,2016,4.9,32.4
23005,2017,4.3,32.1
23005,2018,4.1,30.6
23005,2019,3.6,31.0
23005,2020,4.0,30.8
23005,2021,3.8,29.7
23005,2022,3.4,31.4
23005,2023,3.2,30.9
23050,2015,12.9,21.6
23050,2016,14.1,20.4
23050,2017,12.6,20.5
23050,2018,12.0,20.0
23050,2019,11.2,19.8
23050,2020,11.9,20.3
23050,2021,11.6,19.1
23050,2022,10.2,20.4
23050,2023,9.2,21.0
23055,2015,6.3,28.5
23055,2016,7.4,27.1
23055,2017,6.5,27.3
23055,2018,6.0,27.1
23055,2019,5.8,26.4
23055,2020,6.3,26.6
23055,2021,6.3,25.4
23055,2022,5.3,27.0
23055,2023,4.7,27.7
23092,2015,8.0,28.7
23092,2016,9.1,26.4
23092,2017,8.2,27.0
23092,2018,7.8,25.4
23092,2019,7.1,26.0
23092,2020,8.0,26.4
23092,2021,8.0,24.5
23092,2022,6.9,27.1
23092,2023,6.3,27.0
24089,2015,18.1,17.4
24089,2016,18.5,17.3
24089,2017,16.8,16.9
24089,2018,15.7,16.6
24089,2019,14.6,17.0
24089,2020,15.2,16.9
24089,2021,14.1,16.6
24089,2022,12.6,17.9
24089,2023,11.6,18.4
24115,2015,10.8,22.0
24115,2016,11.3,21.0
24115,2017,10.1,21.0
24115,2018,9.5,20.3
24115,2019,9.1,20.0
24115,2020,9.4,20.0
24115,2021,8.4,19.1
24115,2022,7.7,20.5
24115,2023,6.7,20.9
24142,2015,8.3,19.4
24142,2016,9.4,18.7
24142,2017,8.1,18.1
24142,2018,7.6,17.7
24142,2019,7.1,17.4
24142,2020,7.6,17.8
24142,2021,6.9,17.1
24142,2022,5.9,18.6
24142,2023,5.3,18.9
25120,2015,15.4,24.2
25120,2016,16.3,22.3
25120,2017,15.0,21.4
25120,2018,14.2,21.5
25120,2019,13.9,21.1
25120,2020,14.3,20.5
25120,2021,13.7,20.0
25120,2022,11.7,21.9
25120,2023,10.5,22.4
26089,2015,15.8,18.1
26089,2016,17.4,16.8
26089,2017,15.5,16.5
26089,2018,14.7,15.5
26089,2019,14.0,15.7
26089,2020,13.8,16.1
26089,2021,13.1,15.4
26089,2022,11.7,16.2
26089,2023,10.8,16.6
27028,2015,13.6,19.8
27028,2016,14.3,19.0
27028,2017,13.0,19.3
27028,2018,12.3,19.1
27028,2019,11.7,19.2
27028,2020,12.2,19.2
27028,2021,11.5,19.0
27028,2022,10.4,20.3
27028,2023,9.3,21.0
28005,2015,14.9,19.4
28005,2016,15.3,20.3
28005,2017,14.6,16.9
28005,2018,13.9,16.4
28005,2019,13.2,16.0
28005,2020,14.0,16.3
28005,2021,13.3,15.9
28005,2022,12.3,16.7
28005,2023,11.2,16.8
28006,2015,28.5,15.4
28006,2016,29.7,15.0
28006,2017,28.4,14.8
28006,2018,27.8,14.8
28006,2019,27.2,14.8
28006,2020,27.0,15.3
28006,2021,26.8,14.4
28006,2022,25.8,15.4
28006,2023,24.9,15.9
28007,2015,16.4,16.1
28007,2016,16.6,16.7
28007,2017,15.4,15.3
28007,2018,14.5,14.7
28007,2019,13.8,14.6
28007,2020,14.1,15.0
28007,2021,13.7,14.4
28007,2022,12.1,15.5
28007,2023,11.1,16.0
28013,2015,12.9,22.3
28013,2016,13.1,22.3
28013,2017,11.8,20.7
28013,2018,11.3,20.5
28013,2019,10.9,20.4
28013,2020,11.2,20.5
28013,2021,10.8,19.8
28013,2022,9.5,20.5
28013,2023,8.8,21.7
28014,2015,10.1,21.4
28014,2016,11.1,20.2
28014,2017,9.9,18.7
28014,2018,9.2,18.4
28014,2019,8.8,18.0
28014,2020,8.9,18.5
28014,2021,8.5,17.6
28014,2022,7.9,18.0
28014,2023,7.2,18.1
28022,2015,48.2,10.2
28022,2016,49.3,9.0
28022,2017,47.7,8.9
28022,2018,47.2,8.4
28022,2019,46.9,8.2
28022,2020,47.3,8.2
28022,2021,48.2,7.4
28022,2022,46.6,6.9
28022,2023,45.9,6.8
28045,2015,22.1,15.9
28045,2016,22.8,15.4
28045,2017,21.1,14.9
28045,2018,20.7,14.2
28045,2019,20.2,13.8
28045,2020,20.5,14.1
28045,2021,20.3,13.2
28045,2022,19.2,13.9
28045,2023,18.5,14.0
28047,2015,14.7,21.9
28047,2016,15.0,22.5
28047,2017,13.6,20.9
28047,2018,12.6,20.4
28047,2019,12.3,19.9
28047,2020,12.3,20.0
28047,2021,12.1,19.4
28047,2022,10.8,20.2
28047,2023,9.9,21.0
28049,2015,13.7,19.3
28049,2016,14.4,19.0
28049,2017,13.7,15.8
28049,2018,12.9,15.1
28049,2019,12.3,14.2
28049,2020,12.4,14.7
28049,2021,11.6,14.4
28049,2022,10.4,14.9
28049,2023,9.4,15.2
28058,2015,7.1,22.3
28058,2016,7.5,22.0
28058,2017,6.6,19.8
28058,2018,6.2,19.0
28058,2019,6.1,18.4
28058,2020,6.3,18.4
28058,2021,6.1,17.3
28058,2022,5.4,17.7
28058,2023,4.8,17.8
28061,2015,21.8,21.3
28061,2016,22.6,21.4
28061,2017,20.7,19.9
28061,2018,20.0,19.2
28061,2019,19.3,18.8
28061,2020,19.8,18.6
28061,2021,19.4,17.6
28061,2022,18.2,17.9
28061,2023,17.4,17.9
28065,2015,15.8,17.9
28065,2016,16.2,17.5
28065,2017,15.0,16.5
28065,2018,14.7,16.0
28065,2019,14.1,15.5
28065,2020,14.9,14.9
28065,2021,14.5,14.3
28065,2022,13.4,15.1
28065,2023,12.2,15.8
28074,2015,11.9,18.1
28074,2016,12.6,17.1
28074,2017,11.4,17.1
28074,2018,10.8,16.9
28074,2019,10.4,16.7
28074,2020,10.7,16.5
28074,2021,10.3,16.0
28074,2022,9.1,17.7
28074,2023,8.3,18.8
28079,2015,26.8,17.5
28079,2016,27.7,16.8
28079,2017,26.1,17.3
28079,2018,25.4,17.1
28079,2019,24.6,17.2
28079,2020,24.8,17.7
28079,2021,24.1,17.0
28079,2022,22.8,18.0
28079,2023,21.5,18.6
28080,2015,43.3,12.0
28080,2016,44.1,11.9
28080,2017,42.9,11.7
28080,2018,42.2,11.4
28080,2019,41.2,11.3
28080,2020,40.7,11.4
28080,2021,40.2,11.0
28080,2022,38.9,11.5
28080,2023,37.5,11.9
28092,2015,10.4,19.8
28092,2016,10.9,19.0
28092,2017,9.6,18.4
28092,2018,9.0,18.0
28092,2019,8.5,17.5
28092,2020,8.9,17.7
28092,2021,8.5,16.8
28092,2022,7.3,18.0
28092,2023,6.7,18.6
28096,2015,13.0,22.0
28096,2016,13.4,21.7
28096,2017,12.2,19.4
28096,2018,11.5,19.3
28096,2019,10.9,18.7
28096,2020,11.5,18.5
28096,2021,10.9,17.4
28096,2022,9.9,18.0
28096,2023,9.0,18.3
28106,2015,6.1,29.2
28106,2016,6.3,28.6
28106,2017,5.5,27.0
28106,2018,5.1,26.1
28106,2019,4.6,26.3
28106,2020,4.7,26.2
28106,2021,4.6,25.4
28106,2022,3.9,26.7
28106,2023,3.4,27.2
28113,2015,14.5,16.1
28113,2016,14.6,16.2
28113,2017,13.6,14.5
28113,2018,12.9,14.4
28113,2019,12.7,13.9
28113,2020,13.0,14.0
28113,2021,12.7,13.2
28113,2022,11.5,14.0
28113,2023,10.2,14.9
28115,2015,52.1,9.3
28115,2016,53.6,8.9
28115,2017,52.1,8.9
28115,2018,51.6,8.7
28115,2019,50.8,8.5
28115,2020,50.9,8.4
28115,2021,50.9,8.1
28115,2022,50.4,8.3
28115,2023,48.7,8.5
28123,2015,24.5,13.8
28123,2016,25.9,12.8
28123,2017,24.0,12.1
28123,2018,23.3,11.5
28123,2019,22.8,10.8
28123,2020,23.2,10.7
28123,2021,23.0,9.9
28123,2022,21.6,10.3
28123,2023,20.6,10.1
28127,2015,45.5,9.6
28127,2016,46.0,9.7
28127,2017,44.4,9.2
28127,2018,43.4,9.0
28127,2019,42.1,8.8
28127,2020,42.0,8.5
28127,2021,41.6,8.3
28127,2022,40.4,8.4
28127,2023,38.8,8.3
28130,2015,11.5,17.4
28130,2016,12.5,16.2
28130,2017,11.0,15.1
28130,2018,10.6,14.2
28130,2019,9.7,13.4
28130,2020,10.2,14.1
28130,2021,9.8,14.1
28130,2022,8.4,14.5
28130,2023,7.6,14.2
28134,2015,23.2,14.5
28134,2016,24.5,13.5
28134,2017,23.2,13.2
28134,2018,22.6,13.4
28134,2019,22.0,12.9
28134,2020,22.4,13.0
28134,2021,22.1,12.3
28134,2022,21.3,13.2
28134,2023,20.1,13.6
28148,2015,11.5,20.7
28148,2016,11.7,21.9
28148,2017,11.1,18.3
28148,2018,10.4,17.7
28148,2019,10.1,17.0
28148,2020,10.2,17.5
28148,2021,10.0,16.7
28148,2022,9.1,17.1
28148,2023,8.2,17.1
28161,2015,14.2,16.2
28161,2016,15.1,16.1
28161,2017,13.6,14.6
28161,2018,12.7,14.4
28161,2019,12.1,13.9
28161,2020,12.8,13.7
28161,2021,12.3,13.3
28161,2022,11.2,14.1
28161,2023,10.3,14.3
28181,2015,36.1,11.6
28181,2016,37.5,10.9
28181,2017,36.0,10.9
28181,2018,35.0,11.3
28181,2019,34.0,10.7
28181,2020,34.2,10.6
28181,2021,34.4,9.9
28181,2022,32.8,10.5
28181,2023,32.4,10.9
28903,2015,43.1,8.3
28903,2016,44.3,7.7
28903,2017,41.3,7.5
28903,2018,40.3,7.1
28903,2019,39.3,6.8
28903,2020,39.6,6.5
28903,2021,38.8,6.0
28903,2022,37.0,6.1
28903,2023,35.3,6.4
29007,2015,9.8,25.8
29007,2016,10.4,24.5
29007,2017,9.6,23.6
29007,2018,9.3,22.3
29007,2019,8.9,20.9
29007,2020,9.4,21.2
29007,2021,9.9,19.6
29007,2022,9.3,19.2
29007,2023,9.3,18.9
29015,2015,7.0,26.2
29015,2016,7.3,25.1
29015,2017,6.4,24.4
29015,2018,6.1,22.9
29015,2019,6.0,22.9
29015,2020,5.8,23.3
29015,2021,5.7,22.1
29015,2022,5.1,23.2
29015,2023,4.7,22.9
29025,2015,9.8,34.0
29025,2016,10.5,31.7
29025,2017,9.9,30.1
29025,2018,9.6,28.8
29025,2019,9.1,28.8
29025,2020,8.5,31.4
29025,2021,8.8,30.0
29025,2022,8.3,29.8
29025,2023,8.0,29.2
29051,2015,6.2,33.0
29051,2016,6.5,31.7
29051,2017,6.2,29.8
29051,2018,6.2,28.1
29051,2019,5.9,28.0
29051,2020,6.0,29.5
29051,2021,6.3,27.9
29051,2022,6.3,27.6
29051,2023,6.0,27.3
29054,2015,7.5,38.4
29054,2016,7.8,38.4
29054,2017,7.9,34.8
29054,2018,7.4,35.0
29054,2019,6.9,34.9
29054,2020,6.9,36.7
29054,2021,6.9,35.2
29054,2022,6.5,35.6
29054,2023,6.1,34.5
29067,2015,10.1,29.7
29067,2016,11.0,28.3
29067,2017,10.0,27.9
29067,2018,9.7,26.4
29067,2019,9.4,25.7
29067,2020,9.6,26.3
29067,2021,9.5,25.4
29067,2022,8.9,25.6
29067,2023,8.4,24.8
29069,2015,8.5,31.5
29069,2016,8.9,29.9
29069,2017,8.2,29.4
29069,2018,8.1,28.3
29069,2019,7.8,28.5
29069,2020,7.5,30.8
29069,2021,8.2,28.4
29069,2022,8.4,28.4
29069,2023,7.9,28.0
29070,2015,5.3,39.1
29070,2016,5.3,38.3
29070,2017,5.2,36.4
29070,2018,5.1,35.1
29070,2019,4.9,34.0
29070,2020,4.7,36.6
29070,2021,5.3,34.0
29070,2022,5.0,33.2
29070,2023,4.9,32.0
29082,2015,13.1,24.5
29082,2016,14.5,22.6
29082,2017,12.7,22.2
29082,2018,12.1,20.7
29082,2019,11.7,19.6
29082,2020,12.2,19.7
29082,2021,12.7,19.0
29082,2022,12.2,20.4
29082,2023,11.5,19.7
29084,2015,7.9,28.3
29084,2016,8.9,26.6
29084,2017,7.9,25.8
29084,2018,7.4,24.9
29084,2019,6.7,23.8
29084,2020,6.9,26.4
29084,2021,6.9,24.5
29084,2022,6.3,25.2
29084,2023,6.0,25.1
29094,2015,6.4,36.4
29094,2016,6.8,35.3
29094,2017,6.1,33.0
29094,2018,5.9,31.2
29094,2019,5.6,29.7
29094,2020,5.9,29.8
29094,2021,6.0,28.3
29094,2022,5.3,29.3
29094,2023,5.1,28.8
29901,2015,10.6,31.8
29901,2016,11.4,31.0
29901,2017,10.2,30.1
29901,2018,9.6,29.2
29901,2019,9.2,28.7
29901,2020,9.0,30.8
29901,2021,8.9,28.9
29901,2022,8.6,28.9
29901,2023,8.3,27.4
30003,2015,4.6,31.9
30003,2016,4.9,30.2
30003,2017,4.5,28.6
30003,2018,4.1,28.6
30003,2019,3.8,28.7
30003,2020,4.2,28.2
30003,2021,4.4,28.6
30003,2022,3.9,29.3
30003,2023,3.7,29.6
30005,2015,5.7,31.5
30005,2016,5.9,30.3
30005,2017,5.1,28.9
30005,2018,4.7,28.2
30005,2019,4.8,28.2
30005,2020,5.2,27.5
30005,2021,4.9,27.6
30005,2022,4.0,29.7
30005,2023,3.7,30.0
30015,2015,4.9,30.5
30015,2016,5.2,30.4
30015,2017,4.6,27.5
30015,2018,4.4,26.8
30015,2019,4.3,26.5
30015,2020,5.0,25.8
30015,2021,4.5,24.9
30015,2022,3.9,27.5
30015,2023,3.8,27.7
30016,2015,9.7,27.3
30016,2016,10.4,25.6
30016,2017,9.3,25.6
30016,2018,8.6,24.8
30016,2019,8.4,25.0
30016,2020,8.8,24.9
30016,2021,8.7,24.6
30016,2022,7.6,25.8
30016,2023,6.8,26.1
30019,2015,4.8,28.1
30019,2016,4.8,27.3
30019,2017,4.3,25.7
30019,2018,4.3,25.1
30019,2019,3.8,25.1
30019,2020,4.6,23.6
30019,2021,4.1,23.9
30019,2022,3.6,26.1
30019,2023,3.1,26.6
30022,2015,4.0,35.2
30022,2016,3.6,33.5
30022,2017,3.5,31.1
30022,2018,3.1,30.3
30022,2019,3.0,29.6
30022,2020,3.2,28.4
30022,2021,2.9,28.5
30022,2022,2.7,31.3
30022,2023,2.5,32.4
30024,2015,5.7,26.8
30024,2016,5.9,25.9
30024,2017,5.5,25.5
30024,2018,4.9,25.6
30024,2019,4.9,25.8
30024,2020,5.1,24.8
30024,2021,4.9,25.2
30024,2022,4.2,27.3
30024,2023,4.1,27.8
30026,2015,3.3,37.5
30026,2016,3.3,37.4
30026,2017,3.2,33.2
30026,2018,2.9,33.8
30026,2019,3.0,32.4
30026,2020,3.1,32.2
30026,2021,3.1,33.3
30026,2022,2.6,35.3
30026,2023,2.3,35.7
30027,2015,10.8,25.1
30027,2016,11.5,24.7
30027,2017,10.7,22.4
30027,2018,10.3,21.9
30027,2019,9.8,21.9
30027,2020,10.3,21.2
30027,2021,10.3,21.2
30027,2022,8.9,22.9
30027,2023,8.5,23.1
30030,2015,12.3,26.0
30030,2016,13.0,24.4
30030,2017,11.9,24.0
30030,2018,11.1,23.9
30030,2019,10.8,23.7
30030,2020,11.3,23.4
30030,2021,11.1,23.1
30030,2022,9.9,24.3
30030,2023,9.1,24.4
30035,2015,8.7,30.7
30035,2016,8.9,29.3
30035,2017,7.8,28.3
30035,2018,7.5,28.6
30035,2019,7.1,28.0
30035,2020,7.5,27.8
30035,2021,7.3,28.1
30035,2022,6.5,30.5
30035,2023,6.3,30.6
30037,2015,4.8,32.7
30037,2016,4.7,32.1
30037,2017,4.2,31.3
30037,2018,3.8,30.9
30037,2019,3.9,30.7
30037,2020,4.0,29.9
30037,2021,4.0,30.5
30037,2022,3.3,33.5
30037,2023,3.5,33.4
30039,2015,3.4,24.5
30039,2016,3.6,25.3
30039,2017,3.3,22.8
30039,2018,2.9,23.2
30039,2019,2.9,23.5
30039,2020,3.2,22.9
30039,2021,3.2,22.4
30039,2022,2.7,25.0
30039,2023,2.2,25.2
30043,2015,3.7,32.0
30043,2016,4.5,28.1
30043,2017,3.9,27.8
30043,2018,3.8,26.9
30043,2019,3.8,26.4
30043,2020,3.9,25.1
30043,2021,4.0,24.1
30043,2022,3.9,26.4
30043,2023,3.6,27.1
31201,2021,16.8,16.4
31201,2022,15.5,17.1
31201,2023,14.3,17.9
31232,2021,11.0,18.8
31232,2022,9.9,19.8
31232,2023,8.9,22.0
32054,2015,13.7,20.3
32054,2016,14.1,19.6
32054,2017,12.7,19.8
32054,2018,11.8,19.9
32054,2019,11.3,20.3
32054,2020,11.6,20.2
32054,2021,10.9,20.3
32054,2022,9.7,21.8
32054,2023,8.8,21.7
33004,2015,13.4,16.1
33004,2016,14.1,15.7
33004,2017,12.8,15.9
33004,2018,11.6,15.9
33004,2019,10.7,15.9
33004,2020,10.6,16.3
33004,2021,10.0,16.1
33004,2022,8.9,16.9
33004,2023,8.1,17.8
33024,2015,15.4,17.0
33024,2016,15.9,16.7
33024,2017,14.5,16.5
33024,2018,13.5,16.5
33024,2019,12.7,16.5
33024,2020,12.9,16.7
33024,2021,12.3,16.5
33024,2022,11.0,17.4
33024,2023,10.0,18.1
33031,2015,9.9,17.9
33031,2016,10.3,17.1
33031,2017,9.3,17.9
33031,2018,8.0,17.8
33031,2019,7.5,18.2
33031,2020,7.3,18.2
33031,2021,6.5,19.1
33031,2022,5.4,19.5
33031,2023,4.7,20.8
33037,2015,11.0,16.7
33037,2016,11.4,16.1
33037,2017,9.7,16.3
33037,2018,8.8,16.5
33037,2019,8.4,15.9
33037,2020,8.5,16.1
33037,2021,7.7,16.1
33037,2022,6.5,16.8
33037,2023,5.2,17.9
33044,2015,20.1,17.1
33044,2016,20.9,16.4
33044,2017,19.0,16.7
33044,2018,17.9,16.6
33044,2019,16.9,16.7
33044,2020,17.0,17.0
33044,2021,16.2,16.3
33044,2022,14.4,17.5
33044,2023,13.0,18.2
33066,2015,12.9,15.9
33066,2016,14.3,14.9
33066,2017,12.6,15.0
33066,2018,11.7,14.6
33066,2019,11.2,14.8
33066,2020,11.7,14.6
33066,2021,11.2,14.7
33066,2022,10.2,15.3
33066,2023,9.7,15.6
34120,2015,14.2,16.2
34120,2016,15.0,14.9
34120,2017,13.3,15.1
34120,2018,12.3,15.0
34120,2019,11.7,15.1
34120,2020,12.1,15.8
34120,2021,11.2,15.7
34120,2022,9.7,16.9
34120,2023,8.5,17.7
35002,2015,6.5,25.1
35002,2016,7.2,22.9
35002,2017,6.2,21.3
35002,2018,6.0,20.5
35002,2019,5.9,19.6
35002,2020,6.1,21.9
35002,2021,6.0,21.6
35002,2022,5.6,20.8
35002,2023,5.5,19.2
35004,2015,6.2,29.5
35004,2016,6.7,27.4
35004,2017,6.0,25.3
35004,2018,5.8,24.4
35004,2019,5.7,25.2
35004,2020,5.6,30.2
35004,2021,5.3,30.9
35004,2022,4.7,26.5
35004,2023,4.4,25.2
35006,2015,8.4,25.3
35006,2016,9.3,23.4
35006,2017,8.1,22.1
35006,2018,7.9,21.0
35006,2019,7.8,20.8
35006,2020,8.6,20.0
35006,2021,8.4,19.8
35006,2022,7.5,20.4
35006,2023,6.6,19.3
35011,2015,5.0,24.5
35011,2016,5.6,22.2
35011,2017,5.0,21.3
35011,2018,4.9,20.9
35011,2019,4.8,20.6
35011,2020,4.8,22.2
35011,2021,4.9,21.6
35011,2022,4.4,20.8
35011,2023,4.1,19.5
35014,2015,5.6,36.7
35014,2016,5.5,37.9
35014,2017,6.1,32.5
35014,2018,6.2,31.6
35014,2019,6.0,32.2
35014,2020,5.3,37.3
35014,2021,6.4,35.0
35014,2022,6.7,31.4
35014,2023,6.4,30.3
35016,2015,13.8,27.8
35016,2016,14.4,26.5
35016,2017,13.6,25.6
35016,2018,13.3,24.7
35016,2019,13.0,24.2
35016,2020,13.1,24.4
35016,2021,12.8,24.0
35016,2022,12.0,24.4
35016,2023,11.2,23.9
35017,2015,9.9,25.9
35017,2016,10.3,24.2
35017,2017,9.4,21.6
35017,2018,8.9,21.3
35017,2019,8.9,21.9
35017,2020,8.8,25.4
35017,2021,8.8,24.5
35017,2022,8.0,22.4
35017,2023,7.2,22.3
35019,2015,8.1,29.5
35019,2016,8.2,28.9
35019,2017,8.3,26.3
35019,2018,7.9,26.0
35019,2019,7.6,26.2
35019,2020,7.0,29.6
35019,2021,7.4,29.4
35019,2022,7.4,26.6
35019,2023,7.1,25.6
35022,2015,3.7,30.9
35022,2016,4.1,29.3
35022,2017,3.8,27.7
35022,2018,3.7,27.2
35022,2019,3.6,27.3
35022,2020,3.4,30.6
35022,2021,3.4,30.0
35022,2022,3.3,27.9
35022,2023,3.0,26.0
35026,2015,7.4,28.7
35026,2016,7.9,26.6
35026,2017,7.4,25.4
35026,2018,7.1,24.0
35026,2019,6.8,23.7
35026,2020,6.9,23.9
35026,2021,6.9,23.6
35026,2022,6.4,23.5
35026,2023,5.9,22.4
36008,2015,7.2,19.9
36008,2016,7.8,18.1
36008,2017,7.0,17.8
36008,2018,6.6,17.2
36008,2019,6.2,17.3
36008,2020,6.4,16.7
36008,2021,6.4,16.3
36008,2022,6.0,17.5
36008,2023,5.4,17.4
36026,2015,7.0,23.5
36026,2016,7.3,21.7
36026,2017,6.3,21.9
36026,2018,5.8,21.3
36026,2019,5.2,21.0
36026,2020,5.4,21.3
36026,2021,4.9,20.5
36026,2022,4.3,21.3
36026,2023,4.2,21.1
36038,2015,14.5,20.6
36038,2016,15.2,19.8
36038,2017,14.1,19.9
36038,2018,13.1,19.5
36038,2019,12.7,19.3
36038,2020,13.0,18.8
36038,2021,12.6,18.2
36038,2022,11.3,19.2
36038,2023,10.2,19.4
36045,2015,7.0,16.1
36045,2016,7.8,14.7
36045,2017,6.8,14.2
36045,2018,6.4,13.6
36045,2019,5.8,13.3
36045,2020,6.2,13.1
36045,2021,6.0,13.3
36045,2022,5.0,13.8
36045,2023,4.5,13.8
36057,2015,13.6,18.0
36057,2016,14.3,17.5
36057,2017,13.1,17.2
36057,2018,12.2,16.7
36057,2019,11.6,16.5
36057,2020,11.9,16.4
36057,2021,11.5,16.2
36057,2022,10.4,17.5
36057,2023,9.6,17.6
36060,2015,7.1,25.6
36060,2016,7.3,23.4
36060,2017,6.4,23.1
36060,2018,6.0,22.3
36060,2019,5.8,22.2
36060,2020,6.1,21.9
36060,2021,5.9,21.3
36060,2022,5.1,22.2
36060,2023,4.9,22.6
37274,2015,14.8,21.1
37274,2016,15.4,20.5
37274,2017,13.7,20.5
37274,2018,12.8,20.4
37274,2019,12.2,20.5
37274,2020,12.7,21.0
37274,2021,11.9,20.5
37274,2022,10.6,22.0
37274,2023,9.7,22.6
38001,2015,6.3,35.2
38001,2016,6.6,34.6
38001,2017,6.2,32.0
38001,2018,5.8,32.0
38001,2019,5.8,31.2
38001,2020,4.7,37.7
38001,2021,5.3,36.6
38001,2022,5.5,32.1
38001,2023,5.5,30.7
38006,2015,4.0,39.2
38006,2016,4.2,39.2
38006,2017,4.1,35.3
38006,2018,3.9,34.8
38006,2019,3.7,33.3
38006,2020,3.2,39.8
38006,2021,3.6,39.2
38006,2022,3.5,35.2
38006,2023,3.4,33.6
38011,2015,12.5,24.3
38011,2016,13.4,23.4
38011,2017,12.1,22.3
38011,2018,11.6,20.9
38011,2019,11.5,20.6
38011,2020,11.9,20.1
38011,2021,11.7,18.9
38011,2022,11.2,19.1
38011,2023,10.1,18.5
38017,2015,4.3,34.4
38017,2016,4.7,33.7
38017,2017,4.7,30.5
38017,2018,4.3,29.9
38017,2019,4.4,29.3
38017,2020,4.1,33.0
38017,2021,4.2,33.9
38017,2022,4.0,30.3
38017,2023,3.6,28.5
38023,2015,10.9,29.1
38023,2016,11.6,27.6
38023,2017,10.6,27.0
38023,2018,10.3,26.2
38023,2019,10.3,25.5
38023,2020,10.6,25.7
38023,2021,10.3,24.9
38023,2022,9.4,25.1
38023,2023,8.6,24.4
38026,2015,6.2,32.6
38026,2016,6.6,29.7
38026,2017,6.2,28.3
38026,2018,6.0,27.5
38026,2019,5.8,27.0
38026,2020,5.9,27.1
38026,2021,5.8,26.4
38026,2022,5.8,25.1
38026,2023,5.3,24.2
38028,2015,9.6,30.2
38028,2016,9.6,31.3
38028,2017,9.5,28.7
38028,2018,9.2,28.5
38028,2019,8.9,28.5
38028,2020,8.7,29.7
38028,2021,8.8,28.9
38028,2022,8.3,28.7
38028,2023,7.7,28.3
38031,2015,3.8,33.1
38031,2016,4.0,30.7
38031,2017,3.5,28.6
38031,2018,3.6,27.4
38031,2019,3.7,25.9
38031,2020,3.7,27.7
38031,2021,3.5,27.3
38031,2022,3.3,26.1
38031,2023,3.1,24.6
38038,2015,14.6,28.2
38038,2016,15.4,27.1
38038,2017,14.2,27.0
38038,2018,13.7,26.3
38038,2019,13.2,25.1
38038,2020,13.5,25.0
38038,2021,13.2,24.4
38038,2022,12.3,24.1
38038,2023,11.4,23.5
39016,2015,10.8,15.8
39016,2016,11.4,14.6
39016,2017,10.0,14.1
39016,2018,9.3,14.1
39016,2019,8.7,14.0
39016,2020,9.4,14.1
39016,2021,8.8,13.9
39016,2022,7.6,14.4
39016,2023,6.9,14.8
39020,2015,15.1,20.6
39020,2016,16.3,19.2
39020,2017,14.3,19.5
39020,2018,13.7,19.2
39020,2019,13.0,19.2
39020,2020,13.1,19.4
39020,2021,12.8,19.1
39020,2022,11.4,18.7
39020,2023,10.2,19.6
39075,2015,18.0,18.6
39075,2016,19.1,17.8
39075,2017,17.5,17.8
39075,2018,16.4,17.6
39075,2019,15.8,17.9
39075,2020,15.6,18.2
39075,2021,15.0,17.9
39075,2022,13.4,18.7
39075,2023,12.4,19.4
39087,2015,8.2,22.0
39087,2016,8.7,20.5
39087,2017,8.0,20.1
39087,2018,7.4,20.0
39087,2019,7.1,20.2
39087,2020,6.9,20.6
39087,2021,6.5,20.3
39087,2022,5.7,21.6
39087,2023,4.8,22.2
40194,2015,15.1,19.0
40194,2016,16.1,18.1
40194,2017,14.6,18.2
40194,2018,14.0,18.1
40194,2019,13.1,18.3
40194,2020,13.7,18.9
40194,2021,13.5,17.4
40194,2022,11.6,19.1
40194,2023,10.8,20.4
41004,2015,5.7,31.1
41004,2016,6.1,29.6
41004,2017,5.5,29.2
41004,2018,5.4,27.9
41004,2019,5.0,26.2
41004,2020,5.5,26.0
41004,2021,5.4,24.1
41004,2022,4.9,25.6
41004,2023,4.5,24.3
41021,2015,5.1,33.9
41021,2016,5.3,32.8
41021,2017,4.8,32.5
41021,2018,4.4,31.7
41021,2019,4.4,30.9
41021,2020,4.5,30.9
41021,2021,4.7,29.6
41021,2022,4.0,30.7
41021,2023,4.0,29.6
41024,2015,4.4,33.7
41024,2016,4.8,30.7
41024,2017,4.2,30.2
41024,2018,3.9,28.9
41024,2019,3.9,27.5
41024,2020,4.4,27.1
41024,2021,4.4,25.9
41024,2022,3.9,27.4
41024,2023,3.6,26.4
41034,2015,3.3,38.7
41034,2016,3.9,36.8
41034,2017,3.5,37.0
41034,2018,3.1,34.7
41034,2019,2.9,33.7
41034,2020,3.0,34.5
41034,2021,2.9,32.9
41034,2022,2.4,34.6
41034,2023,2.1,32.6
41038,2015,8.1,27.0
41038,2016,8.7,25.7
41038,2017,7.7,25.1
41038,2018,7.3,24.1
41038,2019,7.1,22.8
41038,2020,7.6,22.1
41038,2021,7.6,21.0
41038,2022,6.8,21.5
41038,2023,6.4,20.7
41039,2015,4.0,37.0
41039,2016,4.5,34.6
41039,2017,4.1,33.9
41039,2018,3.9,31.9
41039,2019,3.5,30.0
41039,2020,3.9,30.4
41039,2021,4.1,28.5
41039,2022,3.4,30.4
41039,2023,3.3,29.5
41053,2015,3.1,41.3
41053,2016,3.6,39.3
41053,2017,3.2,37.7
41053,2018,3.1,35.6
41053,2019,2.9,32.9
41053,2020,3.0,33.1
41053,2021,3.1,29.7
41053,2022,2.7,32.7
41053,2023,2.4,31.8
41059,2015,15.1,22.2
41059,2016,16.3,21.3
41059,2017,14.9,20.7
41059,2018,14.5,20.0
41059,2019,13.7,18.6
41059,2020,14.1,18.7
41059,2021,14.1,17.6
41059,2022,12.8,17.9
41059,2023,11.9,17.7
41065,2015,3.5,31.3
41065,2016,4.1,29.7
41065,2017,3.6,28.9
41065,2018,3.2,27.9
41065,2019,2.9,26.6
41065,2020,3.1,26.9
41065,2021,3.2,25.8
41065,2022,2.7,27.8
41065,2023,2.5,27.4
41069,2015,2.0,45.5
41069,2016,2.1,42.5
41069,2017,2.1,40.1
41069,2018,2.0,38.5
41069,2019,1.8,34.7
41069,2020,2.0,34.5
41069,2021,2.0,33.0
41069,2022,1.7,35.2
41069,2023,1.6,33.7
41081,2015,4.1,32.7
41081,2016,4.6,31.5
41081,2017,3.8,31.0
41081,2018,3.6,29.4
41081,2019,3.6,27.3
41081,2020,3.8,27.3
41081,2021,3.7,24.7
41081,2022,3.3,25.6
41081,2023,2.9,24.1
41091,2015,14.5,25.4
41091,2016,15.4,24.7
41091,2017,14.2,24.9
41091,2018,13.7,24.1
41091,2019,13.1,23.8
41091,2020,13.4,24.2
41091,2021,13.0,23.5
41091,2022,12.1,24.1
41091,2023,11.3,23.9
41095,2015,4.3,35.0
41095,2016,4.7,33.3
41095,2017,4.0,33.0
41095,2018,4.0,31.3
41095,2019,3.5,29.6
41095,2020,3.9,29.3
41095,2021,3.9,28.7
41095,2022,3.4,30.1
41095,2023,3.2,28.2
42173,2015,16.0,15.0
42173,2016,17.0,13.8
42173,2017,15.0,13.6
42173,2018,14.1,13.1
42173,2019,13.3,13.6
42173,2020,14.1,14.5
42173,2021,13.2,13.1
42173,2022,11.5,15.4
42173,2023,10.4,16.6
43038,2015,16.7,24.0
43038,2016,17.6,21.5
43038,2017,16.5,21.4
43038,2018,15.9,21.4
43038,2019,14.9,22.0
43038,2020,14.8,23.5
43038,2021,15.2,21.3
43038,2022,13.6,20.1
43038,2023,12.7,20.6
43123,2015,12.7,23.0
43123,2016,13.5,21.2
43123,2017,12.4,20.8
43123,2018,11.8,20.6
43123,2019,11.0,20.4
43123,2020,11.1,21.5
43123,2021,10.8,21.0
43123,2022,9.2,22.0
43123,2023,8.3,22.5
43148,2015,19.3,20.6
43148,2016,19.9,20.4
43148,2017,18.5,19.3
43148,2018,17.2,19.2
43148,2019,16.3,19.6
43148,2020,16.7,20.3
43148,2021,16.4,19.4
43148,2022,13.8,20.7
43148,2023,12.5,21.6
43155,2015,12.6,24.6
43155,2016,13.1,23.4
43155,2017,12.3,23.4
43155,2018,11.5,23.2
43155,2019,11.3,23.2
43155,2020,11.8,22.7
43155,2021,11.3,23.1
43155,2022,9.4,24.8
43155,2023,8.2,25.8
43163,2015,10.2,25.9
43163,2016,10.5,24.1
43163,2017,9.9,23.8
43163,2018,9.5,22.8
43163,2019,8.9,22.3
43163,2020,9.0,22.5
43163,2021,8.8,21.2
43163,2022,7.5,22.3
43163,2023,6.8,22.6
43905,2015,12.3,27.1
43905,2016,12.6,24.2
43905,2017,11.8,24.1
43905,2018,11.0,24.3
43905,2019,10.7,24.9
43905,2020,9.9,32.2
43905,2021,9.9,25.3
43905,2022,9.3,24.6
43905,2023,8.5,25.2
44216,2015,16.5,14.7
44216,2016,17.2,13.2
44216,2017,15.7,13.1
44216,2018,14.4,12.6
44216,2019,13.8,12.9
44216,2020,14.3,13.0
44216,2021,13.6,12.5
44216,2022,12.1,13.6
44216,2023,11.1,14.4
45081,2015,8.7,24.6
45081,2016,9.6,22.8
45081,2017,8.5,21.5
45081,2018,8.2,21.0
45081,2019,7.9,20.9
45081,2020,8.1,21.2
45081,2021,8.2,20.0
45081,2022,7.2,20.2
45081,2023,6.7,20.0
45165,2015,6.5,33.0
45165,2016,6.9,31.0
45165,2017,6.5,30.6
45165,2018,6.0,29.8
45165,2019,5.8,29.7
45165,2020,6.2,29.4
45165,2021,5.8,29.5
45165,2022,5.0,30.5
45165,2023,4.4,31.5
45168,2015,20.5,15.3
45168,2016,21.4,14.4
45168,2017,19.9,14.5
45168,2018,18.7,14.6
45168,2019,18.0,14.8
45168,2020,18.4,15.2
45168,2021,17.9,14.3
45168,2022,15.5,14.8
45168,2023,14.3,15.3
46005,2015,5.1,25.6
46005,2016,5.7,23.6
46005,2017,5.0,22.7
46005,2018,5.0,21.4
46005,2019,4.9,21.3
46005,2020,5.0,20.5
46005,2021,4.7,19.9
46005,2022,4.2,20.6
46005,2023,4.0,21.5
46017,2015,8.2,24.3
46017,2016,9.1,22.1
46017,2017,8.2,22.2
46017,2018,7.8,21.4
46017,2019,7.4,21.5
46017,2020,7.8,20.7
46017,2021,7.4,20.4
46017,2022,6.6,21.7
46017,2023,6.3,22.5
46021,2015,5.4,24.7
46021,2016,5.9,23.0
46021,2017,5.3,21.9
46021,2018,5.1,20.7
46021,2019,4.8,20.1
46021,2020,5.3,19.8
46021,2021,4.9,19.3
46021,2022,4.4,20.3
46021,2023,4.1,20.5
46029,2015,7.6,26.1
46029,2016,8.4,24.0
46029,2017,7.8,24.2
46029,2018,7.2,23.5
46029,2019,7.1,22.4
46029,2020,7.6,21.8
46029,2021,6.9,22.4
46029,2022,6.1,22.9
46029,2023,5.9,24.1
46078,2015,5.6,28.9
46078,2016,6.1,27.6
46078,2017,5.4,26.5
46078,2018,5.2,25.0
46078,2019,5.0,25.1
46078,2020,5.0,24.7
46078,2021,4.6,23.9
46078,2022,4.0,26.2
46078,2023,3.5,27.5
46094,2015,9.0,23.6
46094,2016,9.4,22.5
46094,2017,8.5,22.2
46094,2018,8.6,21.4
46094,2019,8.2,21.2
46094,2020,8.5,20.7
46094,2021,8.2,20.6
46094,2022,7.4,21.6
46094,2023,6.4,23.0
46102,2015,5.2,24.3
46102,2016,5.9,21.6
46102,2017,5.7,20.8
46102,2018,5.3,19.5
46102,2019,5.1,19.3
46102,2020,5.3,19.1
46102,2021,5.1,18.9
46102,2022,4.7,20.3
46102,2023,4.4,21.4
46110,2015,4.9,28.5
46110,2016,5.5,27.0
46110,2017,4.9,26.4
46110,2018,4.9,26.8
46110,2019,4.3,25.9
46110,2020,4.7,26.2
46110,2021,4.4,25.8
46110,2022,3.9,26.5
46110,2023,3.1,28.7
46131,2015,7.8,31.8
46131,2016,8.3,30.0
46131,2017,7.7,29.0
46131,2018,7.5,28.5
46131,2019,7.0,28.1
46131,2020,7.3,28.1
46131,2021,7.0,27.2
46131,2022,6.2,29.0
46131,2023,5.6,30.9
46145,2015,9.4,26.4
46145,2016,9.7,25.0
46145,2017,9.2,23.1
46145,2018,8.6,22.5
46145,2019,8.4,22.0
46145,2020,9.1,20.6
46145,2021,8.7,20.4
46145,2022,7.7,22.3
46145,2023,6.6,22.8
46159,2015,5.8,27.3
46159,2016,6.2,25.3
46159,2017,5.4,24.8
46159,2018,5.5,23.6
46159,2019,5.2,23.3
46159,2020,5.4,22.8
46159,2021,5.2,21.8
46159,2022,4.7,22.6
46159,2023,4.2,23.4
46169,2015,7.8,24.3
46169,2016,8.2,23.3
46169,2017,7.4,22.5
46169,2018,7.2,22.3
46169,2019,6.8,22.0
46169,2020,7.2,21.1
46169,2021,6.9,20.3
46169,2022,6.1,21.9
46169,2023,5.5,22.1
46181,2015,6.4,30.7
46181,2016,7.1,28.7
46181,2017,6.4,28.1
46181,2018,6.3,27.1
46181,2019,6.1,27.1
46181,2020,7.0,26.1
46181,2021,6.6,26.1
46181,2022,5.8,26.4
46181,2023,5.1,27.1
46184,2015,6.6,26.4
46184,2016,7.3,23.9
46184,2017,6.8,23.5
46184,2018,6.8,22.2
46184,2019,6.4,22.0
46184,2020,6.9,21.6
46184,2021,7.0,19.7
46184,2022,6.2,21.5
46184,2023,5.4,23.0
46190,2015,12.7,25.3
46190,2016,13.5,23.5
46190,2017,12.3,22.9
46190,2018,12.3,22.1
46190,2019,11.5,21.6
46190,2020,12.0,21.1
46190,2021,11.5,20.2
46190,2022,10.7,21.3
46190,2023,9.7,22.1
46220,2015,11.0,22.8
46220,2016,11.5,22.5
46220,2017,10.6,21.7
46220,2018,9.6,21.2
46220,2019,9.1,21.0
46220,2020,9.4,20.7
46220,2021,9.0,21.1
46220,2022,7.8,23.1
46220,2023,6.8,23.6
46235,2015,8.5,25.5
46235,2016,9.0,24.2
46235,2017,8.3,22.6
46235,2018,8.1,21.4
46235,2019,7.8,21.4
46235,2020,8.1,21.0
46235,2021,7.6,20.9
46235,2022,7.2,21.8
46235,2023,6.3,22.9
46244,2015,8.5,29.3
46244,2016,9.1,27.2
46244,2017,8.3,26.0
46244,2018,8.1,24.9
46244,2019,7.8,25.0
46244,2020,8.1,24.2
46244,2021,8.1,23.8
46244,2022,7.3,24.8
46244,2023,6.8,25.3
46250,2015,16.7,22.8
46250,2016,17.5,21.8
46250,2017,16.4,21.6
46250,2018,16.0,20.8
46250,2019,15.5,20.4
46250,2020,15.9,19.9
46250,2021,15.5,19.3
46250,2022,14.2,20.2
46250,2023,13.0,21.0
47186,2015,17.1,16.5
47186,2016,18.1,15.4
47186,2017,16.5,15.1
47186,2018,15.4,14.9
47186,2019,14.6,15.0
47186,2020,14.8,15.3
47186,2021,14.0,15.1
47186,2022,12.4,16.6
47186,2023,11.6,17.4
48013,2015,15.5,14.8
48013,2016,16.1,14.8
48013,2017,14.7,15.4
48013,2018,12.6,15.3
48013,2019,12.3,15.7
48013,2020,12.9,16.7
48013,2021,12.1,16.4
48013,2022,11.0,17.4
48013,2023,10.2,15.1
48015,2015,13.5,13.3
48015,2016,14.4,12.9
48015,2017,12.9,13.6
48015,2018,11.6,13.2
48015,2019,11.2,14.3
48015,2020,11.1,15.4
48015,2021,10.7,15.3
48015,2022,9.5,16.7
48015,2023,9.1,14.1
48020,2015,24.0,16.3
48020,2016,25.0,15.7
48020,2017,23.4,16.6
48020,2018,21.9,16.5
48020,2019,21.4,17.3
48020,2020,21.5,18.5
48020,2021,20.7,17.8
48020,2022,19.6,18.5
48020,2023,19.0,15.8
48027,2015,25.5,10.5
48027,2016,27.7,9.9
48027,2017,26.1,10.4
48027,2018,23.7,10.3
48027,2019,21.9,10.6
48027,2020,23.1,11.5
48027,2021,22.5,10.8
48027,2022,21.2,11.5
48027,2023,19.3,10.4
48036,2015,22.6,9.4
48036,2016,23.8,9.2
48036,2017,21.9,9.2
48036,2018,19.7,8.7
48036,2019,19.5,8.6
48036,2020,20.3,9.3
48036,2021,19.1,9.2
48036,2022,18.1,9.6
48036,2023,17.1,8.5
48044,2015,39.1,10.9
48044,2016,40.0,11.1
48044,2017,37.8,11.6
48044,2018,35.6,11.3
48044,2019,35.1,11.4
48044,2020,34.9,12.5
48044,2021,33.9,11.8
48044,2022,32.7,11.8
48044,2023,32.0,10.2
48054,2015,26.0,11.9
48054,2016,27.0,11.7
48054,2017,25.0,12.2
48054,2018,22.7,11.7
48054,2019,22.3,11.9
48054,2020,23.1,12.5
48054,2021,21.6,12.3
48054,2022,20.3,12.5
48054,2023,19.5,10.7
48078,2015,17.2,12.4
48078,2016,18.3,12.1
48078,2017,16.5,12.6
48078,2018,14.9,12.3
48078,2019,14.5,13.4
48078,2020,14.8,14.5
48078,2021,14.0,14.4
48078,2022,12.4,15.4
48078,2023,11.9,13.4
48082,2015,15.4,15.1
48082,2016,16.1,14.1
48082,2017,14.4,15.0
48082,2018,13.1,14.4
48082,2019,12.8,14.7
48082,2020,13.1,15.5
48082,2021,12.1,15.5
48082,2022,11.3,16.5
48082,2023,10.7,14.1
48084,2015,10.5,17.9
48084,2016,11.1,17.5
48084,2017,9.6,18.9
48084,2018,8.6,18.6
48084,2019,8.3,19.6
48084,2020,8.4,21.0
48084,2021,7.7,21.3
48084,2022,6.8,22.6
48084,2023,6.0,20.3
49275,2015,12.4,21.5
49275,2016,13.2,20.4
49275,2017,11.7,20.4
49275,2018,11.1,19.9
49275,2019,10.5,20.1
49275,2020,11.2,20.0
49275,2021,10.4,19.0
49275,2022,9.2,20.5
49275,2023,8.3,20.8
50297,2015,16.7,16.2
50297,2016,17.1,17.1
50297,2017,16.1,14.9
50297,2018,15.0,14.8
50297,2019,14.1,15.1
50297,2020,14.2,15.4
50297,2021,13.6,14.5
50297,2022,11.9,15.8
50297,2023,10.9,16.5
51001,2015,18.6,33.1
51001,2016,18.7,34.0
51001,2017,16.8,34.8
51001,2018,16.6,34.6
51001,2019,16.7,34.1
51001,2020,17.7,33.3
51001,2021,17.5,30.5
51001,2022,16.2,32.4
51001,2023,15.4,32.5
52001,2015,17.6,36.8
52001,2016,18.2,36.5
52001,2017,16.6,37.0
52001,2018,16.5,36.0
52001,2019,16.1,35.6
52001,2020,16.8,35.3
52001,2021,16.9,31.9
52001,2022,15.5,33.2
52001,2023,14.5,33.3
