cod_ine,anio,ipr,dqs,dqs_level,local_moran_i,p_value,p_value_fdr,quadrant,cluster_type,cluster_type_raw,is_significant,is_significant_raw,eligible,exclusion_reason,neighbor_count,neighbors,standardized_ipr,spatial_lag,spatial_lag_ipr,calculation_version,calculated_at
01059,2023,43.1436837029894,,,,,,,NS,NS,False,False,False,sin_vecinos_queen,0,[],,,,spatial-ipr-1.0.0,2026-09-15T13:36:55.039733+00:00
02003,2023,57.27097396335584,,,-0.5645557034125601,0.028,0.308,HL,NS,HL,False,True,True,,1,['02037'],0.24329986854764002,-2.3310065341271207,8.640308582449375,spatial-ipr-1.0.0,2026-09-15T13:36:55.039733+00:00
02009,2023,5.400192864030859,,,3.706103580975303,0.036,0.34434782608695647,LL,NS,LL,False,True,True,,2,"['03140', '30043']",-2.5025248667265094,-1.487708065513457,24.570877531340408,spatial-ipr-1.0.0,2026-09-15T13:36:55.039733+00:00
02037,2023,8.640308582449375,,,2.4278939060710307,0.064,0.44,LL,NS,NS,False,False,True,,3,"['02003', '30019', '30022']",-2.3310065341271207,-1.046320610391616,32.9090324654452,spatial-ipr-1.0.0,2026-09-15T13:36:55.039733+00:00
02081,2023,7.07810993249759,,,,,,,NS,NS,False,False,False,sin_vecinos_queen,0,[],,,,spatial-ipr-1.0.0,2026-09-15T13:36:55.039733+00:00
03009,2023,36.17164898746384,,,,,,,NS,NS,False,False,False,sin_vecinos_queen,0,[],,,,spatial-ipr-1.0.0,2026-09-15T13:36:55.039733+00:00
03014,2023,72.4397299903568,,,0.9631714637064717,0.09,0.5351351351351351,HH,NS,NS,False,False,True,,3,"['03050', '03065', '03122']",1.0462711101513271,0.9247789578934269,70.14464802314369,spatial-ipr-1.0.0,2026-09-15T13:36:55.039733+00:00
03031,2023,80.09643201542913,,,,,,,NS,NS,False,False,False,sin_vecinos_queen,0,[],,,,spatial-ipr-1.0.0,2026-09-15T13:36:55.039733+00:00
03047,2023,87.29990356798459,,,,,,,NS,NS,False,False,False,sin_vecinos_queen,0,[],,,,spatial-ipr-1.0.0,2026-09-15T13:36:55.039733+00:00
03050,2023,86.32594021215044,,,2.1150938095120075,0.094,0.5442105263157895,HH,NS,NS,False,False,True,,2,"['03014', '03139']",1.781349678434424,1.1927763525799724,75.20732883317262,spatial-ipr-1.0.0,2026-09-15T13:36:55.039733+00:00
03059,2023,42.352941176470594,,,-0.3347437551558059,0.536,0.874601226993865,LH,NS,NS,False,False,True,,1,['03065'],-0.5463991211287142,0.6154333937409573,64.30086788813887,spatial-ipr-1.0.0,2026-09-15T13:36:55.039733+00:00
03063,2023,87.44455159112826,,,1.9749636161667166,0.124,0.6062222222222222,HH,NS,NS,False,False,True,,2,"['03082', '46181']",1.840564340879451,1.077920326285739,73.03760848601738,spatial-ipr-1.0.0,2026-09-15T13:36:55.039733+00:00
03065,2023,64.30086788813887,,,0.32376777328523404,0.386,0.874601226993865,HH,NS,NS,False,False,True,,3,"['03014', '03059', '03121']",0.6154333937409573,0.5284831279093224,62.658309225329475,spatial-ipr-1.0.0,2026-09-15T13:36:55.039733+00:00
03066,2023,36.25843780135005,,,1.3088257364091351,0.034,0.34,LL,NS,LL,False,True,True,,2,"['03093', '03104']",-0.8690169372085178,-1.5129763912981884,24.09353905496625,spatial-ipr-1.0.0,2026-09-15T13:36:55.039733+00:00
03082,2023,79.672131147541,,,2.618439306811104,0.106,0.5687804878048781,HH,NS,NS,False,False,True,,1,['03063'],1.4291245311321072,1.840564340879451,87.44455159112826,spatial-ipr-1.0.0,2026-09-15T13:36:55.039733+00:00
03093,2023,28.39922854387657,,,1.669316870992131,0.064,0.44,LL,NS,NS,False,False,True,,2,"['03066', '03104']",-1.285050988007631,-1.3049593658986318,28.02314368370299,spatial-ipr-1.0.0,2026-09-15T13:36:55.039733+00:00
03099,2023,68.40887174541948,,,0.5187256249700997,0.35,0.874601226993865,HH,NS,NS,False,False,True,,2,"['03133', '30030']",0.8328941368580394,0.6256428183004452,64.49373191899713,spatial-ipr-1.0.0,2026-09-15T13:36:55.039733+00:00
03104,2023,19.78784956605593,,,1.8664875839813457,0.132,0.631304347826087,LL,NS,NS,False,False,True,,2,"['03066', '03093']",-1.7409017945887457,-1.0770339626080745,32.32883317261331,spatial-ipr-1.0.0,2026-09-15T13:36:55.039733+00:00
03121,2023,73.18225650916105,,,0.6650637593729286,0.526,0.874601226993865,HH,NS,NS,False,False,True,,1,['03065'],1.0855773947053544,0.6154333937409573,64.30086788813887,spatial-ipr-1.0.0,2026-09-15T13:36:55.039733+00:00
03122,2023,59.80713596914176,,,0.3932280730649199,0.306,0.874601226993865,HH,NS,NS,False,False,True,,1,['03014'],0.3775538015048998,1.0462711101513271,72.4397299903568,spatial-ipr-1.0.0,2026-09-15T13:36:55.039733+00:00
03133,2023,82.15043394406945,,,1.2936705739029404,0.418,0.874601226993865,HH,NS,NS,False,False,True,,1,['03099'],1.5603156367215212,0.8328941368580394,68.40887174541948,spatial-ipr-1.0.0,2026-09-15T13:36:55.039733+00:00
03139,2023,77.97492767598844,,,2.374884616608099,0.118,0.59,HH,NS,NS,False,False,True,,1,['03050'],1.3392815950086177,1.781349678434424,86.32594021215044,spatial-ipr-1.0.0,2026-09-15T13:36:55.039733+00:00
03140,2023,31.648987463837997,,,2.4180842552089756,0.002,0.088,LL,NS,LL,False,True,True,,2,"['02009', '30043']",-1.1130221841802677,-2.182459406786578,11.446480231436839,spatial-ipr-1.0.0,2026-09-15T13:36:55.039733+00:00
04013,2023,59.22854387656703,,,0.010157539272142581,0.984,0.998,HH,NS,NS,False,False,True,,1,['04066'],0.3469255278264377,0.029412424026378173,53.230472516875615,spatial-ipr-1.0.0,2026-09-15T13:36:55.039733+00:00
04066,2023,53.230472516875615,,,0.010157539272142581,0.718,0.9183720930232558,HH,NS,NS,False,False,True,,1,['04013'],0.029412424026378173,0.3469255278264377,59.22854387656703,spatial-ipr-1.0.0,2026-09-15T13:36:55.039733+00:00
04079,2023,52.65188042430088,,,0.0006909755425764277,0.644,0.874601226993865,LL,NS,NS,False,False,True,,1,['04902'],-0.0012158496520843197,-0.5709017400714843,41.8900675024108,spatial-ipr-1.0.0,2026-09-15T13:36:55.039733+00:00
04902,2023,41.8900675024108,,,0.0006909755425764276,0.998,0.998,LL,NS,NS,False,False,True,,1,['04079'],-0.5709017400714843,-0.0012158496520843197,52.65188042430088,spatial-ipr-1.0.0,2026-09-15T13:36:55.039733+00:00
05019,2023,38.94889103182257,,,,,,,NS,NS,False,False,False,sin_vecinos_queen,0,[],,,,spatial-ipr-1.0.0,2026-09-15T13:36:55.039733+00:00
06011,2023,17.357762777242044,,,1.9972810556522091,0.348,0.874601226993865,LL,NS,NS,False,False,True,,1,['06083'],-1.8695405440382877,-1.0732054283982666,32.40115718418515,spatial-ipr-1.0.0,2026-09-15T13:36:55.039733+00:00
06015,2023,50.1542912246866,,,0.1371544354762891,0.148,0.6783333333333332,LL,NS,NS,False,False,True,,2,"['06083', '10037']",-0.13342789769744692,-1.032622965774304,33.16779170684667,spatial-ipr-1.0.0,2026-09-15T13:36:55.039733+00:00
06044,2023,36.181292189006754,,,1.2326760864796285,0.24,0.7946268656716418,LL,NS,NS,False,False,True,,1,['06153'],-0.8731007070323127,-1.4182839785089425,25.88235294117647,spatial-ipr-1.0.0,2026-09-15T13:36:55.039733+00:00
06083,2023,32.40115718418515,,,1.0665498618908018,0.08,0.4888888888888889,LL,NS,NS,False,False,True,,3,"['06011', '06015', '10037']",-1.0732054283982666,-0.9983363149620252,33.81549341047894,spatial-ipr-1.0.0,2026-09-15T13:36:55.039733+00:00
06153,2023,25.88235294117647,,,1.2326760864796285,0.424,0.874601226993865,LL,NS,NS,False,False,True,,1,['06044'],-1.4182839785089425,-0.8731007070323127,36.181292189006754,spatial-ipr-1.0.0,2026-09-15T13:36:55.039733+00:00
07011,2023,88.56316297010608,,,2.5655966064428704,0.206,0.7946268656716418,HH,NS,NS,False,False,True,,1,['07040'],1.8997790033244781,1.3566376167597465,78.30279652844746,spatial-ipr-1.0.0,2026-09-15T13:36:55.039733+00:00
07015,2023,84.39729990356798,,,,,,,NS,NS,False,False,False,sin_vecinos_queen,0,[],,,,spatial-ipr-1.0.0,2026-09-15T13:36:55.039733+00:00
07026,2023,69.18032786885246,,,0.7315220785783452,0.4,0.874601226993865,HH,NS,NS,False,False,True,,1,['07054'],0.8737318350959894,0.8410616765056297,68.56316297010608,spatial-ipr-1.0.0,2026-09-15T13:36:55.039733+00:00
07027,2023,73.32690453230472,,,,,,,NS,NS,False,False,False,sin_vecinos_queen,0,[],,,,spatial-ipr-1.0.0,2026-09-15T13:36:55.039733+00:00
07031,2023,77.41562198649953,,,1.7686772202636543,0.214,0.7946268656716418,HH,NS,NS,False,False,True,,1,['07040'],1.309674263786104,1.3566376167597465,78.30279652844746,spatial-ipr-1.0.0,2026-09-15T13:36:55.039733+00:00
07032,2023,72.6711668273867,,,,,,,NS,NS,False,False,False,sin_vecinos_queen,0,[],,,,spatial-ipr-1.0.0,2026-09-15T13:36:55.039733+00:00
07033,2023,77.22275795564127,,,,,,,NS,NS,False,False,False,sin_vecinos_queen,0,[],,,,spatial-ipr-1.0.0,2026-09-15T13:36:55.039733+00:00
07036,2023,60.69431051108969,,,0.5732981409948286,0.214,0.7946268656716418,HH,NS,NS,False,False,True,,1,['07040'],0.42451715447854216,1.3566376167597465,78.30279652844746,spatial-ipr-1.0.0,2026-09-15T13:36:55.039733+00:00
07040,2023,78.30279652844746,,,1.6358573225671176,0.014,0.20533333333333334,HH,NS,HH,False,True,True,,3,"['07011', '07031', '07036']",1.3566376167597465,1.2113234738630414,75.55769848923177,spatial-ipr-1.0.0,2026-09-15T13:36:55.039733+00:00
07054,2023,68.56316297010608,,,0.7315220785783452,0.384,0.874601226993865,HH,NS,NS,False,False,True,,1,['07026'],0.8410616765056297,0.8737318350959894,69.18032786885246,spatial-ipr-1.0.0,2026-09-15T13:36:55.039733+00:00
08015,2023,61.35969141755063,,,0.17247598639932601,0.514,0.874601226993865,HH,NS,NS,False,False,True,,3,"['08125', '08194', '08245']",0.4597396692087735,0.3768731732009337,59.79427836708453,spatial-ipr-1.0.0,2026-09-15T13:36:55.039733+00:00
08019,2023,57.29990356798458,,,0.06937396802187068,0.418,0.874601226993865,HH,NS,NS,False,False,True,,9,"['08077', '08101', '08125', '08169', '08194', '08205', '08211', '08245', '08266']",0.24483128223156309,0.284648038013564,58.052073288331734,spatial-ipr-1.0.0,2026-09-15T13:36:55.039733+00:00
08056,2023,64.03085824493732,,,0.2511323882702393,0.542,0.874601226993865,HH,NS,NS,False,False,True,,2,"['08089', '08270']",0.6011401993576747,0.4196676778127851,60.60270009643202,spatial-ipr-1.0.0,2026-09-15T13:36:55.039733+00:00
08073,2023,61.51398264223723,,,0.1851776296677788,0.366,0.874601226993865,HH,NS,NS,False,False,True,,5,"['08077', '08101', '08169', '08200', '08217']",0.46790720885636383,0.39756427364149527,60.18514946962392,spatial-ipr-1.0.0,2026-09-15T13:36:55.039733+00:00
08077,2023,54.98553519768564,,,0.06932693355626444,0.248,0.8023529411764706,HH,NS,NS,False,False,True,,4,"['08019', '08073', '08101', '08217']",0.12231818751771388,0.5693633654162703,63.430568948891036,spatial-ipr-1.0.0,2026-09-15T13:36:55.039733+00:00
08089,2023,50.97396335583414,,,-0.04797723000407135,0.358,0.874601226993865,LH,NS,NS,False,False,True,,3,"['08056', '08270', '08301']",-0.09003784331962562,0.5352894109489804,62.78688524590163,spatial-ipr-1.0.0,2026-09-15T13:36:55.039733+00:00
08096,2023,46.38379942140792,,,,,,,NS,NS,False,False,False,sin_vecinos_queen,0,[],,,,spatial-ipr-1.0.0,2026-09-15T13:36:55.039733+00:00
08101,2023,67.68563162970108,,,0.244234386717781,0.548,0.874601226993865,HH,NS,NS,False,False,True,,4,"['08019', '08073', '08077', '08169']",0.7946087947599626,0.3087678035353531,58.50771456123434,spatial-ipr-1.0.0,2026-09-15T13:36:55.039733+00:00
08102,2023,41.70684667309548,,,,,,,NS,NS,False,False,False,sin_vecinos_queen,0,[],,,,spatial-ipr-1.0.0,2026-09-15T13:36:55.039733+00:00
08113,2023,42.14079074252652,,,,,,,NS,NS,False,False,False,sin_vecinos_queen,0,[],,,,spatial-ipr-1.0.0,2026-09-15T13:36:55.039733+00:00
08114,2023,40.6268081002893,,,0.7069534885193437,0.346,0.874601226993865,LL,NS,NS,False,False,True,,1,['08196'],-0.6377734709361268,-1.113532655408242,31.639344262295086,spatial-ipr-1.0.0,2026-09-15T13:36:55.039733+00:00
08121,2023,73.14368370298939,,,,,,,NS,NS,False,False,False,sin_vecinos_queen,0,[],,,,spatial-ipr-1.0.0,2026-09-15T13:36:55.039733+00:00
08124,2023,52.81581485053039,,,-0.006819291161475901,0.208,0.7946268656716418,HL,NS,NS,False,False,True,,2,"['08125', '08260']",0.007462161223480091,-0.9180221750940576,35.33269045323047,spatial-ipr-1.0.0,2026-09-15T13:36:55.039733+00:00
08125,2023,36.10414657666345,,,-0.07705462380661428,0.824,0.9453465346534654,LH,NS,NS,False,False,True,,8,"['08015', '08019', '08124', '08180', '08245', '08252', '08260', '08266']",-0.8771844768561078,0.08824423305042414,54.34185149469624,spatial-ipr-1.0.0,2026-09-15T13:36:55.039733+00:00
08163,2023,65.84378013500483,,,,,,,NS,NS,False,False,False,sin_vecinos_queen,0,[],,,,spatial-ipr-1.0.0,2026-09-15T13:36:55.039733+00:00
08169,2023,60.23143683702989,,,0.11814291087414329,0.52,0.874601226993865,HH,NS,NS,False,False,True,,5,"['08019', '08073', '08101', '08200', '08301']",0.40001453553577165,0.29669515899375937,58.27965284474447,spatial-ipr-1.0.0,2026-09-15T13:36:55.039733+00:00
08172,2023,60.59787849566057,,,,,,,NS,NS,False,False,False,sin_vecinos_queen,0,[],,,,spatial-ipr-1.0.0,2026-09-15T13:36:55.039733+00:00
08180,2023,59.66248794599807,,,-0.11416552697295773,0.576,0.874601226993865,HL,NS,NS,False,False,True,,3,"['08125', '08252', '08266']",0.369896733085284,-0.31005094257658006,46.81774349083896,spatial-ipr-1.0.0,2026-09-15T13:36:55.039733+00:00
08184,2023,44.2430086788814,,,0.006890946055692706,0.974,0.998,LL,NS,NS,False,False,True,,2,"['08205', '08279']",-0.4463467604457368,-0.015509044035366973,52.38187078109933,spatial-ipr-1.0.0,2026-09-15T13:36:55.039733+00:00
08187,2023,58.80424300867889,,,-0.07335081439365687,0.614,0.874601226993865,HL,NS,NS,False,False,True,,4,"['08252', '08260', '08266', '08279']",0.32446479379556514,-0.22709936803074454,48.384763741562196,spatial-ipr-1.0.0,2026-09-15T13:36:55.039733+00:00
08194,2023,78.5920925747348,,,0.6102122931586575,0.432,0.874601226993865,HH,NS,NS,False,False,True,,3,"['08015', '08019', '08245']",1.3719517535989767,0.4468077314334229,61.11539697846352,spatial-ipr-1.0.0,2026-09-15T13:36:55.039733+00:00
08196,2023,31.639344262295086,,,0.7069534885193437,0.544,0.874601226993865,LL,NS,NS,False,False,True,,1,['08114'],-1.113532655408242,-0.6377734709361268,40.6268081002893,spatial-ipr-1.0.0,2026-09-15T13:36:55.039733+00:00
08200,2023,50.80038572806173,,,-0.042309972478038464,0.382,0.874601226993865,LH,NS,NS,False,False,True,,4,"['08073', '08169', '08217', '08301']",-0.09922632542316377,0.4283456886883495,60.766634522661526,spatial-ipr-1.0.0,2026-09-15T13:36:55.039733+00:00
08205,2023,50.13500482160078,,,-0.0015794411101996723,0.97,0.998,LH,NS,NS,False,False,True,,4,"['08019', '08184', '08211', '08266']",-0.13444884015339553,0.01180116666126202,52.89778206364514,spatial-ipr-1.0.0,2026-09-15T13:36:55.039733+00:00
08211,2023,55.67984570877532,,,-0.02064318645556854,0.736,0.9359537572254335,HL,NS,NS,False,False,True,,4,"['08019', '08205', '08217', '08263']",0.15907211593186835,-0.13036507032960082,50.212150433944075,spatial-ipr-1.0.0,2026-09-15T13:36:55.039733+00:00
08217,2023,67.22275795564127,,,0.12458706821237965,0.746,0.94,HH,NS,NS,False,False,True,,4,"['08073', '08077', '08200', '08211']",0.7701061758171918,0.16251779672069555,55.74493731918997,spatial-ipr-1.0.0,2026-09-15T13:36:55.039733+00:00
08231,2023,69.5274831243973,,,0.8840390662678732,0.148,0.6783333333333332,HH,NS,NS,False,False,True,,2,"['08270', '08307']",0.8921087993030672,0.9954792229678773,71.48023143683703,spatial-ipr-1.0.0,2026-09-15T13:36:55.039733+00:00
08245,2023,64.68659594985536,,,0.18978388251364858,0.538,0.874601226993865,HH,NS,NS,False,False,True,,4,"['08015', '08019', '08125', '08194']",0.6358522428599322,0.2998345570458014,58.33895853423337,spatial-ipr-1.0.0,2026-09-15T13:36:55.039733+00:00
08252,2023,49.98071359691418,,,0.029871081129101047,0.608,0.874601226993865,LL,NS,NS,False,False,True,,5,"['08125', '08180', '08187', '08260', '08266']",-0.14261637980098582,-0.21040695887598257,48.700096432015435,spatial-ipr-1.0.0,2026-09-15T13:36:55.039733+00:00
08260,2023,34.56123432979749,,,0.16414415386395292,0.648,0.874601226993865,LL,NS,NS,False,False,True,,4,"['08124', '08125', '08187', '08252']",-0.9588598733320074,-0.1719684754095121,49.42622950819673,spatial-ipr-1.0.0,2026-09-15T13:36:55.039733+00:00
08263,2023,26.190935390549665,,,-0.22199729156344009,0.856,0.9453465346534654,LH,NS,NS,False,False,True,,1,['08211'],-1.4019488992137625,0.15907211593186835,55.67984570877532,spatial-ipr-1.0.0,2026-09-15T13:36:55.039733+00:00
08266,2023,54.36837029893925,,,-0.0031986320557386744,0.904,0.9625,HL,NS,NS,False,False,True,,6,"['08019', '08125', '08180', '08187', '08205', '08252']",0.08964802892735343,-0.03584281461634614,51.99774991964,spatial-ipr-1.0.0,2026-09-15T13:36:55.039733+00:00
08270,2023,70.23143683702989,,,0.4327263606234176,0.426,0.874601226993865,HH,NS,NS,False,False,True,,3,"['08056', '08089', '08231']",0.9293731989451958,0.46773705178037206,61.510768241722914,spatial-ipr-1.0.0,2026-09-15T13:36:55.039733+00:00
08279,2023,54.62873674059788,,,-0.006274520957343426,0.918,0.9663157894736842,HL,NS,NS,False,False,True,,2,"['08184', '08187']",0.10343075208266159,-0.060940983325085823,51.523625843780145,spatial-ipr-1.0.0,2026-09-15T13:36:55.039733+00:00
08298,2023,47.8688524590164,,,,,,,NS,NS,False,False,False,sin_vecinos_queen,0,[],,,,spatial-ipr-1.0.0,2026-09-15T13:36:55.039733+00:00
08301,2023,54.0983606557377,,,0.005269624129293092,0.892,0.9572682926829269,HH,NS,NS,False,False,True,,3,"['08089', '08169', '08200']",0.07535483454407078,0.07025012226432739,54.00192864030858,spatial-ipr-1.0.0,2026-09-15T13:36:55.039733+00:00
08305,2023,40.94503375120541,,,,,,,NS,NS,False,False,False,sin_vecinos_queen,0,[],,,,spatial-ipr-1.0.0,2026-09-15T13:36:55.039733+00:00
08307,2023,72.72902603664417,,,0.9427447694140038,0.342,0.874601226993865,HH,NS,NS,False,False,True,,1,['08231'],1.0615852469905587,0.8921087993030672,69.5274831243973,spatial-ipr-1.0.0,2026-09-15T13:36:55.039733+00:00
09018,2023,34.165863066538094,,,,,,,NS,NS,False,False,False,sin_vecinos_queen,0,[],,,,spatial-ipr-1.0.0,2026-09-15T13:36:55.039733+00:00
09059,2023,45.38090646094504,,,,,,,NS,NS,False,False,False,sin_vecinos_queen,0,[],,,,spatial-ipr-1.0.0,2026-09-15T13:36:55.039733+00:00
09219,2023,13.799421407907428,,,,,,,NS,NS,False,False,False,sin_vecinos_queen,0,[],,,,spatial-ipr-1.0.0,2026-09-15T13:36:55.039733+00:00
10037,2023,33.9344262295082,,,0.5957940452145765,0.428,0.874601226993865,LL,NS,NS,False,False,True,,2,"['06015', '06083']",-0.9920405031503415,-0.6033166630478568,41.27772420443588,spatial-ipr-1.0.0,2026-09-15T13:36:55.039733+00:00
10148,2023,24.90838958534233,,,,,,,NS,NS,False,False,False,sin_vecinos_queen,0,[],,,,spatial-ipr-1.0.0,2026-09-15T13:36:55.039733+00:00
11004,2023,55.44840887174542,,,,,,,NS,NS,False,False,False,sin_vecinos_queen,0,[],,,,spatial-ipr-1.0.0,2026-09-15T13:36:55.039733+00:00
11006,2023,40.73288331726133,,,-0.00019857966149589248,0.992,0.998,LH,NS,NS,False,False,True,,2,"['11020', '41053']",-0.632158287428409,0.00031556403183857773,52.68081002892961,spatial-ipr-1.0.0,2026-09-15T13:36:55.039733+00:00
11012,2023,78.37994214079075,,,0.8785712327065143,0.474,0.874601226993865,HH,NS,NS,False,False,True,,1,['11031'],1.3607213865835408,0.6486140235592914,64.92767598842816,spatial-ipr-1.0.0,2026-09-15T13:36:55.039733+00:00
11015,2023,78.36065573770492,,,0.843019928089367,0.334,0.874601226993865,HH,NS,NS,False,False,True,,2,"['11028', '11031']",1.359700444127592,0.6228352265465856,64.44069431051109,spatial-ipr-1.0.0,2026-09-15T13:36:55.039733+00:00
11020,2023,68.69816779170685,,,0.278703946968041,0.476,0.874601226993865,HH,NS,NS,False,False,True,,5,"['11006', '11027', '11028', '11032', '41053']",0.848208273697271,0.33007997730328315,58.910318225650926,spatial-ipr-1.0.0,2026-09-15T13:36:55.039733+00:00
11022,2023,61.44648023143685,,,0.6926640898495708,0.168,0.7542857142857142,HH,NS,NS,False,False,True,,1,['11033'],0.46433391026054355,1.498548618136621,80.98360655737704,spatial-ipr-1.0.0,2026-09-15T13:36:55.039733+00:00
11027,2023,82.41080038572807,,,1.6712427868019493,0.02,0.23157894736842108,HH,NS,HH,False,True,True,,4,"['11020', '11028', '11030', '11032']",1.5740983598768286,1.066562341463309,72.82304725168757,spatial-ipr-1.0.0,2026-09-15T13:36:55.039733+00:00
11028,2023,63.953712632594026,,,0.6583266460893868,0.02,0.23157894736842108,HH,NS,HH,False,True,True,,4,"['11015', '11020', '11027', '11031']",0.5970564295338798,1.1076552753152458,73.599324975892,spatial-ipr-1.0.0,2026-09-15T13:36:55.039733+00:00
11030,2023,87.84956605593058,,,2.3475821274545363,0.068,0.45333333333333337,HH,NS,NS,False,False,True,,2,"['11027', '11032']",1.862004132454375,1.2665394450222693,76.60077145612344,spatial-ipr-1.0.0,2026-09-15T13:36:55.039733+00:00
11031,2023,64.92767598842816,,,0.7139940606304712,0.044,0.3872,HH,NS,HH,False,True,True,,3,"['11012', '11015', '11028']",0.6486140235592914,1.1058260867483374,73.56477017036323,spatial-ipr-1.0.0,2026-09-15T13:36:55.039733+00:00
11032,2023,70.79074252651881,,,1.363298429618512,0.006,0.11,HH,NS,HH,False,True,True,,3,"['11020', '11027', '11030']",0.95898053016771,1.4281035886761582,79.65284474445517,spatial-ipr-1.0.0,2026-09-15T13:36:55.039733+00:00
11033,2023,80.98360655737704,,,0.6926640898495708,0.548,0.874601226993865,HH,NS,NS,False,False,True,,1,['11022'],1.498548618136621,0.46433391026054355,61.44648023143685,spatial-ipr-1.0.0,2026-09-15T13:36:55.039733+00:00
12009,2023,30.048216007714565,,,1.345333496924208,0.016,0.22,LL,NS,LL,False,True,True,,4,"['12032', '12040', '12084', '12135']",-1.1977604080240134,-1.1283363210194988,31.359691417550632,spatial-ipr-1.0.0,2026-09-15T13:36:55.039733+00:00
12027,2023,49.35390549662488,,,0.09829865869149833,0.672,0.8906024096385543,LL,NS,NS,False,False,True,,1,['12138'],-0.17579700961932002,-0.5617132579679458,42.06364513018322,spatial-ipr-1.0.0,2026-09-15T13:36:55.039733+00:00
12032,2023,36.856316297010615,,,1.273924151427912,0.032,0.3352380952380952,LL,NS,LL,False,True,True,,2,"['12009', '12135']",-0.8373677210741064,-1.5282905281374197,23.804243008678885,spatial-ipr-1.0.0,2026-09-15T13:36:55.039733+00:00
12040,2023,45.08196721311476,,,0.5227384356474012,0.074,0.46514285714285714,LL,NS,NS,False,False,True,,2,"['12009', '12084']",-0.4019357636119669,-1.3064907795825547,27.994214079074258,spatial-ipr-1.0.0,2026-09-15T13:36:55.039733+00:00
12084,2023,25.94021215043395,,,1.6241060423678022,0.052,0.40857142857142853,LL,NS,NS,False,False,True,,3,"['12009', '12040', '12135']",-1.415221151141096,-1.1528389399622685,30.896817743490843,spatial-ipr-1.0.0,2026-09-15T13:36:55.039733+00:00
12126,2023,12.391513982642238,,,0.355833839446828,0.86,0.9453465346534654,LL,NS,NS,False,False,True,,1,['46220'],-2.1324332264450896,-0.1676294699717301,49.50819672131148,spatial-ipr-1.0.0,2026-09-15T13:36:55.039733+00:00
12135,2023,17.560270009643205,,,2.1281426157380916,0.048,0.39111111111111113,LL,NS,LL,False,True,True,,3,"['12009', '12032', '12084']",-1.8588206482508258,-1.1501164267464052,30.94824815171971,spatial-ipr-1.0.0,2026-09-15T13:36:55.039733+00:00
12138,2023,42.06364513018322,,,0.09829865869149833,0.852,0.9453465346534654,LL,NS,NS,False,False,True,,1,['12027'],-0.5617132579679458,-0.17579700961932002,49.35390549662488,spatial-ipr-1.0.0,2026-09-15T13:36:55.039733+00:00
13005,2023,13.3847637415622,,,,,,,NS,NS,False,False,False,sin_vecinos_queen,0,[],,,,spatial-ipr-1.0.0,2026-09-15T13:36:55.039733+00:00
13034,2023,20.37608486017358,,,,,,,NS,NS,False,False,False,sin_vecinos_queen,0,[],,,,spatial-ipr-1.0.0,2026-09-15T13:36:55.039733+00:00
13071,2023,15.882352941176473,,,,,,,NS,NS,False,False,False,sin_vecinos_queen,0,[],,,,spatial-ipr-1.0.0,2026-09-15T13:36:55.039733+00:00
13082,2023,5.361620057859209,,,,,,,NS,NS,False,False,False,sin_vecinos_queen,0,[],,,,spatial-ipr-1.0.0,2026-09-15T13:36:55.039733+00:00
13087,2023,9.1321118611379,,,,,,,NS,NS,False,False,False,sin_vecinos_queen,0,[],,,,spatial-ipr-1.0.0,2026-09-15T13:36:55.039733+00:00
14021,2023,49.02603664416587,,,,,,,NS,NS,False,False,False,sin_vecinos_queen,0,[],,,,spatial-ipr-1.0.0,2026-09-15T13:36:55.039733+00:00
14038,2023,38.09064609450338,,,,,,,NS,NS,False,False,False,sin_vecinos_queen,0,[],,,,spatial-ipr-1.0.0,2026-09-15T13:36:55.039733+00:00
14056,2023,18.70781099324976,,,,,,,NS,NS,False,False,False,sin_vecinos_queen,0,[],,,,spatial-ipr-1.0.0,2026-09-15T13:36:55.039733+00:00
15002,2023,49.93249758919962,,,-0.05824825748064206,0.632,0.874601226993865,LH,NS,NS,False,False,True,,1,['15078'],-0.1451687359408575,0.4030773629036178,60.28929604628736,spatial-ipr-1.0.0,2026-09-15T13:36:55.039733+00:00
15005,2023,31.513982642237224,,,-0.6925170496405455,0.348,0.874601226993865,LH,NS,NS,False,False,True,,2,"['15030', '15031']",-1.120168781371909,0.6210485772486753,64.4069431051109,spatial-ipr-1.0.0,2026-09-15T13:36:55.039733+00:00
15019,2023,35.5062680810029,,,,,,,NS,NS,False,False,False,sin_vecinos_queen,0,[],,,,spatial-ipr-1.0.0,2026-09-15T13:36:55.039733+00:00
15030,2023,75.23625843780135,,,-0.7630906552565065,0.292,0.874601226993865,HL,NS,NS,False,False,True,,3,"['15005', '15031', '15058']",1.1943077662638955,-0.6418572407599219,40.549662487945994,spatial-ipr-1.0.0,2026-09-15T13:36:55.039733+00:00
15031,2023,53.57762777242045,,,-0.01235375108532679,0.642,0.874601226993865,HL,NS,NS,False,False,True,,3,"['15005', '15030', '15058']",0.047789388233455216,-0.25968444808310853,47.76920604307296,spatial-ipr-1.0.0,2026-09-15T13:36:55.039733+00:00
15036,2023,35.110896817743495,,,1.7487545426402045,0.074,0.46514285714285714,LL,NS,NS,False,False,True,,1,['15054'],-0.929763013337468,-1.8894489219292883,16.981677917068467,spatial-ipr-1.0.0,2026-09-15T13:36:55.039733+00:00
15054,2023,16.981677917068467,,,1.7487545426402045,0.396,0.874601226993865,LL,NS,NS,False,False,True,,1,['15036'],-1.8894489219292883,-0.929763013337468,35.110896817743495,spatial-ipr-1.0.0,2026-09-15T13:36:55.039733+00:00
15058,2023,36.55737704918033,,,-0.5274653644866378,0.352,0.874601226993865,LH,NS,NS,False,False,True,,2,"['15030', '15031']",-0.8531923291413122,0.6210485772486753,64.4069431051109,spatial-ipr-1.0.0,2026-09-15T13:36:55.039733+00:00
15073,2023,50.009643201542914,,,,,,,NS,NS,False,False,False,sin_vecinos_queen,0,[],,,,spatial-ipr-1.0.0,2026-09-15T13:36:55.039733+00:00
15078,2023,60.28929604628736,,,-0.05824825748064206,0.91,0.9625,HL,NS,NS,False,False,True,,1,['15002'],0.4030773629036178,-0.1451687359408575,49.93249758919962,spatial-ipr-1.0.0,2026-09-15T13:36:55.039733+00:00
16078,2023,26.67309546769528,,,,,,,NS,NS,False,False,False,sin_vecinos_queen,0,[],,,,spatial-ipr-1.0.0,2026-09-15T13:36:55.039733+00:00
17023,2023,74.09836065573771,,,1.257222476921712,0.238,0.7946268656716418,HH,NS,NS,False,False,True,,1,['17095'],1.1340721613629194,1.1136533122439445,73.71263259402122,spatial-ipr-1.0.0,2026-09-15T13:36:55.039733+00:00
17066,2023,37.01060752169721,,,,,,,NS,NS,False,False,False,sin_vecinos_queen,0,[],,,,spatial-ipr-1.0.0,2026-09-15T13:36:55.039733+00:00
17079,2023,44.23336547733848,,,0.8302579333363327,0.116,0.59,LL,NS,NS,False,False,True,,1,['17155'],-0.44685723167371166,-1.8664777166704412,17.41562198649952,spatial-ipr-1.0.0,2026-09-15T13:36:55.039733+00:00
17095,2023,73.71263259402122,,,1.2572224769217122,0.234,0.7946268656716418,HH,NS,NS,False,False,True,,1,['17023'],1.1136533122439445,1.1340721613629194,74.09836065573771,spatial-ipr-1.0.0,2026-09-15T13:36:55.039733+00:00
17114,2023,32.57473481195757,,,,,,,NS,NS,False,False,False,sin_vecinos_queen,0,[],,,,spatial-ipr-1.0.0,2026-09-15T13:36:55.039733+00:00
17155,2023,17.41562198649952,,,0.8302579333363326,0.714,0.9183720930232558,LL,NS,NS,False,False,True,,1,['17079'],-1.8664777166704412,-0.44685723167371166,44.23336547733848,spatial-ipr-1.0.0,2026-09-15T13:36:55.039733+00:00
18017,2023,71.80327868852459,,,,,,,NS,NS,False,False,False,sin_vecinos_queen,0,[],,,,spatial-ipr-1.0.0,2026-09-15T13:36:55.039733+00:00
18087,2023,67.25168756027003,,,,,,,NS,NS,False,False,False,sin_vecinos_queen,0,[],,,,spatial-ipr-1.0.0,2026-09-15T13:36:55.039733+00:00
18140,2023,58.910318225650926,,,,,,,NS,NS,False,False,False,sin_vecinos_queen,0,[],,,,spatial-ipr-1.0.0,2026-09-15T13:36:55.039733+00:00
19046,2023,41.85149469623915,,,-0.3737149350479569,0.462,0.874601226993865,LH,NS,NS,False,False,True,,1,['28005'],-0.5729436249833819,0.6552501495229583,65.05303760848602,spatial-ipr-1.0.0,2026-09-15T13:36:55.039733+00:00
19130,2023,41.060752169720345,,,,,,,NS,NS,False,False,False,sin_vecinos_queen,0,[],,,,spatial-ipr-1.0.0,2026-09-15T13:36:55.039733+00:00
20030,2023,44.70588235294118,,,,,,,NS,NS,False,False,False,sin_vecinos_queen,0,[],,,,spatial-ipr-1.0.0,2026-09-15T13:36:55.039733+00:00
20045,2023,62.0443587270974,,,,,,,NS,NS,False,False,False,sin_vecinos_queen,0,[],,,,spatial-ipr-1.0.0,2026-09-15T13:36:55.039733+00:00
20067,2023,55.94985535197685,,,0.18038643731729276,0.286,0.8738888888888887,HH,NS,NS,False,False,True,,1,['20069'],0.17336531031515023,1.045250167695379,72.42044358727098,spatial-ipr-1.0.0,2026-09-15T13:36:55.039733+00:00
20069,2023,72.42044358727098,,,0.18038643731729276,0.818,0.9453465346534654,HH,NS,NS,False,False,True,,1,['20067'],1.045250167695379,0.17336531031515023,55.94985535197685,spatial-ipr-1.0.0,2026-09-15T13:36:55.039733+00:00
21041,2023,62.65188042430088,,,,,,,NS,NS,False,False,False,sin_vecinos_queen,0,[],,,,spatial-ipr-1.0.0,2026-09-15T13:36:55.039733+00:00
21044,2023,45.54484088717455,,,,,,,NS,NS,False,False,False,sin_vecinos_queen,0,[],,,,spatial-ipr-1.0.0,2026-09-15T13:36:55.039733+00:00
22125,2023,37.90742526518804,,,,,,,NS,NS,False,False,False,sin_vecinos_queen,0,[],,,,spatial-ipr-1.0.0,2026-09-15T13:36:55.039733+00:00
23005,2023,25.689488910318225,,,,,,,NS,NS,False,False,False,sin_vecinos_queen,0,[],,,,spatial-ipr-1.0.0,2026-09-15T13:36:55.039733+00:00
23050,2023,28.736740597878494,,,,,,,NS,NS,False,False,False,sin_vecinos_queen,0,[],,,,spatial-ipr-1.0.0,2026-09-15T13:36:55.039733+00:00
23055,2023,14.734811957569914,,,,,,,NS,NS,False,False,False,sin_vecinos_queen,0,[],,,,spatial-ipr-1.0.0,2026-09-15T13:36:55.039733+00:00
23092,2023,44.42622950819673,,,,,,,NS,NS,False,False,False,sin_vecinos_queen,0,[],,,,spatial-ipr-1.0.0,2026-09-15T13:36:55.039733+00:00
24089,2023,41.58148505303761,,,0.9400894367775732,0.192,0.7946268656716418,LL,NS,NS,False,False,True,,1,['24142'],-0.5872368193666642,-1.6081792753154092,22.295081967213115,spatial-ipr-1.0.0,2026-09-15T13:36:55.039733+00:00
24115,2023,22.931533269045325,,,,,,,NS,NS,False,False,False,sin_vecinos_queen,0,[],,,,spatial-ipr-1.0.0,2026-09-15T13:36:55.039733+00:00
24142,2023,22.295081967213115,,,0.9400894367775732,0.606,0.874601226993865,LL,NS,NS,False,False,True,,1,['24089'],-1.6081792753154092,-0.5872368193666642,41.58148505303761,spatial-ipr-1.0.0,2026-09-15T13:36:55.039733+00:00
25120,2023,30.49180327868853,,,,,,,NS,NS,False,False,False,sin_vecinos_queen,0,[],,,,spatial-ipr-1.0.0,2026-09-15T13:36:55.039733+00:00
26089,2023,52.0443587270974,,,,,,,NS,NS,False,False,False,sin_vecinos_queen,0,[],,,,spatial-ipr-1.0.0,2026-09-15T13:36:55.039733+00:00
27028,2023,48.8138862102218,,,,,,,NS,NS,False,False,False,sin_vecinos_queen,0,[],,,,spatial-ipr-1.0.0,2026-09-15T13:36:55.039733+00:00
28005,2023,65.05303760848602,,,-0.2478538036934181,0.516,0.874601226993865,HL,NS,NS,False,False,True,,3,"['19046', '28130', '28148']",0.6552501495229583,-0.3799855008090688,45.496624879459986,spatial-ipr-1.0.0,2026-09-15T13:36:55.039733+00:00
28006,2023,59.73963355834138,,,0.24346181693920632,0.35,0.874601226993865,HH,NS,NS,False,False,True,,2,"['28079', '28134']",0.3739805029090795,0.6539739714530222,65.02892960462873,spatial-ipr-1.0.0,2026-09-15T13:36:55.039733+00:00
28007,2023,65.14946962391514,,,-0.12251161946135292,0.602,0.874601226993865,HL,NS,NS,False,False,True,,7,"['28022', '28058', '28074', '28079', '28092', '28115', '28181']",0.6603548618027016,-0.1863710564845033,49.15415346466455,spatial-ipr-1.0.0,2026-09-15T13:36:55.039733+00:00
28013,2023,49.82642237222758,,,-0.03445018796852757,0.796,0.9453465346534654,LH,NS,NS,False,False,True,,1,['45168'],-0.15078391944857575,0.22951714539233184,57.01060752169721,spatial-ipr-1.0.0,2026-09-15T13:36:55.039733+00:00
28014,2023,40.60752169720348,,,0.3682248289385563,0.64,0.874601226993865,LL,NS,NS,False,False,True,,1,['28123'],-0.6387944133920754,-0.5790692797190743,41.735776277724206,spatial-ipr-1.0.0,2026-09-15T13:36:55.039733+00:00
28022,2023,44.89874638379943,,,-0.050226133261358205,0.852,0.9453465346534654,LH,NS,NS,False,False,True,,4,"['28007', '28080', '28115', '28181']",-0.4116347169434799,0.12257342313170062,54.990356798457086,spatial-ipr-1.0.0,2026-09-15T13:36:55.039733+00:00
28045,2023,53.828351012536174,,,0.019587839382742132,0.598,0.874601226993865,HH,NS,NS,False,False,True,,3,"['28079', '28134', '28903']",0.061061640160789264,0.32225275180767576,58.76245580199293,spatial-ipr-1.0.0,2026-09-15T13:36:55.039733+00:00
28047,2023,50.98360655737705,,,0.06625578256950178,0.542,0.874601226993865,LL,NS,NS,False,False,True,,1,['28061'],-0.08952737209165114,-0.743441015126822,38.630665380906464,spatial-ipr-1.0.0,2026-09-15T13:36:55.039733+00:00
28049,2023,61.31147540983608,,,-0.025527760100949256,0.944,0.984265402843602,HL,NS,NS,False,False,True,,2,"['28079', '28130']",0.4571873130689022,-0.05609150665932988,51.615236258437804,spatial-ipr-1.0.0,2026-09-15T13:36:55.039733+00:00
28058,2023,37.32883317261331,,,0.20483698943018883,0.498,0.874601226993865,LL,NS,NS,False,False,True,,6,"['28007', '28065', '28074', '28092', '28106', '28113']",-0.8123546309033625,-0.25330355773342883,47.88974606235937,spatial-ipr-1.0.0,2026-09-15T13:36:55.039733+00:00
28061,2023,38.630665380906464,,,0.3675355112606445,0.52,0.874601226993865,LL,NS,NS,False,False,True,,2,"['28047', '28127']",-0.743441015126822,-0.49662817640121315,43.29315332690453,spatial-ipr-1.0.0,2026-09-15T13:36:55.039733+00:00
28065,2023,49.59498553519769,,,0.059979358971602954,0.408,0.874601226993865,LL,NS,NS,False,False,True,,5,"['28058', '28074', '28079', '28113', '28123']",-0.1630352289199608,-0.3695718877583918,45.693346190935394,spatial-ipr-1.0.0,2026-09-15T13:36:55.039733+00:00
28074,2023,44.60945033751207,,,-0.05963387413728195,0.822,0.9453465346534654,LH,NS,NS,False,False,True,,4,"['28007', '28058', '28065', '28079']",-0.4269488537827104,0.14031229830380987,55.32545805207329,spatial-ipr-1.0.0,2026-09-15T13:36:55.039733+00:00
28079,2023,69.22854387656702,,,-0.07532035786901918,0.704,0.9110588235294118,HL,NS,NS,False,False,True,,13,"['28006', '28007', '28045', '28049', '28065', '28074', '28080', '28115', '28123', '28127', '28130', '28134', '28903']",0.8762841912358611,-0.08634674367119528,51.04369112083675,spatial-ipr-1.0.0,2026-09-15T13:36:55.039733+00:00
28080,2023,54.513018322082935,,,-0.00582874585818001,0.864,0.9453465346534654,HL,NS,NS,False,False,True,,4,"['28022', '28079', '28115', '28127']",0.09730509734696924,-0.06017527648312476,51.5380906460945,spatial-ipr-1.0.0,2026-09-15T13:36:55.039733+00:00
28092,2023,47.7145612343298,,,0.09168317402930223,0.468,0.874601226993865,LL,NS,NS,False,False,True,,4,"['28007', '28058', '28096', '28181']",-0.26257711837496334,-0.350761023007536,46.04869816779171,spatial-ipr-1.0.0,2026-09-15T13:36:55.039733+00:00
28096,2023,37.83992285438767,,,0.2846755354438533,0.622,0.874601226993865,LL,NS,NS,False,False,True,,2,"['28092', '28181']",-0.7852996558207199,-0.36416089274186325,45.79556412729026,spatial-ipr-1.0.0,2026-09-15T13:36:55.039733+00:00
28106,2023,44.70588235294118,,,0.360743357594837,0.254,0.8098550724637681,LL,NS,NS,False,False,True,,2,"['28058', '28113']",-0.4218441415029674,-0.8590627482630175,36.44648023143684,spatial-ipr-1.0.0,2026-09-15T13:36:55.039733+00:00
28113,2023,35.564127290260366,,,0.4247732311345106,0.324,0.874601226993865,LL,NS,NS,False,False,True,,4,"['28058', '28065', '28106', '28161']",-0.9057708656226727,-0.47110461500249445,43.77531340405015,spatial-ipr-1.0.0,2026-09-15T13:36:55.039733+00:00
28115,2023,56.42237222757956,,,0.060344402360007925,0.526,0.874601226993865,HH,NS,NS,False,False,True,,4,"['28007', '28022', '28079', '28080']",0.19837840048589486,0.30557735836051303,58.447444551591126,spatial-ipr-1.0.0,2026-09-15T13:36:55.039733+00:00
28123,2023,41.735776277724206,,,0.1317177117987393,0.596,0.874601226993865,LL,NS,NS,False,False,True,,4,"['28014', '28065', '28079', '28130']",-0.5790692797190743,-0.228503163907674,48.35824493731919,spatial-ipr-1.0.0,2026-09-15T13:36:55.039733+00:00
28127,2023,35.60270009643202,,,-0.06901541597518292,0.91,0.9625,LH,NS,NS,False,False,True,,3,"['28061', '28079', '28080']",-0.9037289807107751,0.07671609115200273,54.12407585985214,spatial-ipr-1.0.0,2026-09-15T13:36:55.039733+00:00
28130,2023,34.001928640308584,,,-0.36035233996434396,0.42,0.874601226993865,LH,NS,NS,False,False,True,,5,"['28005', '28049', '28079', '28123', '28148']",-0.9884672045545209,0.3662213402438687,59.59305689488911,spatial-ipr-1.0.0,2026-09-15T13:36:55.039733+00:00
28134,2023,60.829315332690456,,,0.1878263604296062,0.47,0.874601226993865,HH,NS,NS,False,False,True,,3,"['28006', '28045', '28079']",0.4316637516701831,0.43710877810190996,60.93217614914819,spatial-ipr-1.0.0,2026-09-15T13:36:55.039733+00:00
28148,2023,60.636451301832224,,,-0.06989871265118086,0.812,0.9453465346534654,HL,NS,NS,False,False,True,,2,"['28005', '28130']",0.42145432711069636,-0.16660852751578126,49.52748312439731,spatial-ipr-1.0.0,2026-09-15T13:36:55.039733+00:00
28161,2023,43.47155255544841,,,0.43927168209229184,0.404,0.874601226993865,LL,NS,NS,False,False,True,,1,['28113'],-0.48718445868368715,-0.9057708656226727,35.564127290260366,spatial-ipr-1.0.0,2026-09-15T13:36:55.039733+00:00
28181,2023,43.87656702025073,,,0.09262777669008827,0.642,0.874601226993865,LL,NS,NS,False,False,True,,4,"['28007', '28022', '28092', '28096']",-0.4657446671087632,-0.1997891573341154,48.90067502410801,spatial-ipr-1.0.0,2026-09-15T13:36:55.039733+00:00
28903,2023,46.22950819672131,,,-0.15917951852232554,0.504,0.874601226993865,LH,NS,NS,False,False,True,,2,"['28045', '28079']",-0.3411896874830168,0.4686729156983252,61.528447444551595,spatial-ipr-1.0.0,2026-09-15T13:36:55.039733+00:00
29007,2023,64.64802314368372,,,1.183891667801358,0.002,0.088,HH,NS,HH,False,True,True,,4,"['29025', '29067', '29070', '29901']",0.6338103579480351,1.8764249446446508,88.12198649951785,spatial-ipr-1.0.0,2026-09-15T13:36:55.039733+00:00
29015,2023,35.37126325940213,,,,,,,NS,NS,False,False,False,sin_vecinos_queen,0,[],,,,spatial-ipr-1.0.0,2026-09-15T13:36:55.039733+00:00
29025,2023,88.88138862102218,,,2.534292670533179,0.004,0.088,HH,NS,HH,False,True,True,,4,"['29007', '29054', '29070', '29901']",1.9166245538476323,1.3283064636071684,77.76759884281583,spatial-ipr-1.0.0,2026-09-15T13:36:55.039733+00:00
29051,2023,84.08871745419479,,,2.7375242774679602,0.11,0.5761904761904763,HH,NS,NS,False,False,True,,1,['29069'],1.662920353544369,1.6537318714408313,83.91513982642239,spatial-ipr-1.0.0,2026-09-15T13:36:55.039733+00:00
29054,2023,73.17261330761814,,,1.9089348927985474,0.004,0.088,HH,NS,HH,False,True,True,,2,"['29025', '29070']",1.08506692347738,1.7673117196651287,86.06075216972036,spatial-ipr-1.0.0,2026-09-15T13:36:55.039733+00:00
29067,2023,90.35679845708776,,,2.9465504497595316,0.004,0.088,HH,NS,HH,False,True,True,,3,"['29007', '29082', '29901']",1.9947266517277118,1.4839151096013563,80.7071681131469,spatial-ipr-1.0.0,2026-09-15T13:36:55.039733+00:00
29069,2023,83.91513982642239,,,2.700549082252982,0.008,0.13538461538461538,HH,NS,HH,False,True,True,,2,"['29051', '29070']",1.6537318714408313,1.6404596195134968,83.66441658630666,spatial-ipr-1.0.0,2026-09-15T13:36:55.039733+00:00
29070,2023,83.24011571841852,,,2.12976858989991,0.004,0.088,HH,NS,HH,False,True,True,,4,"['29007', '29025', '29054', '29069']",1.6179988854826248,1.3223084266784697,77.6542912246866,spatial-ipr-1.0.0,2026-09-15T13:36:55.039733+00:00
29082,2023,87.46383799421409,,,3.4331047328398503,0.004,0.088,HH,NS,HH,False,True,True,,2,"['29067', '29094']",1.8415852833354,1.8727240282418363,88.05207328833173,spatial-ipr-1.0.0,2026-09-15T13:36:55.039733+00:00
29084,2023,45.42912246865959,,,,,,,NS,NS,False,False,False,sin_vecinos_queen,0,[],,,,spatial-ipr-1.0.0,2026-09-15T13:36:55.039733+00:00
29094,2023,85.74734811957569,,,3.20944776160877,0.06,0.44,HH,NS,NS,False,False,True,,1,['29082'],1.7507214047559607,1.8415852833354,87.46383799421409,spatial-ipr-1.0.0,2026-09-15T13:36:55.039733+00:00
29901,2023,90.00964320154291,,,2.9806658655155296,0.002,0.088,HH,NS,HH,False,True,True,,3,"['29007', '29025', '29067']",1.976349687520634,1.515053854507793,81.29540340726456,spatial-ipr-1.0.0,2026-09-15T13:36:55.039733+00:00
30003,2023,58.47637415621987,,,-0.464487003840633,0.212,0.7946268656716418,HL,NS,NS,False,False,True,,1,['30024'],0.3071087720444363,-1.5193572816478682,23.972999035679848,spatial-ipr-1.0.0,2026-09-15T13:36:55.039733+00:00
30005,2023,17.396335583413695,,,0.5744898694421285,0.78,0.9453465346534654,LL,NS,NS,False,False,True,,1,['30030'],-1.8674986591263902,-0.3090300001206308,46.83702989392479,spatial-ipr-1.0.0,2026-09-15T13:36:55.039733+00:00
30015,2023,22.69045323047252,,,2.4006379597089595,0.2,0.7946268656716418,LL,NS,NS,False,False,True,,1,['30024'],-1.5872499549684596,-1.5193572816478682,23.972999035679848,spatial-ipr-1.0.0,2026-09-15T13:36:55.039733+00:00
30016,2023,56.58630665380908,,,0.046307431775308786,0.69,0.9089820359281436,HH,NS,NS,False,False,True,,4,"['30026', '30030', '30035', '30037']",0.20705641136146002,0.22466766872657534,56.918997107039544,spatial-ipr-1.0.0,2026-09-15T13:36:55.039733+00:00
30019,2023,16.268081002892963,,,3.6316943843135006,0.006,0.11,LL,NS,LL,False,True,True,,2,"['02037', '30022']",-1.9272237927993916,-1.893022220525109,16.914175506268084,spatial-ipr-1.0.0,2026-09-15T13:36:55.039733+00:00
30022,2023,25.188042430086792,,,2.9550865648330573,0.002,0.088,LL,NS,LL,False,True,True,,3,"['02037', '30019', '30043']",-1.4550379069230972,-2.0402080912577194,14.13371906139505,spatial-ipr-1.0.0,2026-09-15T13:36:55.039733+00:00
30024,2023,23.972999035679848,,,1.207028907257418,0.102,0.5609999999999999,LL,NS,NS,False,False,True,,4,"['30003', '30015', '30026', '30039']",-1.5193572816478682,-0.79806143652008,37.598842815814855,spatial-ipr-1.0.0,2026-09-15T13:36:55.039733+00:00
30026,2023,58.98746383799421,,,-0.39457986936672595,0.048,0.39111111111111113,HL,NS,HL,False,True,True,,3,"['30016', '30024', '30039']",0.33416374712707775,-1.1861897268565942,30.266795242687245,spatial-ipr-1.0.0,2026-09-15T13:36:55.039733+00:00
30027,2023,29.701060752169724,,,0.3741146462314264,0.788,0.9453465346534654,LL,NS,NS,False,False,True,,1,['30030'],-1.2161373722310909,-0.3090300001206308,46.83702989392479,spatial-ipr-1.0.0,2026-09-15T13:36:55.039733+00:00
30030,2023,46.83702989392479,,,0.05999455362760635,0.622,0.874601226993865,LL,NS,NS,False,False,True,,6,"['03099', '30005', '30016', '30027', '30035', '30037']",-0.3090300001206308,-0.19502475920635454,48.99067823850852,spatial-ipr-1.0.0,2026-09-15T13:36:55.039733+00:00
30035,2023,68.87174541947928,,,-0.024419592671861383,0.994,0.998,HL,NS,NS,False,False,True,,3,"['30016', '30030', '30037']",0.8573967558008103,-0.028611138886708895,52.13436194149792,spatial-ipr-1.0.0,2026-09-15T13:36:55.039733+00:00
30037,2023,52.97974927675989,,,0.004045746247395283,0.662,0.8826666666666667,HH,NS,NS,False,False,True,,3,"['30016', '30030', '30035']",0.016140172099044125,0.25180772234721316,57.43169398907105,spatial-ipr-1.0.0,2026-09-15T13:36:55.039733+00:00
30039,2023,10.241080038572807,,,1.32508074207761,0.432,0.874601226993865,LL,NS,NS,False,False,True,,2,"['30024', '30026']",-2.2462683102833743,-0.5925967672603952,41.48023143683703,spatial-ipr-1.0.0,2026-09-15T13:36:55.039733+00:00
30043,2023,17.492767598842818,,,3.133500688489469,0.004,0.088,LL,NS,LL,False,True,True,,3,"['02009', '03140', '30022']",-1.8623939468466464,-1.6901949859432914,20.74574091931855,spatial-ipr-1.0.0,2026-09-15T13:36:55.039733+00:00
31201,2023,65.72806171648988,,,,,,,NS,NS,False,False,False,sin_vecinos_queen,0,[],,,,spatial-ipr-1.0.0,2026-09-15T13:36:55.039733+00:00
31232,2023,37.0106075216972,,,,,,,NS,NS,False,False,False,sin_vecinos_queen,0,[],,,,spatial-ipr-1.0.0,2026-09-15T13:36:55.039733+00:00
32054,2023,39.90356798457088,,,,,,,NS,NS,False,False,False,sin_vecinos_queen,0,[],,,,spatial-ipr-1.0.0,2026-09-15T13:36:55.039733+00:00
33004,2023,35.10125361620058,,,,,,,NS,NS,False,False,False,sin_vecinos_queen,0,[],,,,spatial-ipr-1.0.0,2026-09-15T13:36:55.039733+00:00
33024,2023,60.81967213114755,,,-0.11444911800019801,0.818,0.9453465346534654,HL,NS,NS,False,False,True,,1,['33066'],0.43115328044220896,-0.2666608881987581,47.637415621986506,spatial-ipr-1.0.0,2026-09-15T13:36:55.039733+00:00
33031,2023,13.519768563162971,,,1.2116379146574119,0.316,0.874601226993865,LL,NS,NS,False,False,True,,3,"['33037', '33044', '33066']",-2.072708092772088,-0.5872368193666643,41.58148505303761,spatial-ipr-1.0.0,2026-09-15T13:36:55.039733+00:00
33037,2023,18.727097396335584,,,1.5837931227227904,0.234,0.7946268656716418,LL,NS,NS,False,False,True,,2,"['33031', '33044']",-1.7970536296659267,-0.8853520165036978,35.94985535197686,spatial-ipr-1.0.0,2026-09-15T13:36:55.039733+00:00
33044,2023,58.37994214079074,,,-0.4145127216180835,0.02,0.23157894736842108,HL,NS,HL,False,True,True,,3,"['33031', '33037', '33066']",0.3020040597646922,-1.3788075368789243,26.62809386049502,spatial-ipr-1.0.0,2026-09-15T13:36:55.039733+00:00
33066,2023,47.637415621986506,,,0.1185273769229244,0.458,0.874601226993865,LL,NS,NS,False,False,True,,3,"['33024', '33031', '33044']",-0.2666608881987581,-0.44651691752172884,44.239794278367086,spatial-ipr-1.0.0,2026-09-15T13:36:55.039733+00:00
34120,2023,20.20250723240116,,,,,,,NS,NS,False,False,False,sin_vecinos_queen,0,[],,,,spatial-ipr-1.0.0,2026-09-15T13:36:55.039733+00:00
35002,2023,49.31533269045323,,,0.02708495704664891,0.794,0.9453465346534654,LL,NS,NS,False,False,True,,3,"['35011', '35019', '35022']",-0.17783889453121757,-0.15299596143646454,49.78463516554163,spatial-ipr-1.0.0,2026-09-15T13:36:55.039733+00:00
35004,2023,51.02217936354871,,,,,,,NS,NS,False,False,False,sin_vecinos_queen,0,[],,,,spatial-ipr-1.0.0,2026-09-15T13:36:55.039733+00:00
35006,2023,45.30376084860174,,,-0.156960393973603,0.648,0.874601226993865,LH,NS,NS,False,False,True,,1,['35016'],-0.3901949253685563,0.40409830535956714,60.3085824493732,spatial-ipr-1.0.0,2026-09-15T13:36:55.039733+00:00
35011,2023,36.5284474445516,,,0.03664944056513188,0.95,0.9858490566037735,LL,NS,NS,False,False,True,,2,"['35002', '35026']",-0.8547237428252349,-0.043074490345983284,51.861137897782065,spatial-ipr-1.0.0,2026-09-15T13:36:55.039733+00:00
35014,2023,70.74252651880424,,,0.010506649117782804,0.998,0.998,HH,NS,NS,False,False,True,,1,['35017'],0.9564281740278376,0.0110354598193,52.88331726133076,spatial-ipr-1.0.0,2026-09-15T13:36:55.039733+00:00
35016,2023,60.3085824493732,,,-0.06003853608357351,0.836,0.9453465346534654,HL,NS,NS,False,False,True,,2,"['35006', '35026']",0.40409830535956714,-0.14925250576465265,49.85535197685632,spatial-ipr-1.0.0,2026-09-15T13:36:55.039733+00:00
35017,2023,52.88331726133076,,,0.010506649117782802,0.326,0.874601226993865,HH,NS,NS,False,False,True,,1,['35014'],0.0110354598193,0.9564281740278376,70.74252651880424,spatial-ipr-1.0.0,2026-09-15T13:36:55.039733+00:00
35019,2023,71.08968177434909,,,-0.36724208422143484,0.598,0.874601226993865,HL,NS,NS,False,False,True,,2,"['35002', '35022']",0.9748051382349154,-0.37845408712514594,45.525554484088715,spatial-ipr-1.0.0,2026-09-15T13:36:55.039733+00:00
35022,2023,41.735776277724206,,,-0.22970047374027208,0.562,0.874601226993865,LH,NS,NS,False,False,True,,2,"['35002', '35019']",-0.5790692797190743,0.3984831218518489,60.20250723240116,spatial-ipr-1.0.0,2026-09-15T13:36:55.039733+00:00
35026,2023,54.4069431051109,,,-0.020564999659466836,0.752,0.94,HL,NS,NS,False,False,True,,2,"['35011', '35016']",0.091689913839251,-0.22531271873283387,48.418514946962404,spatial-ipr-1.0.0,2026-09-15T13:36:55.039733+00:00
36008,2023,49.29604628736741,,,,,,,NS,NS,False,False,False,sin_vecinos_queen,0,[],,,,spatial-ipr-1.0.0,2026-09-15T13:36:55.039733+00:00
36026,2023,47.43490838958535,,,-0.10227682326870743,0.704,0.9110588235294118,LH,NS,NS,False,False,True,,1,['36038'],-0.27738078398621974,0.37040720431325813,59.67213114754098,spatial-ipr-1.0.0,2026-09-15T13:36:55.039733+00:00
36038,2023,59.67213114754098,,,-0.10227682326870743,0.8,0.9453465346534654,HL,NS,NS,False,False,True,,1,['36026'],0.37040720431325813,-0.27738078398621974,47.43490838958535,spatial-ipr-1.0.0,2026-09-15T13:36:55.039733+00:00
36045,2023,49.7589199614272,,,-0.08750547549047573,0.554,0.874601226993865,LH,NS,NS,False,False,True,,1,['36057'],-0.15435721804439603,0.5694909832232635,63.43297974927676,spatial-ipr-1.0.0,2026-09-15T13:36:55.039733+00:00
36057,2023,63.43297974927676,,,-0.08750547549047573,0.858,0.9453465346534654,HL,NS,NS,False,False,True,,1,['36045'],0.5694909832232635,-0.15435721804439603,49.7589199614272,spatial-ipr-1.0.0,2026-09-15T13:36:55.039733+00:00
36060,2023,58.80424300867888,,,,,,,NS,NS,False,False,False,sin_vecinos_queen,0,[],,,,spatial-ipr-1.0.0,2026-09-15T13:36:55.039733+00:00
37274,2023,53.095467695274834,,,,,,,NS,NS,False,False,False,sin_vecinos_queen,0,[],,,,spatial-ipr-1.0.0,2026-09-15T13:36:55.039733+00:00
38001,2023,84.74445515911282,,,0.29901136607210205,0.764,0.9442696629213483,HH,NS,NS,False,False,True,,2,"['38006', '38026']",1.697632397046626,0.17693860891097124,56.017357762777245,spatial-ipr-1.0.0,2026-09-15T13:36:55.039733+00:00
38006,2023,71.16682738669238,,,1.6542399165053796,0.098,0.5528205128205129,HH,NS,NS,False,False,True,,1,['38001'],0.9788889080587098,1.697632397046626,84.74445515911282,spatial-ipr-1.0.0,2026-09-15T13:36:55.039733+00:00
38011,2023,70.44358727097398,,,,,,,NS,NS,False,False,False,sin_vecinos_queen,0,[],,,,spatial-ipr-1.0.0,2026-09-15T13:36:55.039733+00:00
38017,2023,67.03953712632594,,,-0.47310311519677406,0.572,0.874601226993865,HL,NS,NS,False,False,True,,1,['38026'],0.7604072224856787,-0.6250116902367673,40.867888138862114,spatial-ipr-1.0.0,2026-09-15T13:36:55.039733+00:00
38023,2023,63.48119575699133,,,-0.1483600020402757,0.824,0.9453465346534654,HL,NS,NS,False,False,True,,1,['38038'],0.572043339363136,-0.2605352334630658,47.75313404050145,spatial-ipr-1.0.0,2026-09-15T13:36:55.039733+00:00
38026,2023,40.867888138862114,,,-0.7307563225004892,0.01,0.15714285714285714,LH,NS,LH,False,True,True,,4,"['38001', '38017', '38028', '38031']",-0.6250116902367673,1.1745270061798883,74.8625843780135,spatial-ipr-1.0.0,2026-09-15T13:36:55.039733+00:00
38028,2023,93.98264223722276,,,-0.6221155959933327,0.7,0.9110588235294118,HL,NS,NS,False,False,True,,2,"['38026', '38031']",2.1866638334460755,-0.2858035592477971,47.27579556412729,spatial-ipr-1.0.0,2026-09-15T13:36:55.039733+00:00
38031,2023,53.68370298939248,,,0.04151013794948734,0.264,0.8297142857142857,HH,NS,NS,False,False,True,,2,"['38026', '38028']",0.05340457174117308,0.7808260716046541,67.42526518804243,spatial-ipr-1.0.0,2026-09-15T13:36:55.039733+00:00
38038,2023,47.75313404050145,,,-0.14836000204027563,0.544,0.874601226993865,LH,NS,NS,False,False,True,,1,['38023'],-0.2605352334630658,0.572043339363136,63.48119575699133,spatial-ipr-1.0.0,2026-09-15T13:36:55.039733+00:00
39016,2023,27.830279652844744,,,-1.4660042661758568,0.24,0.7946268656716418,LH,NS,NS,False,False,True,,1,['39075'],-1.3151687904581193,1.1197789669796376,73.82835101253617,spatial-ipr-1.0.0,2026-09-15T13:36:55.039733+00:00
39020,2023,53.79942140790743,,,,,,,NS,NS,False,False,False,sin_vecinos_queen,0,[],,,,spatial-ipr-1.0.0,2026-09-15T13:36:55.039733+00:00
39075,2023,73.82835101253617,,,-1.4660042661758566,0.276,0.8552112676056338,HL,NS,NS,False,False,True,,1,['39016'],1.1197789669796376,-1.3151687904581193,27.830279652844744,spatial-ipr-1.0.0,2026-09-15T13:36:55.039733+00:00
39087,2023,39.09353905496625,,,,,,,NS,NS,False,False,False,sin_vecinos_queen,0,[],,,,spatial-ipr-1.0.0,2026-09-15T13:36:55.039733+00:00
40194,2023,51.39826422372227,,,,,,,NS,NS,False,False,False,sin_vecinos_queen,0,[],,,,spatial-ipr-1.0.0,2026-09-15T13:36:55.039733+00:00
41004,2023,43.15332690453231,,,0.1554621893038493,0.462,0.874601226993865,LL,NS,NS,False,False,True,,5,"['41024', '41038', '41069', '41091', '41095']",-0.5040300092068415,-0.3098467540853902,46.82160077145613,spatial-ipr-1.0.0,2026-09-15T13:36:55.039733+00:00
41021,2023,70.76181292189007,,,1.2511658818822047,0.196,0.7946268656716418,HH,NS,NS,False,False,True,,1,['41091'],0.9574491164837866,1.3127370911539495,77.47348119575699,spatial-ipr-1.0.0,2026-09-15T13:36:55.039733+00:00
41024,2023,32.42044358727098,,,-0.3323208086940825,0.596,0.874601226993865,LH,NS,NS,False,False,True,,3,"['41004', '41081', '41091']",-1.0721844859423177,0.3113626989442226,58.55673416907746,spatial-ipr-1.0.0,2026-09-15T13:36:55.039733+00:00
41034,2023,31.28254580520733,,,-0.5798241018869644,0.552,0.874601226993865,LH,NS,NS,False,False,True,,1,['41038'],-1.132420090843294,0.5143600906020317,62.391513982642245,spatial-ipr-1.0.0,2026-09-15T13:36:55.039733+00:00
41038,2023,62.391513982642245,,,-0.26910442023713554,0.226,0.7946268656716418,HL,NS,NS,False,False,True,,5,"['41004', '41034', '41069', '41091', '41095']",0.5143600906020317,-0.52557189502736,42.74638379942141,spatial-ipr-1.0.0,2026-09-15T13:36:55.039733+00:00
41039,2023,19.14175506268081,,,,,,,NS,NS,False,False,False,sin_vecinos_queen,0,[],,,,spatial-ipr-1.0.0,2026-09-15T13:36:55.039733+00:00
41053,2023,36.66345226615237,,,-0.09114333572279705,0.868,0.9453465346534654,LH,NS,NS,False,False,True,,2,"['11006', '11020']",-0.8475771456335939,0.10802499313443104,54.71552555448409,spatial-ipr-1.0.0,2026-09-15T13:36:55.039733+00:00
41059,2023,39.83606557377049,,,,,,,NS,NS,False,False,False,sin_vecinos_queen,0,[],,,,spatial-ipr-1.0.0,2026-09-15T13:36:55.039733+00:00
41065,2023,19.54676952748313,,,,,,,NS,NS,False,False,False,sin_vecinos_queen,0,[],,,,spatial-ipr-1.0.0,2026-09-15T13:36:55.039733+00:00
41069,2023,25.47733847637416,,,0.4080226957761215,0.632,0.874601226993865,LL,NS,NS,False,False,True,,3,"['41004', '41038', '41095']",-1.4397237700838659,-0.2846975382538528,47.29668916747027,spatial-ipr-1.0.0,2026-09-15T13:36:55.039733+00:00
41081,2023,55.04339440694311,,,0.015011817774275339,0.852,0.9453465346534654,HH,NS,NS,False,False,True,,2,"['41024', '41091']",0.12538101488555967,0.1202763026058159,54.946962391513985,spatial-ipr-1.0.0,2026-09-15T13:36:55.039733+00:00
41091,2023,77.47348119575699,,,0.005482090545766569,0.998,0.998,HH,NS,NS,False,False,True,,5,"['41004', '41021', '41024', '41038', '41081']",1.3127370911539495,0.004195145364443761,52.754098360655746,spatial-ipr-1.0.0,2026-09-15T13:36:55.039733+00:00
41095,2023,36.34522661523626,,,0.4099946603451658,0.432,0.874601226993865,LL,NS,NS,False,False,True,,3,"['41004', '41038', '41069']",-0.8644226961567486,-0.4764645628962252,43.67405978784957,spatial-ipr-1.0.0,2026-09-15T13:36:55.039733+00:00
42173,2023,46.374156219865,,,,,,,NS,NS,False,False,False,sin_vecinos_queen,0,[],,,,spatial-ipr-1.0.0,2026-09-15T13:36:55.039733+00:00
43038,2023,65.26518804243008,,,0.33346327557532346,0.55,0.874601226993865,HH,NS,NS,False,False,True,,1,['43905'],0.666480516538394,0.5026192523586207,62.169720347155256,spatial-ipr-1.0.0,2026-09-15T13:36:55.039733+00:00
43123,2023,41.24397299903568,,,-0.2615513069047065,0.604,0.874601226993865,LH,NS,NS,False,False,True,,1,['43148'],-0.6051033123457675,0.43421610781005443,60.87753134040501,spatial-ipr-1.0.0,2026-09-15T13:36:55.039733+00:00
43148,2023,60.87753134040501,,,-0.2615513069047065,0.598,0.874601226993865,HL,NS,NS,False,False,True,,1,['43123'],0.43421610781005443,-0.6051033123457675,41.24397299903568,spatial-ipr-1.0.0,2026-09-15T13:36:55.039733+00:00
43155,2023,18.881388621022182,,,,,,,NS,NS,False,False,False,sin_vecinos_queen,0,[],,,,spatial-ipr-1.0.0,2026-09-15T13:36:55.039733+00:00
43163,2023,68.35101253616202,,,,,,,NS,NS,False,False,False,sin_vecinos_queen,0,[],,,,spatial-ipr-1.0.0,2026-09-15T13:36:55.039733+00:00
43905,2023,62.169720347155256,,,0.3334632755753235,0.45,0.874601226993865,HH,NS,NS,False,False,True,,1,['43038'],0.5026192523586207,0.666480516538394,65.26518804243008,spatial-ipr-1.0.0,2026-09-15T13:36:55.039733+00:00
44216,2023,27.88813886210222,,,,,,,NS,NS,False,False,False,sin_vecinos_queen,0,[],,,,spatial-ipr-1.0.0,2026-09-15T13:36:55.039733+00:00
45081,2023,32.70973963355834,,,,,,,NS,NS,False,False,False,sin_vecinos_queen,0,[],,,,spatial-ipr-1.0.0,2026-09-15T13:36:55.039733+00:00
45165,2023,36.61523625843781,,,,,,,NS,NS,False,False,False,sin_vecinos_queen,0,[],,,,spatial-ipr-1.0.0,2026-09-15T13:36:55.039733+00:00
45168,2023,57.01060752169721,,,-0.03445018796852757,0.884,0.9533333333333333,HL,NS,NS,False,False,True,,1,['28013'],0.22951714539233184,-0.15078391944857575,49.82642237222758,spatial-ipr-1.0.0,2026-09-15T13:36:55.039733+00:00
46005,2023,39.09353905496625,,,0.22542582691999355,0.618,0.874601226993865,LL,NS,NS,False,False,True,,3,"['46021', '46110', '46244']",-0.7189383961840523,-0.3149854977803321,46.724525875924144,spatial-ipr-1.0.0,2026-09-15T13:36:55.039733+00:00
46017,2023,25.593056894889106,,,2.3416262984900755,0.172,0.7568,LL,NS,NS,False,False,True,,1,['46029'],-1.4335981153481736,-1.6408494339057687,21.677917068466737,spatial-ipr-1.0.0,2026-09-15T13:36:55.039733+00:00
46021,2023,41.63934426229509,,,0.1497250074650115,0.596,0.874601226993865,LL,NS,NS,False,False,True,,4,"['46005', '46102', '46110', '46244']",-0.5841739919988177,-0.2574724060952195,47.81099324975892,spatial-ipr-1.0.0,2026-09-15T13:36:55.039733+00:00
46029,2023,21.677917068466737,,,2.341626298490076,0.234,0.7946268656716418,LL,NS,NS,False,False,True,,1,['46017'],-1.6408494339057687,-1.4335981153481736,25.593056894889106,spatial-ipr-1.0.0,2026-09-15T13:36:55.039733+00:00
46078,2023,52.0443587270974,,,-0.026764583436108234,0.242,0.7946268656716418,LH,NS,NS,False,False,True,,2,"['46190', '46250']",-0.0333755370144699,0.8055839261614108,67.89296046287367,spatial-ipr-1.0.0,2026-09-15T13:36:55.039733+00:00
46094,2023,41.571841851494696,,,-0.34708323323560203,0.394,0.874601226993865,LH,NS,NS,False,False,True,,2,"['46244', '46250']",-0.5877472905946387,0.5932278953240722,63.88138862102218,spatial-ipr-1.0.0,2026-09-15T13:36:55.039733+00:00
46102,2023,53.6162005785921,,,0.01054952498721023,0.654,0.8773170731707318,HH,NS,NS,False,False,True,,6,"['46021', '46110', '46159', '46169', '46190', '46250']",0.049831273145352795,0.21267159486917747,56.692381870781105,spatial-ipr-1.0.0,2026-09-15T13:36:55.039733+00:00
46110,2023,47.15525554484089,,,-0.02167987319335459,0.868,0.9453465346534654,LH,NS,NS,False,False,True,,5,"['46005', '46021', '46102', '46169', '46250']",-0.29218444959747686,0.07453808057931238,54.082931533269054,spatial-ipr-1.0.0,2026-09-15T13:36:55.039733+00:00
46131,2023,59.2092574734812,,,,,,,NS,NS,False,False,False,sin_vecinos_queen,0,[],,,,spatial-ipr-1.0.0,2026-09-15T13:36:55.039733+00:00
46145,2023,49.95178399228544,,,,,,,NS,NS,False,False,False,sin_vecinos_queen,0,[],,,,spatial-ipr-1.0.0,2026-09-15T13:36:55.039733+00:00
46159,2023,55.89199614271939,,,0.03440962325685459,0.758,0.9421468926553673,HH,NS,NS,False,False,True,,2,"['46102', '46190']",0.17030248294730482,0.2029726415376643,56.509161041465774,spatial-ipr-1.0.0,2026-09-15T13:36:55.039733+00:00
46169,2023,59.6817743490839,,,0.12464039146897618,0.546,0.874601226993865,HH,NS,NS,False,False,True,,3,"['46102', '46110', '46250']",0.37091767554123295,0.3375668886469073,59.0517518482803,spatial-ipr-1.0.0,2026-09-15T13:36:55.039733+00:00
46181,2023,66.40308582449374,,,1.3314879255223289,0.062,0.44,HH,NS,NS,False,False,True,,1,['03063'],0.7267161214393708,1.840564340879451,87.44455159112826,spatial-ipr-1.0.0,2026-09-15T13:36:55.039733+00:00
46184,2023,41.40790742526519,,,,,,,NS,NS,False,False,False,sin_vecinos_queen,0,[],,,,spatial-ipr-1.0.0,2026-09-15T13:36:55.039733+00:00
46190,2023,59.40212150433944,,,0.12777890338171838,0.472,0.874601226993865,HH,NS,NS,False,False,True,,4,"['46078', '46102', '46159', '46250']",0.3561140099299758,0.3604530153677584,59.4840887174542,spatial-ipr-1.0.0,2026-09-15T13:36:55.039733+00:00
46220,2023,49.50819672131148,,,0.35583383944682806,0.04,0.36666666666666664,LL,NS,LL,False,True,True,,1,['12126'],-0.1676294699717301,-2.1324332264450896,12.391513982642238,spatial-ipr-1.0.0,2026-09-15T13:36:55.039733+00:00
46235,2023,30.665380906460943,,,-1.4556043988575733,0.21,0.7946268656716418,LH,NS,NS,False,False,True,,1,['46250'],-1.165090249433654,1.255053842392846,76.38379942140791,spatial-ipr-1.0.0,2026-09-15T13:36:55.039733+00:00
46244,2023,51.37897782063646,,,0.04303990080151233,0.332,0.874601226993865,LL,NS,NS,False,False,True,,3,"['46005', '46021', '46094']",-0.06859805174470165,-0.6302865595925029,40.768241722918674,spatial-ipr-1.0.0,2026-09-15T13:36:55.039733+00:00
46250,2023,76.38379942140791,,,-0.23229585413801637,0.644,0.874601226993865,HL,NS,NS,False,False,True,,7,"['46078', '46094', '46102', '46110', '46169', '46190', '46235']",1.255053842392846,-0.18593350971766823,49.162419065987045,spatial-ipr-1.0.0,2026-09-15T13:36:55.039733+00:00
47186,2023,43.78977820636452,,,,,,,NS,NS,False,False,False,sin_vecinos_queen,0,[],,,,spatial-ipr-1.0.0,2026-09-15T13:36:55.039733+00:00
48013,2023,55.9787849566056,,,0.055956641237727145,0.648,0.874601226993865,HH,NS,NS,False,False,True,,2,"['48020', '48084']",0.17489672399907408,0.32140196642771857,58.74638379942141,spatial-ipr-1.0.0,2026-09-15T13:36:55.039733+00:00
48015,2023,54.175506268081,,,0.00745244497051207,0.88,0.9533333333333333,HH,NS,NS,False,False,True,,2,"['48020', '48036']",0.07943860436786593,0.09424226997912308,54.45515911282546,spatial-ipr-1.0.0,2026-09-15T13:36:55.039733+00:00
48020,2023,65.36162005785921,,,-0.05097903135899811,0.938,0.9826666666666667,HL,NS,NS,False,False,True,,3,"['48013', '48015', '48036']",0.6715852288181382,-0.07625512016431735,51.23432979749277,spatial-ipr-1.0.0,2026-09-15T13:36:55.039733+00:00
48027,2023,42.9893924783028,,,,,,,NS,NS,False,False,False,sin_vecinos_queen,0,[],,,,spatial-ipr-1.0.0,2026-09-15T13:36:55.039733+00:00
48036,2023,43.54869816779171,,,-0.18058547437399045,0.59,0.874601226993865,LH,NS,NS,False,False,True,,2,"['48015', '48020']",-0.48310068885989205,0.3755119165930021,59.76856316297011,spatial-ipr-1.0.0,2026-09-15T13:36:55.039733+00:00
48044,2023,64.65766634522662,,,0.06240908464075219,0.864,0.9453465346534654,HH,NS,NS,False,False,True,,2,"['48054', '48078']",0.6343208291760088,0.09883651103089233,54.54194792671167,spatial-ipr-1.0.0,2026-09-15T13:36:55.039733+00:00
48054,2023,51.996142719382846,,,-0.010003836505473209,0.624,0.874601226993865,LH,NS,NS,False,False,True,,3,"['48044', '48078', '48084']",-0.035927893154341584,0.27971348280981134,57.9588556734169,spatial-ipr-1.0.0,2026-09-15T13:36:55.039733+00:00
48078,2023,57.0877531340405,,,0.03696080941130886,0.75,0.94,HH,NS,NS,False,False,True,,4,"['48044', '48054', '48082', '48084']",0.23360091521612625,0.15894449812487466,55.677434908389586,spatial-ipr-1.0.0,2026-09-15T13:36:55.039733+00:00
48082,2023,53.92478302796528,,,0.015386263575318282,0.812,0.9453465346534654,HH,NS,NS,False,False,True,,1,['48078'],0.06616635244053226,0.23360091521612625,57.0877531340405,spatial-ipr-1.0.0,2026-09-15T13:36:55.039733+00:00
48084,2023,52.131147540983605,,,-0.003558099678878151,0.802,0.9453465346534654,LH,NS,NS,False,False,True,,3,"['48013', '48054', '48078']",-0.028781295962701015,0.12418991535361956,55.020893603342984,spatial-ipr-1.0.0,2026-09-15T13:36:55.039733+00:00
49275,2023,36.83702989392479,,,,,,,NS,NS,False,False,False,sin_vecinos_queen,0,[],,,,spatial-ipr-1.0.0,2026-09-15T13:36:55.039733+00:00
50297,2023,39.72999035679846,,,,,,,NS,NS,False,False,False,sin_vecinos_queen,0,[],,,,spatial-ipr-1.0.0,2026-09-15T13:36:55.039733+00:00
51001,2023,34.35872709739634,,,,,,,NS,NS,False,False,False,sin_vecinos_queen,0,[],,,,spatial-ipr-1.0.0,2026-09-15T13:36:55.039733+00:00
52001,2023,44.04050144648024,,,,,,,NS,NS,False,False,False,sin_vecinos_queen,0,[],,,,spatial-ipr-1.0.0,2026-09-15T13:36:55.039733+00:00
